algorithm,pages,page_count,repetition,payload_characters,payload_bits,serialized_data_bits,codeword_bits,redundancy_bits,overhead_percentage,configured_error_probability_percent,effective_error_probability_percent,configured_average_flips,actual_flips,round_trip_nanoseconds,round_trip_milliseconds,recovered_message_matches,status
HAMMING,13,1,1,543,4344,4496,6744,2248,50.0,0.0,0.0,0,0,3238459,3.238459,True,CLEAN
HAMMING,13,1,2,543,4344,4496,6744,2248,50.0,0.0,0.0,0,0,3221375,3.221375,True,CLEAN
HAMMING,13,1,3,543,4344,4496,6744,2248,50.0,0.0,0.0,0,0,3268833,3.268833,True,CLEAN
HAMMING,13,1,4,543,4344,4496,6744,2248,50.0,0.0,0.0,0,0,3261041,3.261041,True,CLEAN
HAMMING,13,1,5,543,4344,4496,6744,2248,50.0,0.0,0.0,0,0,3105833,3.105833,True,CLEAN
HAMMING,13,1,6,543,4344,4496,6744,2248,50.0,0.0,0.0,0,0,3173250,3.17325,True,CLEAN
HAMMING,13,1,7,543,4344,4496,6744,2248,50.0,0.0,0.0,0,0,3104292,3.104292,True,CLEAN
HAMMING,13,1,8,543,4344,4496,6744,2248,50.0,0.0,0.0,0,0,2993916,2.993916,True,CLEAN
HAMMING,13,1,9,543,4344,4496,6744,2248,50.0,0.0,0.0,0,0,2897625,2.897625,True,CLEAN
HAMMING,13,1,10,543,4344,4496,6744,2248,50.0,0.0,0.0,0,0,2792500,2.7925,True,CLEAN
HAMMING,13,1,11,543,4344,4496,6744,2248,50.0,0.0,0.0,0,0,2827166,2.827166,True,CLEAN
HAMMING,13,1,12,543,4344,4496,6744,2248,50.0,0.0,0.0,0,0,2831083,2.831083,True,CLEAN
HAMMING,13,1,13,543,4344,4496,6744,2248,50.0,0.0,0.0,0,0,2769750,2.76975,True,CLEAN
HAMMING,13,1,14,543,4344,4496,6744,2248,50.0,0.0,0.0,0,0,2744291,2.744291,True,CLEAN
HAMMING,13,1,15,543,4344,4496,6744,2248,50.0,0.0,0.0,0,0,2717584,2.717584,True,CLEAN
HAMMING,13,1,16,543,4344,4496,6744,2248,50.0,0.0,0.0,0,0,2743292,2.743292,True,CLEAN
HAMMING,13,1,17,543,4344,4496,6744,2248,50.0,0.0,0.0,0,0,2782083,2.782083,True,CLEAN
HAMMING,13,1,18,543,4344,4496,6744,2248,50.0,0.0,0.0,0,0,2782375,2.782375,True,CLEAN
HAMMING,13,1,19,543,4344,4496,6744,2248,50.0,0.0,0.0,0,0,2866333,2.866333,True,CLEAN
HAMMING,13,1,20,543,4344,4496,6744,2248,50.0,0.0,0.0,0,0,2768875,2.768875,True,CLEAN
HAMMING,13,1,21,543,4344,4496,6744,2248,50.0,0.0,0.0,0,0,2784750,2.78475,True,CLEAN
HAMMING,13,1,22,543,4344,4496,6744,2248,50.0,0.0,0.0,0,0,2765792,2.765792,True,CLEAN
HAMMING,13,1,23,543,4344,4496,6744,2248,50.0,0.0,0.0,0,0,2779625,2.779625,True,CLEAN
HAMMING,13,1,24,543,4344,4496,6744,2248,50.0,0.0,0.0,0,0,2798625,2.798625,True,CLEAN
HAMMING,13,1,25,543,4344,4496,6744,2248,50.0,0.0,0.0,0,0,2807959,2.807959,True,CLEAN
HAMMING,13,1,26,543,4344,4496,6744,2248,50.0,0.0,0.0,0,0,2777708,2.777708,True,CLEAN
HAMMING,13,1,27,543,4344,4496,6744,2248,50.0,0.0,0.0,0,0,2774125,2.774125,True,CLEAN
HAMMING,13,1,28,543,4344,4496,6744,2248,50.0,0.0,0.0,0,0,2779334,2.779334,True,CLEAN
HAMMING,13,1,29,543,4344,4496,6744,2248,50.0,0.0,0.0,0,0,2777000,2.777,True,CLEAN
HAMMING,13,1,30,543,4344,4496,6744,2248,50.0,0.0,0.0,0,0,2770458,2.770458,True,CLEAN
HAMMING,13,1,31,543,4344,4496,6744,2248,50.0,0.0,0.0,0,0,2729583,2.729583,True,CLEAN
HAMMING,13,1,32,543,4344,4496,6744,2248,50.0,0.0,0.0,0,0,2773750,2.77375,True,CLEAN
HAMMING,13,1,33,543,4344,4496,6744,2248,50.0,0.0,0.0,0,0,2678542,2.678542,True,CLEAN
HAMMING,13,1,34,543,4344,4496,6744,2248,50.0,0.0,0.0,0,0,2705625,2.705625,True,CLEAN
HAMMING,13,1,35,543,4344,4496,6744,2248,50.0,0.0,0.0,0,0,2712792,2.712792,True,CLEAN
HAMMING,13,1,36,543,4344,4496,6744,2248,50.0,0.0,0.0,0,0,2655667,2.655667,True,CLEAN
HAMMING,13,1,37,543,4344,4496,6744,2248,50.0,0.0,0.0,0,0,2669250,2.66925,True,CLEAN
HAMMING,13,1,38,543,4344,4496,6744,2248,50.0,0.0,0.0,0,0,2657333,2.657333,True,CLEAN
HAMMING,13,1,39,543,4344,4496,6744,2248,50.0,0.0,0.0,0,0,2627416,2.627416,True,CLEAN
HAMMING,13,1,40,543,4344,4496,6744,2248,50.0,0.0,0.0,0,0,2633125,2.633125,True,CLEAN
HAMMING,13,1,41,543,4344,4496,6744,2248,50.0,0.0,0.0,0,0,2512667,2.512667,True,CLEAN
HAMMING,13,1,42,543,4344,4496,6744,2248,50.0,0.0,0.0,0,0,2502750,2.50275,True,CLEAN
HAMMING,13,1,43,543,4344,4496,6744,2248,50.0,0.0,0.0,0,0,2558833,2.558833,True,CLEAN
HAMMING,13,1,44,543,4344,4496,6744,2248,50.0,0.0,0.0,0,0,2555000,2.555,True,CLEAN
HAMMING,13,1,45,543,4344,4496,6744,2248,50.0,0.0,0.0,0,0,2560958,2.560958,True,CLEAN
HAMMING,13,1,46,543,4344,4496,6744,2248,50.0,0.0,0.0,0,0,2570417,2.570417,True,CLEAN
HAMMING,13,1,47,543,4344,4496,6744,2248,50.0,0.0,0.0,0,0,2567666,2.567666,True,CLEAN
HAMMING,13,1,48,543,4344,4496,6744,2248,50.0,0.0,0.0,0,0,2608458,2.608458,True,CLEAN
HAMMING,13,1,49,543,4344,4496,6744,2248,50.0,0.0,0.0,0,0,2628167,2.628167,True,CLEAN
HAMMING,13,1,50,543,4344,4496,6744,2248,50.0,0.0,0.0,0,0,2590416,2.590416,True,CLEAN
HAMMING,13,1,51,543,4344,4496,6744,2248,50.0,0.0,0.0,0,0,2561208,2.561208,True,CLEAN
HAMMING,13,1,52,543,4344,4496,6744,2248,50.0,0.0,0.0,0,0,2580250,2.58025,True,CLEAN
HAMMING,13,1,53,543,4344,4496,6744,2248,50.0,0.0,0.0,0,0,2624167,2.624167,True,CLEAN
HAMMING,13,1,54,543,4344,4496,6744,2248,50.0,0.0,0.0,0,0,2587666,2.587666,True,CLEAN
HAMMING,13,1,55,543,4344,4496,6744,2248,50.0,0.0,0.0,0,0,2519959,2.519959,True,CLEAN
HAMMING,13,1,56,543,4344,4496,6744,2248,50.0,0.0,0.0,0,0,2484458,2.484458,True,CLEAN
HAMMING,13,1,57,543,4344,4496,6744,2248,50.0,0.0,0.0,0,0,2513416,2.513416,True,CLEAN
HAMMING,13,1,58,543,4344,4496,6744,2248,50.0,0.0,0.0,0,0,2601292,2.601292,True,CLEAN
HAMMING,13,1,59,543,4344,4496,6744,2248,50.0,0.0,0.0,0,0,2492042,2.492042,True,CLEAN
HAMMING,13,1,60,543,4344,4496,6744,2248,50.0,0.0,0.0,0,0,2559125,2.559125,True,CLEAN
HAMMING,13,1,61,543,4344,4496,6744,2248,50.0,0.0,0.0,0,0,2592875,2.592875,True,CLEAN
HAMMING,13,1,62,543,4344,4496,6744,2248,50.0,0.0,0.0,0,0,2524417,2.524417,True,CLEAN
HAMMING,13,1,63,543,4344,4496,6744,2248,50.0,0.0,0.0,0,0,2569084,2.569084,True,CLEAN
HAMMING,13,1,64,543,4344,4496,6744,2248,50.0,0.0,0.0,0,0,2566833,2.566833,True,CLEAN
HAMMING,13,1,65,543,4344,4496,6744,2248,50.0,0.0,0.0,0,0,2562042,2.562042,True,CLEAN
HAMMING,13,1,66,543,4344,4496,6744,2248,50.0,0.0,0.0,0,0,3254834,3.254834,True,CLEAN
HAMMING,13,1,67,543,4344,4496,6744,2248,50.0,0.0,0.0,0,0,2558209,2.558209,True,CLEAN
HAMMING,13,1,68,543,4344,4496,6744,2248,50.0,0.0,0.0,0,0,2489000,2.489,True,CLEAN
HAMMING,13,1,69,543,4344,4496,6744,2248,50.0,0.0,0.0,0,0,2540583,2.540583,True,CLEAN
HAMMING,13,1,70,543,4344,4496,6744,2248,50.0,0.0,0.0,0,0,2559000,2.559,True,CLEAN
HAMMING,13,1,71,543,4344,4496,6744,2248,50.0,0.0,0.0,0,0,2590333,2.590333,True,CLEAN
HAMMING,13,1,72,543,4344,4496,6744,2248,50.0,0.0,0.0,0,0,2599416,2.599416,True,CLEAN
HAMMING,13,1,73,543,4344,4496,6744,2248,50.0,0.0,0.0,0,0,2560084,2.560084,True,CLEAN
HAMMING,13,1,74,543,4344,4496,6744,2248,50.0,0.0,0.0,0,0,2570125,2.570125,True,CLEAN
HAMMING,13,1,75,543,4344,4496,6744,2248,50.0,0.0,0.0,0,0,2561917,2.561917,True,CLEAN
HAMMING,13,1,76,543,4344,4496,6744,2248,50.0,0.0,0.0,0,0,2546333,2.546333,True,CLEAN
HAMMING,13,1,77,543,4344,4496,6744,2248,50.0,0.0,0.0,0,0,2622459,2.622459,True,CLEAN
HAMMING,13,1,78,543,4344,4496,6744,2248,50.0,0.0,0.0,0,0,2587667,2.587667,True,CLEAN
HAMMING,13,1,79,543,4344,4496,6744,2248,50.0,0.0,0.0,0,0,2612708,2.612708,True,CLEAN
HAMMING,13,1,80,543,4344,4496,6744,2248,50.0,0.0,0.0,0,0,2620209,2.620209,True,CLEAN
HAMMING,13,1,81,543,4344,4496,6744,2248,50.0,0.0,0.0,0,0,2624334,2.624334,True,CLEAN
HAMMING,13,1,82,543,4344,4496,6744,2248,50.0,0.0,0.0,0,0,2607708,2.607708,True,CLEAN
HAMMING,13,1,83,543,4344,4496,6744,2248,50.0,0.0,0.0,0,0,2590417,2.590417,True,CLEAN
HAMMING,13,1,84,543,4344,4496,6744,2248,50.0,0.0,0.0,0,0,2601709,2.601709,True,CLEAN
HAMMING,13,1,85,543,4344,4496,6744,2248,50.0,0.0,0.0,0,0,2573959,2.573959,True,CLEAN
HAMMING,13,1,86,543,4344,4496,6744,2248,50.0,0.0,0.0,0,0,2581333,2.581333,True,CLEAN
HAMMING,13,1,87,543,4344,4496,6744,2248,50.0,0.0,0.0,0,0,2451167,2.451167,True,CLEAN
HAMMING,13,1,88,543,4344,4496,6744,2248,50.0,0.0,0.0,0,0,2495250,2.49525,True,CLEAN
HAMMING,13,1,89,543,4344,4496,6744,2248,50.0,0.0,0.0,0,0,2582958,2.582958,True,CLEAN
HAMMING,13,1,90,543,4344,4496,6744,2248,50.0,0.0,0.0,0,0,2585458,2.585458,True,CLEAN
HAMMING,13,1,91,543,4344,4496,6744,2248,50.0,0.0,0.0,0,0,2577208,2.577208,True,CLEAN
HAMMING,13,1,92,543,4344,4496,6744,2248,50.0,0.0,0.0,0,0,2563791,2.563791,True,CLEAN
HAMMING,13,1,93,543,4344,4496,6744,2248,50.0,0.0,0.0,0,0,2594042,2.594042,True,CLEAN
HAMMING,13,1,94,543,4344,4496,6744,2248,50.0,0.0,0.0,0,0,2655417,2.655417,True,CLEAN
HAMMING,13,1,95,543,4344,4496,6744,2248,50.0,0.0,0.0,0,0,2620291,2.620291,True,CLEAN
HAMMING,13,1,96,543,4344,4496,6744,2248,50.0,0.0,0.0,0,0,2575375,2.575375,True,CLEAN
HAMMING,13,1,97,543,4344,4496,6744,2248,50.0,0.0,0.0,0,0,2585042,2.585042,True,CLEAN
HAMMING,13,1,98,543,4344,4496,6744,2248,50.0,0.0,0.0,0,0,2598500,2.5985,True,CLEAN
HAMMING,13,1,99,543,4344,4496,6744,2248,50.0,0.0,0.0,0,0,2600042,2.600042,True,CLEAN
HAMMING,13,1,100,543,4344,4496,6744,2248,50.0,0.0,0.0,0,0,2473917,2.473917,True,CLEAN
HAMMING,13,1,1,543,4344,4496,6744,2248,50.0,0.01,0.01482799525504152,1,2,2565333,2.565333,True,HAMMING_CORRECTED
HAMMING,13,1,2,543,4344,4496,6744,2248,50.0,0.01,0.01482799525504152,1,1,2633875,2.633875,True,HAMMING_CORRECTED
HAMMING,13,1,3,543,4344,4496,6744,2248,50.0,0.01,0.01482799525504152,1,0,2643083,2.643083,True,CLEAN
HAMMING,13,1,4,543,4344,4496,6744,2248,50.0,0.01,0.01482799525504152,1,0,2674375,2.674375,True,CLEAN
HAMMING,13,1,5,543,4344,4496,6744,2248,50.0,0.01,0.01482799525504152,1,1,2681709,2.681709,True,HAMMING_CORRECTED
HAMMING,13,1,6,543,4344,4496,6744,2248,50.0,0.01,0.01482799525504152,1,1,2758333,2.758333,True,HAMMING_CORRECTED
HAMMING,13,1,7,543,4344,4496,6744,2248,50.0,0.01,0.01482799525504152,1,0,2724583,2.724583,True,CLEAN
HAMMING,13,1,8,543,4344,4496,6744,2248,50.0,0.01,0.01482799525504152,1,0,2705541,2.705541,True,CLEAN
HAMMING,13,1,9,543,4344,4496,6744,2248,50.0,0.01,0.01482799525504152,1,0,2677208,2.677208,True,CLEAN
HAMMING,13,1,10,543,4344,4496,6744,2248,50.0,0.01,0.01482799525504152,1,1,2684417,2.684417,True,HAMMING_CORRECTED
HAMMING,13,1,11,543,4344,4496,6744,2248,50.0,0.01,0.01482799525504152,1,0,2657708,2.657708,True,CLEAN
HAMMING,13,1,12,543,4344,4496,6744,2248,50.0,0.01,0.01482799525504152,1,0,2688083,2.688083,True,CLEAN
HAMMING,13,1,13,543,4344,4496,6744,2248,50.0,0.01,0.01482799525504152,1,3,2692542,2.692542,True,HAMMING_CORRECTED
HAMMING,13,1,14,543,4344,4496,6744,2248,50.0,0.01,0.01482799525504152,1,1,2682916,2.682916,True,HAMMING_CORRECTED
HAMMING,13,1,15,543,4344,4496,6744,2248,50.0,0.01,0.01482799525504152,1,1,2594542,2.594542,True,HAMMING_CORRECTED
HAMMING,13,1,16,543,4344,4496,6744,2248,50.0,0.01,0.01482799525504152,1,1,2562333,2.562333,True,HAMMING_CORRECTED
HAMMING,13,1,17,543,4344,4496,6744,2248,50.0,0.01,0.01482799525504152,1,2,2595584,2.595584,True,HAMMING_CORRECTED
HAMMING,13,1,18,543,4344,4496,6744,2248,50.0,0.01,0.01482799525504152,1,0,2899542,2.899542,True,CLEAN
HAMMING,13,1,19,543,4344,4496,6744,2248,50.0,0.01,0.01482799525504152,1,0,2689083,2.689083,True,CLEAN
HAMMING,13,1,20,543,4344,4496,6744,2248,50.0,0.01,0.01482799525504152,1,1,2630333,2.630333,True,HAMMING_CORRECTED
HAMMING,13,1,21,543,4344,4496,6744,2248,50.0,0.01,0.01482799525504152,1,0,2644375,2.644375,True,CLEAN
HAMMING,13,1,22,543,4344,4496,6744,2248,50.0,0.01,0.01482799525504152,1,2,2615292,2.615292,True,HAMMING_CORRECTED
HAMMING,13,1,23,543,4344,4496,6744,2248,50.0,0.01,0.01482799525504152,1,0,2605959,2.605959,True,CLEAN
HAMMING,13,1,24,543,4344,4496,6744,2248,50.0,0.01,0.01482799525504152,1,1,2614417,2.614417,True,HAMMING_CORRECTED
HAMMING,13,1,25,543,4344,4496,6744,2248,50.0,0.01,0.01482799525504152,1,2,2636083,2.636083,True,HAMMING_CORRECTED
HAMMING,13,1,26,543,4344,4496,6744,2248,50.0,0.01,0.01482799525504152,1,1,2654209,2.654209,True,HAMMING_CORRECTED
HAMMING,13,1,27,543,4344,4496,6744,2248,50.0,0.01,0.01482799525504152,1,1,2604167,2.604167,True,HAMMING_CORRECTED
HAMMING,13,1,28,543,4344,4496,6744,2248,50.0,0.01,0.01482799525504152,1,2,2677125,2.677125,True,HAMMING_CORRECTED
HAMMING,13,1,29,543,4344,4496,6744,2248,50.0,0.01,0.01482799525504152,1,1,2619584,2.619584,True,HAMMING_CORRECTED
HAMMING,13,1,30,543,4344,4496,6744,2248,50.0,0.01,0.01482799525504152,1,1,2603500,2.6035,True,HAMMING_CORRECTED
HAMMING,13,1,31,543,4344,4496,6744,2248,50.0,0.01,0.01482799525504152,1,2,2608041,2.608041,True,HAMMING_CORRECTED
HAMMING,13,1,32,543,4344,4496,6744,2248,50.0,0.01,0.01482799525504152,1,1,2625292,2.625292,True,HAMMING_CORRECTED
HAMMING,13,1,33,543,4344,4496,6744,2248,50.0,0.01,0.01482799525504152,1,0,2607542,2.607542,True,CLEAN
HAMMING,13,1,34,543,4344,4496,6744,2248,50.0,0.01,0.01482799525504152,1,0,2651459,2.651459,True,CLEAN
HAMMING,13,1,35,543,4344,4496,6744,2248,50.0,0.01,0.01482799525504152,1,1,2565917,2.565917,True,HAMMING_CORRECTED
HAMMING,13,1,36,543,4344,4496,6744,2248,50.0,0.01,0.01482799525504152,1,0,2678500,2.6785,True,CLEAN
HAMMING,13,1,37,543,4344,4496,6744,2248,50.0,0.01,0.01482799525504152,1,1,2630667,2.630667,True,HAMMING_CORRECTED
HAMMING,13,1,38,543,4344,4496,6744,2248,50.0,0.01,0.01482799525504152,1,0,2584041,2.584041,True,CLEAN
HAMMING,13,1,39,543,4344,4496,6744,2248,50.0,0.01,0.01482799525504152,1,0,2524292,2.524292,True,CLEAN
HAMMING,13,1,40,543,4344,4496,6744,2248,50.0,0.01,0.01482799525504152,1,0,2569833,2.569833,True,CLEAN
HAMMING,13,1,41,543,4344,4496,6744,2248,50.0,0.01,0.01482799525504152,1,0,2586625,2.586625,True,CLEAN
HAMMING,13,1,42,543,4344,4496,6744,2248,50.0,0.01,0.01482799525504152,1,0,2574917,2.574917,True,CLEAN
HAMMING,13,1,43,543,4344,4496,6744,2248,50.0,0.01,0.01482799525504152,1,4,2606000,2.606,True,HAMMING_CORRECTED
HAMMING,13,1,44,543,4344,4496,6744,2248,50.0,0.01,0.01482799525504152,1,0,2571625,2.571625,True,CLEAN
HAMMING,13,1,45,543,4344,4496,6744,2248,50.0,0.01,0.01482799525504152,1,1,2625125,2.625125,True,HAMMING_CORRECTED
HAMMING,13,1,46,543,4344,4496,6744,2248,50.0,0.01,0.01482799525504152,1,0,2621334,2.621334,True,CLEAN
HAMMING,13,1,47,543,4344,4496,6744,2248,50.0,0.01,0.01482799525504152,1,4,2595792,2.595792,True,HAMMING_CORRECTED
HAMMING,13,1,48,543,4344,4496,6744,2248,50.0,0.01,0.01482799525504152,1,1,2603958,2.603958,True,HAMMING_CORRECTED
HAMMING,13,1,49,543,4344,4496,6744,2248,50.0,0.01,0.01482799525504152,1,3,2658541,2.658541,True,HAMMING_CORRECTED
HAMMING,13,1,50,543,4344,4496,6744,2248,50.0,0.01,0.01482799525504152,1,0,3004875,3.004875,True,CLEAN
HAMMING,13,1,51,543,4344,4496,6744,2248,50.0,0.01,0.01482799525504152,1,2,2449417,2.449417,True,HAMMING_CORRECTED
HAMMING,13,1,52,543,4344,4496,6744,2248,50.0,0.01,0.01482799525504152,1,1,2479167,2.479167,True,HAMMING_CORRECTED
HAMMING,13,1,53,543,4344,4496,6744,2248,50.0,0.01,0.01482799525504152,1,0,2560416,2.560416,True,CLEAN
HAMMING,13,1,54,543,4344,4496,6744,2248,50.0,0.01,0.01482799525504152,1,0,2577791,2.577791,True,CLEAN
HAMMING,13,1,55,543,4344,4496,6744,2248,50.0,0.01,0.01482799525504152,1,1,2619875,2.619875,True,HAMMING_CORRECTED
HAMMING,13,1,56,543,4344,4496,6744,2248,50.0,0.01,0.01482799525504152,1,1,2642875,2.642875,True,HAMMING_CORRECTED
HAMMING,13,1,57,543,4344,4496,6744,2248,50.0,0.01,0.01482799525504152,1,0,2681500,2.6815,True,CLEAN
HAMMING,13,1,58,543,4344,4496,6744,2248,50.0,0.01,0.01482799525504152,1,0,2572083,2.572083,True,CLEAN
HAMMING,13,1,59,543,4344,4496,6744,2248,50.0,0.01,0.01482799525504152,1,1,2538709,2.538709,True,HAMMING_CORRECTED
HAMMING,13,1,60,543,4344,4496,6744,2248,50.0,0.01,0.01482799525504152,1,1,2511666,2.511666,True,HAMMING_CORRECTED
HAMMING,13,1,61,543,4344,4496,6744,2248,50.0,0.01,0.01482799525504152,1,2,2558625,2.558625,True,HAMMING_CORRECTED
HAMMING,13,1,62,543,4344,4496,6744,2248,50.0,0.01,0.01482799525504152,1,1,2435958,2.435958,True,HAMMING_CORRECTED
HAMMING,13,1,63,543,4344,4496,6744,2248,50.0,0.01,0.01482799525504152,1,3,2551583,2.551583,True,HAMMING_CORRECTED
HAMMING,13,1,64,543,4344,4496,6744,2248,50.0,0.01,0.01482799525504152,1,1,2563917,2.563917,True,HAMMING_CORRECTED
HAMMING,13,1,65,543,4344,4496,6744,2248,50.0,0.01,0.01482799525504152,1,2,2553708,2.553708,True,HAMMING_CORRECTED
HAMMING,13,1,66,543,4344,4496,6744,2248,50.0,0.01,0.01482799525504152,1,0,2570708,2.570708,True,CLEAN
HAMMING,13,1,67,543,4344,4496,6744,2248,50.0,0.01,0.01482799525504152,1,3,2561541,2.561541,True,HAMMING_CORRECTED
HAMMING,13,1,68,543,4344,4496,6744,2248,50.0,0.01,0.01482799525504152,1,1,2622667,2.622667,True,HAMMING_CORRECTED
HAMMING,13,1,69,543,4344,4496,6744,2248,50.0,0.01,0.01482799525504152,1,0,2585208,2.585208,True,CLEAN
HAMMING,13,1,70,543,4344,4496,6744,2248,50.0,0.01,0.01482799525504152,1,2,2615042,2.615042,True,HAMMING_CORRECTED
HAMMING,13,1,71,543,4344,4496,6744,2248,50.0,0.01,0.01482799525504152,1,1,2599250,2.59925,True,HAMMING_CORRECTED
HAMMING,13,1,72,543,4344,4496,6744,2248,50.0,0.01,0.01482799525504152,1,0,2599375,2.599375,True,CLEAN
HAMMING,13,1,73,543,4344,4496,6744,2248,50.0,0.01,0.01482799525504152,1,0,2567500,2.5675,True,CLEAN
HAMMING,13,1,74,543,4344,4496,6744,2248,50.0,0.01,0.01482799525504152,1,0,2578208,2.578208,True,CLEAN
HAMMING,13,1,75,543,4344,4496,6744,2248,50.0,0.01,0.01482799525504152,1,0,2573083,2.573083,True,CLEAN
HAMMING,13,1,76,543,4344,4496,6744,2248,50.0,0.01,0.01482799525504152,1,2,2635458,2.635458,True,HAMMING_CORRECTED
HAMMING,13,1,77,543,4344,4496,6744,2248,50.0,0.01,0.01482799525504152,1,1,2583167,2.583167,True,HAMMING_CORRECTED
HAMMING,13,1,78,543,4344,4496,6744,2248,50.0,0.01,0.01482799525504152,1,0,2609583,2.609583,True,CLEAN
HAMMING,13,1,79,543,4344,4496,6744,2248,50.0,0.01,0.01482799525504152,1,1,2622666,2.622666,True,HAMMING_CORRECTED
HAMMING,13,1,80,543,4344,4496,6744,2248,50.0,0.01,0.01482799525504152,1,1,2581875,2.581875,True,HAMMING_CORRECTED
HAMMING,13,1,81,543,4344,4496,6744,2248,50.0,0.01,0.01482799525504152,1,1,2582167,2.582167,True,HAMMING_CORRECTED
HAMMING,13,1,82,543,4344,4496,6744,2248,50.0,0.01,0.01482799525504152,1,1,2558750,2.55875,True,HAMMING_CORRECTED
HAMMING,13,1,83,543,4344,4496,6744,2248,50.0,0.01,0.01482799525504152,1,1,2499625,2.499625,True,HAMMING_CORRECTED
HAMMING,13,1,84,543,4344,4496,6744,2248,50.0,0.01,0.01482799525504152,1,0,2508042,2.508042,True,CLEAN
HAMMING,13,1,85,543,4344,4496,6744,2248,50.0,0.01,0.01482799525504152,1,1,2563625,2.563625,True,HAMMING_CORRECTED
HAMMING,13,1,86,543,4344,4496,6744,2248,50.0,0.01,0.01482799525504152,1,2,2517083,2.517083,True,HAMMING_CORRECTED
HAMMING,13,1,87,543,4344,4496,6744,2248,50.0,0.01,0.01482799525504152,1,2,2543208,2.543208,True,HAMMING_CORRECTED
HAMMING,13,1,88,543,4344,4496,6744,2248,50.0,0.01,0.01482799525504152,1,0,2587750,2.58775,True,CLEAN
HAMMING,13,1,89,543,4344,4496,6744,2248,50.0,0.01,0.01482799525504152,1,0,2581792,2.581792,True,CLEAN
HAMMING,13,1,90,543,4344,4496,6744,2248,50.0,0.01,0.01482799525504152,1,0,2590208,2.590208,True,CLEAN
HAMMING,13,1,91,543,4344,4496,6744,2248,50.0,0.01,0.01482799525504152,1,0,2596834,2.596834,True,CLEAN
HAMMING,13,1,92,543,4344,4496,6744,2248,50.0,0.01,0.01482799525504152,1,0,2565209,2.565209,True,CLEAN
HAMMING,13,1,93,543,4344,4496,6744,2248,50.0,0.01,0.01482799525504152,1,2,2575541,2.575541,True,HAMMING_CORRECTED
HAMMING,13,1,94,543,4344,4496,6744,2248,50.0,0.01,0.01482799525504152,1,0,2591000,2.591,True,CLEAN
HAMMING,13,1,95,543,4344,4496,6744,2248,50.0,0.01,0.01482799525504152,1,3,2585125,2.585125,True,HAMMING_CORRECTED
HAMMING,13,1,96,543,4344,4496,6744,2248,50.0,0.01,0.01482799525504152,1,2,2576916,2.576916,True,HAMMING_CORRECTED
HAMMING,13,1,97,543,4344,4496,6744,2248,50.0,0.01,0.01482799525504152,1,0,2592291,2.592291,True,CLEAN
HAMMING,13,1,98,543,4344,4496,6744,2248,50.0,0.01,0.01482799525504152,1,0,2611834,2.611834,True,CLEAN
HAMMING,13,1,99,543,4344,4496,6744,2248,50.0,0.01,0.01482799525504152,1,0,2602792,2.602792,True,CLEAN
HAMMING,13,1,100,543,4344,4496,6744,2248,50.0,0.01,0.01482799525504152,1,0,2573000,2.573,True,CLEAN
HAMMING,13,1,1,543,4344,4496,6744,2248,50.0,0.1,0.10379596678529061,7,3,2520459,2.520459,True,HAMMING_CORRECTED
HAMMING,13,1,2,543,4344,4496,6744,2248,50.0,0.1,0.10379596678529061,7,11,2527916,2.527916,True,HAMMING_CORRECTED
HAMMING,13,1,3,543,4344,4496,6744,2248,50.0,0.1,0.10379596678529061,7,10,2608708,2.608708,True,HAMMING_CORRECTED
HAMMING,13,1,4,543,4344,4496,6744,2248,50.0,0.1,0.10379596678529061,7,6,2525958,2.525958,True,HAMMING_CORRECTED
HAMMING,13,1,5,543,4344,4496,6744,2248,50.0,0.1,0.10379596678529061,7,13,2565959,2.565959,True,HAMMING_CORRECTED
HAMMING,13,1,6,543,4344,4496,6744,2248,50.0,0.1,0.10379596678529061,7,3,2630167,2.630167,True,HAMMING_CORRECTED
HAMMING,13,1,7,543,4344,4496,6744,2248,50.0,0.1,0.10379596678529061,7,5,2612708,2.612708,True,HAMMING_CORRECTED
HAMMING,13,1,8,543,4344,4496,6744,2248,50.0,0.1,0.10379596678529061,7,3,2590792,2.590792,True,HAMMING_CORRECTED
HAMMING,13,1,9,543,4344,4496,6744,2248,50.0,0.1,0.10379596678529061,7,6,2621250,2.62125,True,HAMMING_CORRECTED
HAMMING,13,1,10,543,4344,4496,6744,2248,50.0,0.1,0.10379596678529061,7,5,2586084,2.586084,True,HAMMING_CORRECTED
HAMMING,13,1,11,543,4344,4496,6744,2248,50.0,0.1,0.10379596678529061,7,8,2610250,2.61025,True,HAMMING_CORRECTED
HAMMING,13,1,12,543,4344,4496,6744,2248,50.0,0.1,0.10379596678529061,7,6,2600292,2.600292,True,HAMMING_CORRECTED
HAMMING,13,1,13,543,4344,4496,6744,2248,50.0,0.1,0.10379596678529061,7,9,2603417,2.603417,False,HAMMING_RECOVERY_FAILED
HAMMING,13,1,14,543,4344,4496,6744,2248,50.0,0.1,0.10379596678529061,7,10,2609791,2.609791,True,HAMMING_CORRECTED
HAMMING,13,1,15,543,4344,4496,6744,2248,50.0,0.1,0.10379596678529061,7,5,2599916,2.599916,True,HAMMING_CORRECTED
HAMMING,13,1,16,543,4344,4496,6744,2248,50.0,0.1,0.10379596678529061,7,5,2616458,2.616458,True,HAMMING_CORRECTED
HAMMING,13,1,17,543,4344,4496,6744,2248,50.0,0.1,0.10379596678529061,7,3,2599667,2.599667,True,HAMMING_CORRECTED
HAMMING,13,1,18,543,4344,4496,6744,2248,50.0,0.1,0.10379596678529061,7,8,2584875,2.584875,True,HAMMING_CORRECTED
HAMMING,13,1,19,543,4344,4496,6744,2248,50.0,0.1,0.10379596678529061,7,9,2626583,2.626583,True,HAMMING_CORRECTED
HAMMING,13,1,20,543,4344,4496,6744,2248,50.0,0.1,0.10379596678529061,7,4,2582667,2.582667,True,HAMMING_CORRECTED
HAMMING,13,1,21,543,4344,4496,6744,2248,50.0,0.1,0.10379596678529061,7,1,2636709,2.636709,True,HAMMING_CORRECTED
HAMMING,13,1,22,543,4344,4496,6744,2248,50.0,0.1,0.10379596678529061,7,10,2605417,2.605417,True,HAMMING_CORRECTED
HAMMING,13,1,23,543,4344,4496,6744,2248,50.0,0.1,0.10379596678529061,7,4,2612458,2.612458,True,HAMMING_CORRECTED
HAMMING,13,1,24,543,4344,4496,6744,2248,50.0,0.1,0.10379596678529061,7,4,2601958,2.601958,True,HAMMING_CORRECTED
HAMMING,13,1,25,543,4344,4496,6744,2248,50.0,0.1,0.10379596678529061,7,9,2604000,2.604,True,HAMMING_CORRECTED
HAMMING,13,1,26,543,4344,4496,6744,2248,50.0,0.1,0.10379596678529061,7,5,2607625,2.607625,True,HAMMING_CORRECTED
HAMMING,13,1,27,543,4344,4496,6744,2248,50.0,0.1,0.10379596678529061,7,4,2598167,2.598167,True,HAMMING_CORRECTED
HAMMING,13,1,28,543,4344,4496,6744,2248,50.0,0.1,0.10379596678529061,7,9,2593833,2.593833,True,HAMMING_CORRECTED
HAMMING,13,1,29,543,4344,4496,6744,2248,50.0,0.1,0.10379596678529061,7,7,2467167,2.467167,True,HAMMING_CORRECTED
HAMMING,13,1,30,543,4344,4496,6744,2248,50.0,0.1,0.10379596678529061,7,15,2539542,2.539542,True,HAMMING_CORRECTED
HAMMING,13,1,31,543,4344,4496,6744,2248,50.0,0.1,0.10379596678529061,7,8,2560458,2.560458,True,HAMMING_CORRECTED
HAMMING,13,1,32,543,4344,4496,6744,2248,50.0,0.1,0.10379596678529061,7,9,2413459,2.413459,True,HAMMING_CORRECTED
HAMMING,13,1,33,543,4344,4496,6744,2248,50.0,0.1,0.10379596678529061,7,7,2520917,2.520917,True,HAMMING_CORRECTED
HAMMING,13,1,34,543,4344,4496,6744,2248,50.0,0.1,0.10379596678529061,7,4,2557750,2.55775,True,HAMMING_CORRECTED
HAMMING,13,1,35,543,4344,4496,6744,2248,50.0,0.1,0.10379596678529061,7,7,2536166,2.536166,,HAMMING_RECOVERY_FAILED
HAMMING,13,1,36,543,4344,4496,6744,2248,50.0,0.1,0.10379596678529061,7,7,2617209,2.617209,True,HAMMING_CORRECTED
HAMMING,13,1,37,543,4344,4496,6744,2248,50.0,0.1,0.10379596678529061,7,7,2666708,2.666708,True,HAMMING_CORRECTED
HAMMING,13,1,38,543,4344,4496,6744,2248,50.0,0.1,0.10379596678529061,7,9,2640541,2.640541,True,HAMMING_CORRECTED
HAMMING,13,1,39,543,4344,4496,6744,2248,50.0,0.1,0.10379596678529061,7,11,2613292,2.613292,True,HAMMING_CORRECTED
HAMMING,13,1,40,543,4344,4496,6744,2248,50.0,0.1,0.10379596678529061,7,7,2568084,2.568084,True,HAMMING_CORRECTED
HAMMING,13,1,41,543,4344,4496,6744,2248,50.0,0.1,0.10379596678529061,7,9,2481375,2.481375,True,HAMMING_CORRECTED
HAMMING,13,1,42,543,4344,4496,6744,2248,50.0,0.1,0.10379596678529061,7,2,2679542,2.679542,True,HAMMING_CORRECTED
HAMMING,13,1,43,543,4344,4496,6744,2248,50.0,0.1,0.10379596678529061,7,10,2642583,2.642583,True,HAMMING_CORRECTED
HAMMING,13,1,44,543,4344,4496,6744,2248,50.0,0.1,0.10379596678529061,7,13,2630542,2.630542,True,HAMMING_CORRECTED
HAMMING,13,1,45,543,4344,4496,6744,2248,50.0,0.1,0.10379596678529061,7,7,2633792,2.633792,True,HAMMING_CORRECTED
HAMMING,13,1,46,543,4344,4496,6744,2248,50.0,0.1,0.10379596678529061,7,7,2623334,2.623334,True,HAMMING_CORRECTED
HAMMING,13,1,47,543,4344,4496,6744,2248,50.0,0.1,0.10379596678529061,7,3,2638875,2.638875,True,HAMMING_CORRECTED
HAMMING,13,1,48,543,4344,4496,6744,2248,50.0,0.1,0.10379596678529061,7,5,2690917,2.690917,True,HAMMING_CORRECTED
HAMMING,13,1,49,543,4344,4496,6744,2248,50.0,0.1,0.10379596678529061,7,6,2673750,2.67375,True,HAMMING_CORRECTED
HAMMING,13,1,50,543,4344,4496,6744,2248,50.0,0.1,0.10379596678529061,7,7,2666875,2.666875,True,HAMMING_CORRECTED
HAMMING,13,1,51,543,4344,4496,6744,2248,50.0,0.1,0.10379596678529061,7,6,2753166,2.753166,True,HAMMING_CORRECTED
HAMMING,13,1,52,543,4344,4496,6744,2248,50.0,0.1,0.10379596678529061,7,12,2548792,2.548792,False,HAMMING_RECOVERY_FAILED
HAMMING,13,1,53,543,4344,4496,6744,2248,50.0,0.1,0.10379596678529061,7,11,2554500,2.5545,True,HAMMING_CORRECTED
HAMMING,13,1,54,543,4344,4496,6744,2248,50.0,0.1,0.10379596678529061,7,3,2590291,2.590291,True,HAMMING_CORRECTED
HAMMING,13,1,55,543,4344,4496,6744,2248,50.0,0.1,0.10379596678529061,7,11,2606709,2.606709,True,HAMMING_CORRECTED
HAMMING,13,1,56,543,4344,4496,6744,2248,50.0,0.1,0.10379596678529061,7,5,2586542,2.586542,True,HAMMING_CORRECTED
HAMMING,13,1,57,543,4344,4496,6744,2248,50.0,0.1,0.10379596678529061,7,9,2601541,2.601541,True,HAMMING_CORRECTED
HAMMING,13,1,58,543,4344,4496,6744,2248,50.0,0.1,0.10379596678529061,7,8,2593375,2.593375,True,HAMMING_CORRECTED
HAMMING,13,1,59,543,4344,4496,6744,2248,50.0,0.1,0.10379596678529061,7,4,2580250,2.58025,True,HAMMING_CORRECTED
HAMMING,13,1,60,543,4344,4496,6744,2248,50.0,0.1,0.10379596678529061,7,5,2575500,2.5755,True,HAMMING_CORRECTED
HAMMING,13,1,61,543,4344,4496,6744,2248,50.0,0.1,0.10379596678529061,7,7,2592958,2.592958,True,HAMMING_CORRECTED
HAMMING,13,1,62,543,4344,4496,6744,2248,50.0,0.1,0.10379596678529061,7,6,2593500,2.5935,True,HAMMING_CORRECTED
HAMMING,13,1,63,543,4344,4496,6744,2248,50.0,0.1,0.10379596678529061,7,8,2587833,2.587833,True,HAMMING_CORRECTED
HAMMING,13,1,64,543,4344,4496,6744,2248,50.0,0.1,0.10379596678529061,7,9,2580416,2.580416,True,HAMMING_CORRECTED
HAMMING,13,1,65,543,4344,4496,6744,2248,50.0,0.1,0.10379596678529061,7,7,2594292,2.594292,True,HAMMING_CORRECTED
HAMMING,13,1,66,543,4344,4496,6744,2248,50.0,0.1,0.10379596678529061,7,6,2582083,2.582083,True,HAMMING_CORRECTED
HAMMING,13,1,67,543,4344,4496,6744,2248,50.0,0.1,0.10379596678529061,7,6,2578209,2.578209,True,HAMMING_CORRECTED
HAMMING,13,1,68,543,4344,4496,6744,2248,50.0,0.1,0.10379596678529061,7,4,2616708,2.616708,True,HAMMING_CORRECTED
HAMMING,13,1,69,543,4344,4496,6744,2248,50.0,0.1,0.10379596678529061,7,7,2583959,2.583959,True,HAMMING_CORRECTED
HAMMING,13,1,70,543,4344,4496,6744,2248,50.0,0.1,0.10379596678529061,7,9,2596166,2.596166,True,HAMMING_CORRECTED
HAMMING,13,1,71,543,4344,4496,6744,2248,50.0,0.1,0.10379596678529061,7,8,2593334,2.593334,True,HAMMING_CORRECTED
HAMMING,13,1,72,543,4344,4496,6744,2248,50.0,0.1,0.10379596678529061,7,6,2588917,2.588917,True,HAMMING_CORRECTED
HAMMING,13,1,73,543,4344,4496,6744,2248,50.0,0.1,0.10379596678529061,7,5,2582875,2.582875,True,HAMMING_CORRECTED
HAMMING,13,1,74,543,4344,4496,6744,2248,50.0,0.1,0.10379596678529061,7,6,2596584,2.596584,True,HAMMING_CORRECTED
HAMMING,13,1,75,543,4344,4496,6744,2248,50.0,0.1,0.10379596678529061,7,5,2579708,2.579708,True,HAMMING_CORRECTED
HAMMING,13,1,76,543,4344,4496,6744,2248,50.0,0.1,0.10379596678529061,7,6,2614666,2.614666,True,HAMMING_CORRECTED
HAMMING,13,1,77,543,4344,4496,6744,2248,50.0,0.1,0.10379596678529061,7,6,2599416,2.599416,True,HAMMING_CORRECTED
HAMMING,13,1,78,543,4344,4496,6744,2248,50.0,0.1,0.10379596678529061,7,6,2602458,2.602458,True,HAMMING_CORRECTED
HAMMING,13,1,79,543,4344,4496,6744,2248,50.0,0.1,0.10379596678529061,7,9,2606417,2.606417,True,HAMMING_CORRECTED
HAMMING,13,1,80,543,4344,4496,6744,2248,50.0,0.1,0.10379596678529061,7,5,2596459,2.596459,True,HAMMING_CORRECTED
HAMMING,13,1,81,543,4344,4496,6744,2248,50.0,0.1,0.10379596678529061,7,7,2593416,2.593416,True,HAMMING_CORRECTED
HAMMING,13,1,82,543,4344,4496,6744,2248,50.0,0.1,0.10379596678529061,7,6,2580916,2.580916,True,HAMMING_CORRECTED
HAMMING,13,1,83,543,4344,4496,6744,2248,50.0,0.1,0.10379596678529061,7,10,2638333,2.638333,True,HAMMING_CORRECTED
HAMMING,13,1,84,543,4344,4496,6744,2248,50.0,0.1,0.10379596678529061,7,2,2583917,2.583917,True,HAMMING_CORRECTED
HAMMING,13,1,85,543,4344,4496,6744,2248,50.0,0.1,0.10379596678529061,7,8,2585709,2.585709,True,HAMMING_CORRECTED
HAMMING,13,1,86,543,4344,4496,6744,2248,50.0,0.1,0.10379596678529061,7,7,2580500,2.5805,True,HAMMING_CORRECTED
HAMMING,13,1,87,543,4344,4496,6744,2248,50.0,0.1,0.10379596678529061,7,5,2614750,2.61475,True,HAMMING_CORRECTED
HAMMING,13,1,88,543,4344,4496,6744,2248,50.0,0.1,0.10379596678529061,7,4,2613833,2.613833,True,HAMMING_CORRECTED
HAMMING,13,1,89,543,4344,4496,6744,2248,50.0,0.1,0.10379596678529061,7,10,2574209,2.574209,True,HAMMING_CORRECTED
HAMMING,13,1,90,543,4344,4496,6744,2248,50.0,0.1,0.10379596678529061,7,6,2585166,2.585166,True,HAMMING_CORRECTED
HAMMING,13,1,91,543,4344,4496,6744,2248,50.0,0.1,0.10379596678529061,7,4,2602583,2.602583,True,HAMMING_CORRECTED
HAMMING,13,1,92,543,4344,4496,6744,2248,50.0,0.1,0.10379596678529061,7,11,2598209,2.598209,True,HAMMING_CORRECTED
HAMMING,13,1,93,543,4344,4496,6744,2248,50.0,0.1,0.10379596678529061,7,11,2582334,2.582334,True,HAMMING_CORRECTED
HAMMING,13,1,94,543,4344,4496,6744,2248,50.0,0.1,0.10379596678529061,7,5,2613000,2.613,True,HAMMING_CORRECTED
HAMMING,13,1,95,543,4344,4496,6744,2248,50.0,0.1,0.10379596678529061,7,13,2598000,2.598,True,HAMMING_CORRECTED
HAMMING,13,1,96,543,4344,4496,6744,2248,50.0,0.1,0.10379596678529061,7,9,2586708,2.586708,True,HAMMING_CORRECTED
HAMMING,13,1,97,543,4344,4496,6744,2248,50.0,0.1,0.10379596678529061,7,6,2621334,2.621334,True,HAMMING_CORRECTED
HAMMING,13,1,98,543,4344,4496,6744,2248,50.0,0.1,0.10379596678529061,7,7,2618584,2.618584,True,HAMMING_CORRECTED
HAMMING,13,1,99,543,4344,4496,6744,2248,50.0,0.1,0.10379596678529061,7,6,2581209,2.581209,True,HAMMING_CORRECTED
HAMMING,13,1,100,543,4344,4496,6744,2248,50.0,0.1,0.10379596678529061,7,7,2595792,2.595792,True,HAMMING_CORRECTED
HAMMING,13,1,1,543,4344,4496,6744,2248,50.0,1.0,0.9934756820877817,67,57,2603750,2.60375,False,HAMMING_RECOVERY_FAILED
HAMMING,13,1,2,543,4344,4496,6744,2248,50.0,1.0,0.9934756820877817,67,62,2485708,2.485708,,HAMMING_RECOVERY_FAILED
HAMMING,13,1,3,543,4344,4496,6744,2248,50.0,1.0,0.9934756820877817,67,52,2499250,2.49925,,HAMMING_RECOVERY_FAILED
HAMMING,13,1,4,543,4344,4496,6744,2248,50.0,1.0,0.9934756820877817,67,66,2596041,2.596041,,HAMMING_RECOVERY_FAILED
HAMMING,13,1,5,543,4344,4496,6744,2248,50.0,1.0,0.9934756820877817,67,72,2441083,2.441083,,HAMMING_RECOVERY_FAILED
HAMMING,13,1,6,543,4344,4496,6744,2248,50.0,1.0,0.9934756820877817,67,65,2524583,2.524583,,HAMMING_RECOVERY_FAILED
HAMMING,13,1,7,543,4344,4496,6744,2248,50.0,1.0,0.9934756820877817,67,65,2448333,2.448333,,HAMMING_RECOVERY_FAILED
HAMMING,13,1,8,543,4344,4496,6744,2248,50.0,1.0,0.9934756820877817,67,71,2508833,2.508833,,HAMMING_RECOVERY_FAILED
HAMMING,13,1,9,543,4344,4496,6744,2248,50.0,1.0,0.9934756820877817,67,80,2747500,2.7475,False,HAMMING_RECOVERY_FAILED
HAMMING,13,1,10,543,4344,4496,6744,2248,50.0,1.0,0.9934756820877817,67,69,2608334,2.608334,False,HAMMING_RECOVERY_FAILED
HAMMING,13,1,11,543,4344,4496,6744,2248,50.0,1.0,0.9934756820877817,67,65,2544334,2.544334,,HAMMING_RECOVERY_FAILED
HAMMING,13,1,12,543,4344,4496,6744,2248,50.0,1.0,0.9934756820877817,67,68,2655833,2.655833,False,HAMMING_RECOVERY_FAILED
HAMMING,13,1,13,543,4344,4496,6744,2248,50.0,1.0,0.9934756820877817,67,54,2552709,2.552709,,HAMMING_RECOVERY_FAILED
HAMMING,13,1,14,543,4344,4496,6744,2248,50.0,1.0,0.9934756820877817,67,72,2581208,2.581208,,HAMMING_RECOVERY_FAILED
HAMMING,13,1,15,543,4344,4496,6744,2248,50.0,1.0,0.9934756820877817,67,73,2568000,2.568,,HAMMING_RECOVERY_FAILED
HAMMING,13,1,16,543,4344,4496,6744,2248,50.0,1.0,0.9934756820877817,67,72,2704166,2.704166,,HAMMING_RECOVERY_FAILED
HAMMING,13,1,17,543,4344,4496,6744,2248,50.0,1.0,0.9934756820877817,67,61,2627583,2.627583,,HAMMING_RECOVERY_FAILED
HAMMING,13,1,18,543,4344,4496,6744,2248,50.0,1.0,0.9934756820877817,67,62,2619500,2.6195,,HAMMING_RECOVERY_FAILED
HAMMING,13,1,19,543,4344,4496,6744,2248,50.0,1.0,0.9934756820877817,67,60,2688417,2.688417,False,HAMMING_RECOVERY_FAILED
HAMMING,13,1,20,543,4344,4496,6744,2248,50.0,1.0,0.9934756820877817,67,80,2738834,2.738834,,HAMMING_RECOVERY_FAILED
HAMMING,13,1,21,543,4344,4496,6744,2248,50.0,1.0,0.9934756820877817,67,67,2703292,2.703292,,HAMMING_RECOVERY_FAILED
HAMMING,13,1,22,543,4344,4496,6744,2248,50.0,1.0,0.9934756820877817,67,59,2627250,2.62725,,HAMMING_RECOVERY_FAILED
HAMMING,13,1,23,543,4344,4496,6744,2248,50.0,1.0,0.9934756820877817,67,59,2688542,2.688542,,HAMMING_RECOVERY_FAILED
HAMMING,13,1,24,543,4344,4496,6744,2248,50.0,1.0,0.9934756820877817,67,80,2637083,2.637083,False,HAMMING_RECOVERY_FAILED
HAMMING,13,1,25,543,4344,4496,6744,2248,50.0,1.0,0.9934756820877817,67,66,2684041,2.684041,,HAMMING_RECOVERY_FAILED
HAMMING,13,1,26,543,4344,4496,6744,2248,50.0,1.0,0.9934756820877817,67,62,2652875,2.652875,,HAMMING_RECOVERY_FAILED
HAMMING,13,1,27,543,4344,4496,6744,2248,50.0,1.0,0.9934756820877817,67,64,4985208,4.985208,True,HAMMING_CORRECTED
HAMMING,13,1,28,543,4344,4496,6744,2248,50.0,1.0,0.9934756820877817,67,53,4177791,4.177791,False,HAMMING_RECOVERY_FAILED
HAMMING,13,1,29,543,4344,4496,6744,2248,50.0,1.0,0.9934756820877817,67,59,3139667,3.139667,False,HAMMING_RECOVERY_FAILED
HAMMING,13,1,30,543,4344,4496,6744,2248,50.0,1.0,0.9934756820877817,67,69,2987208,2.987208,,HAMMING_RECOVERY_FAILED
HAMMING,13,1,31,543,4344,4496,6744,2248,50.0,1.0,0.9934756820877817,67,76,3997334,3.997334,,HAMMING_RECOVERY_FAILED
HAMMING,13,1,32,543,4344,4496,6744,2248,50.0,1.0,0.9934756820877817,67,67,2913333,2.913333,,HAMMING_RECOVERY_FAILED
HAMMING,13,1,33,543,4344,4496,6744,2248,50.0,1.0,0.9934756820877817,67,63,2615250,2.61525,,HAMMING_RECOVERY_FAILED
HAMMING,13,1,34,543,4344,4496,6744,2248,50.0,1.0,0.9934756820877817,67,64,2857334,2.857334,False,HAMMING_RECOVERY_FAILED
HAMMING,13,1,35,543,4344,4496,6744,2248,50.0,1.0,0.9934756820877817,67,73,3294250,3.29425,,HAMMING_RECOVERY_FAILED
HAMMING,13,1,36,543,4344,4496,6744,2248,50.0,1.0,0.9934756820877817,67,76,2715542,2.715542,False,HAMMING_RECOVERY_FAILED
HAMMING,13,1,37,543,4344,4496,6744,2248,50.0,1.0,0.9934756820877817,67,49,2584625,2.584625,,HAMMING_RECOVERY_FAILED
HAMMING,13,1,38,543,4344,4496,6744,2248,50.0,1.0,0.9934756820877817,67,58,2738583,2.738583,,HAMMING_RECOVERY_FAILED
HAMMING,13,1,39,543,4344,4496,6744,2248,50.0,1.0,0.9934756820877817,67,66,2664417,2.664417,True,HAMMING_CORRECTED
HAMMING,13,1,40,543,4344,4496,6744,2248,50.0,1.0,0.9934756820877817,67,50,2584250,2.58425,,HAMMING_RECOVERY_FAILED
HAMMING,13,1,41,543,4344,4496,6744,2248,50.0,1.0,0.9934756820877817,67,80,2586167,2.586167,,HAMMING_RECOVERY_FAILED
HAMMING,13,1,42,543,4344,4496,6744,2248,50.0,1.0,0.9934756820877817,67,79,2566583,2.566583,,HAMMING_RECOVERY_FAILED
HAMMING,13,1,43,543,4344,4496,6744,2248,50.0,1.0,0.9934756820877817,67,80,2545917,2.545917,,HAMMING_RECOVERY_FAILED
HAMMING,13,1,44,543,4344,4496,6744,2248,50.0,1.0,0.9934756820877817,67,69,2540583,2.540583,,HAMMING_RECOVERY_FAILED
HAMMING,13,1,45,543,4344,4496,6744,2248,50.0,1.0,0.9934756820877817,67,66,2588167,2.588167,False,HAMMING_RECOVERY_FAILED
HAMMING,13,1,46,543,4344,4496,6744,2248,50.0,1.0,0.9934756820877817,67,60,2534291,2.534291,,HAMMING_RECOVERY_FAILED
HAMMING,13,1,47,543,4344,4496,6744,2248,50.0,1.0,0.9934756820877817,67,66,2508167,2.508167,,HAMMING_RECOVERY_FAILED
HAMMING,13,1,48,543,4344,4496,6744,2248,50.0,1.0,0.9934756820877817,67,69,2554084,2.554084,,HAMMING_RECOVERY_FAILED
HAMMING,13,1,49,543,4344,4496,6744,2248,50.0,1.0,0.9934756820877817,67,68,2576250,2.57625,,HAMMING_RECOVERY_FAILED
HAMMING,13,1,50,543,4344,4496,6744,2248,50.0,1.0,0.9934756820877817,67,50,2640625,2.640625,,HAMMING_RECOVERY_FAILED
HAMMING,13,1,51,543,4344,4496,6744,2248,50.0,1.0,0.9934756820877817,67,58,2623958,2.623958,,HAMMING_RECOVERY_FAILED
HAMMING,13,1,52,543,4344,4496,6744,2248,50.0,1.0,0.9934756820877817,67,72,2530417,2.530417,,HAMMING_RECOVERY_FAILED
HAMMING,13,1,53,543,4344,4496,6744,2248,50.0,1.0,0.9934756820877817,67,64,2658417,2.658417,,HAMMING_RECOVERY_FAILED
HAMMING,13,1,54,543,4344,4496,6744,2248,50.0,1.0,0.9934756820877817,67,55,2650125,2.650125,,HAMMING_RECOVERY_FAILED
HAMMING,13,1,55,543,4344,4496,6744,2248,50.0,1.0,0.9934756820877817,67,71,2578333,2.578333,,HAMMING_RECOVERY_FAILED
HAMMING,13,1,56,543,4344,4496,6744,2248,50.0,1.0,0.9934756820877817,67,77,2639584,2.639584,,HAMMING_RECOVERY_FAILED
HAMMING,13,1,57,543,4344,4496,6744,2248,50.0,1.0,0.9934756820877817,67,73,2585916,2.585916,,HAMMING_RECOVERY_FAILED
HAMMING,13,1,58,543,4344,4496,6744,2248,50.0,1.0,0.9934756820877817,67,72,2578083,2.578083,,HAMMING_RECOVERY_FAILED
HAMMING,13,1,59,543,4344,4496,6744,2248,50.0,1.0,0.9934756820877817,67,77,2565417,2.565417,,HAMMING_RECOVERY_FAILED
HAMMING,13,1,60,543,4344,4496,6744,2248,50.0,1.0,0.9934756820877817,67,65,2546959,2.546959,,HAMMING_RECOVERY_FAILED
HAMMING,13,1,61,543,4344,4496,6744,2248,50.0,1.0,0.9934756820877817,67,74,2434375,2.434375,,HAMMING_RECOVERY_FAILED
HAMMING,13,1,62,543,4344,4496,6744,2248,50.0,1.0,0.9934756820877817,67,80,2579250,2.57925,,HAMMING_RECOVERY_FAILED
HAMMING,13,1,63,543,4344,4496,6744,2248,50.0,1.0,0.9934756820877817,67,75,2631208,2.631208,,HAMMING_RECOVERY_FAILED
HAMMING,13,1,64,543,4344,4496,6744,2248,50.0,1.0,0.9934756820877817,67,66,2631250,2.63125,,HAMMING_RECOVERY_FAILED
HAMMING,13,1,65,543,4344,4496,6744,2248,50.0,1.0,0.9934756820877817,67,66,2541000,2.541,,HAMMING_RECOVERY_FAILED
HAMMING,13,1,66,543,4344,4496,6744,2248,50.0,1.0,0.9934756820877817,67,72,2567333,2.567333,,HAMMING_RECOVERY_FAILED
HAMMING,13,1,67,543,4344,4496,6744,2248,50.0,1.0,0.9934756820877817,67,52,2662125,2.662125,True,HAMMING_CORRECTED
HAMMING,13,1,68,543,4344,4496,6744,2248,50.0,1.0,0.9934756820877817,67,67,2606792,2.606792,,HAMMING_RECOVERY_FAILED
HAMMING,13,1,69,543,4344,4496,6744,2248,50.0,1.0,0.9934756820877817,67,72,2672084,2.672084,False,HAMMING_RECOVERY_FAILED
HAMMING,13,1,70,543,4344,4496,6744,2248,50.0,1.0,0.9934756820877817,67,59,2567417,2.567417,,HAMMING_RECOVERY_FAILED
HAMMING,13,1,71,543,4344,4496,6744,2248,50.0,1.0,0.9934756820877817,67,68,2724292,2.724292,,HAMMING_RECOVERY_FAILED
HAMMING,13,1,72,543,4344,4496,6744,2248,50.0,1.0,0.9934756820877817,67,56,2611667,2.611667,,HAMMING_RECOVERY_FAILED
HAMMING,13,1,73,543,4344,4496,6744,2248,50.0,1.0,0.9934756820877817,67,79,2588334,2.588334,False,HAMMING_RECOVERY_FAILED
HAMMING,13,1,74,543,4344,4496,6744,2248,50.0,1.0,0.9934756820877817,67,58,2641667,2.641667,False,HAMMING_RECOVERY_FAILED
HAMMING,13,1,75,543,4344,4496,6744,2248,50.0,1.0,0.9934756820877817,67,74,2648917,2.648917,,HAMMING_RECOVERY_FAILED
HAMMING,13,1,76,543,4344,4496,6744,2248,50.0,1.0,0.9934756820877817,67,79,2562583,2.562583,,HAMMING_RECOVERY_FAILED
HAMMING,13,1,77,543,4344,4496,6744,2248,50.0,1.0,0.9934756820877817,67,60,2627958,2.627958,True,HAMMING_CORRECTED
HAMMING,13,1,78,543,4344,4496,6744,2248,50.0,1.0,0.9934756820877817,67,64,2617791,2.617791,,HAMMING_RECOVERY_FAILED
HAMMING,13,1,79,543,4344,4496,6744,2248,50.0,1.0,0.9934756820877817,67,58,2652208,2.652208,False,HAMMING_RECOVERY_FAILED
HAMMING,13,1,80,543,4344,4496,6744,2248,50.0,1.0,0.9934756820877817,67,67,2588708,2.588708,,HAMMING_RECOVERY_FAILED
HAMMING,13,1,81,543,4344,4496,6744,2248,50.0,1.0,0.9934756820877817,67,76,2641042,2.641042,,HAMMING_RECOVERY_FAILED
HAMMING,13,1,82,543,4344,4496,6744,2248,50.0,1.0,0.9934756820877817,67,83,2614083,2.614083,,HAMMING_RECOVERY_FAILED
HAMMING,13,1,83,543,4344,4496,6744,2248,50.0,1.0,0.9934756820877817,67,65,2680000,2.68,,HAMMING_RECOVERY_FAILED
HAMMING,13,1,84,543,4344,4496,6744,2248,50.0,1.0,0.9934756820877817,67,68,2683250,2.68325,False,HAMMING_RECOVERY_FAILED
HAMMING,13,1,85,543,4344,4496,6744,2248,50.0,1.0,0.9934756820877817,67,51,2621708,2.621708,False,HAMMING_RECOVERY_FAILED
HAMMING,13,1,86,543,4344,4496,6744,2248,50.0,1.0,0.9934756820877817,67,55,2594917,2.594917,,HAMMING_RECOVERY_FAILED
HAMMING,13,1,87,543,4344,4496,6744,2248,50.0,1.0,0.9934756820877817,67,77,2582667,2.582667,,HAMMING_RECOVERY_FAILED
HAMMING,13,1,88,543,4344,4496,6744,2248,50.0,1.0,0.9934756820877817,67,64,2533209,2.533209,,HAMMING_RECOVERY_FAILED
HAMMING,13,1,89,543,4344,4496,6744,2248,50.0,1.0,0.9934756820877817,67,55,2567042,2.567042,,HAMMING_RECOVERY_FAILED
HAMMING,13,1,90,543,4344,4496,6744,2248,50.0,1.0,0.9934756820877817,67,67,2635208,2.635208,,HAMMING_RECOVERY_FAILED
HAMMING,13,1,91,543,4344,4496,6744,2248,50.0,1.0,0.9934756820877817,67,81,2570875,2.570875,,HAMMING_RECOVERY_FAILED
HAMMING,13,1,92,543,4344,4496,6744,2248,50.0,1.0,0.9934756820877817,67,75,2609750,2.60975,,HAMMING_RECOVERY_FAILED
HAMMING,13,1,93,543,4344,4496,6744,2248,50.0,1.0,0.9934756820877817,67,69,2571417,2.571417,,HAMMING_RECOVERY_FAILED
HAMMING,13,1,94,543,4344,4496,6744,2248,50.0,1.0,0.9934756820877817,67,66,2597625,2.597625,,HAMMING_RECOVERY_FAILED
HAMMING,13,1,95,543,4344,4496,6744,2248,50.0,1.0,0.9934756820877817,67,77,2548208,2.548208,,HAMMING_RECOVERY_FAILED
HAMMING,13,1,96,543,4344,4496,6744,2248,50.0,1.0,0.9934756820877817,67,78,2559417,2.559417,,HAMMING_RECOVERY_FAILED
HAMMING,13,1,97,543,4344,4496,6744,2248,50.0,1.0,0.9934756820877817,67,52,2618458,2.618458,,HAMMING_RECOVERY_FAILED
HAMMING,13,1,98,543,4344,4496,6744,2248,50.0,1.0,0.9934756820877817,67,72,2526875,2.526875,,HAMMING_RECOVERY_FAILED
HAMMING,13,1,99,543,4344,4496,6744,2248,50.0,1.0,0.9934756820877817,67,80,2539125,2.539125,,HAMMING_RECOVERY_FAILED
HAMMING,13,1,100,543,4344,4496,6744,2248,50.0,1.0,0.9934756820877817,67,70,2572250,2.57225,,HAMMING_RECOVERY_FAILED
HAMMING,13-14,2,1,1161,9288,9440,14160,4720,50.0,0.0,0.0,0,0,5260833,5.260833,True,CLEAN
HAMMING,13-14,2,2,1161,9288,9440,14160,4720,50.0,0.0,0.0,0,0,5073458,5.073458,True,CLEAN
HAMMING,13-14,2,3,1161,9288,9440,14160,4720,50.0,0.0,0.0,0,0,5168833,5.168833,True,CLEAN
HAMMING,13-14,2,4,1161,9288,9440,14160,4720,50.0,0.0,0.0,0,0,5070625,5.070625,True,CLEAN
HAMMING,13-14,2,5,1161,9288,9440,14160,4720,50.0,0.0,0.0,0,0,5167459,5.167459,True,CLEAN
HAMMING,13-14,2,6,1161,9288,9440,14160,4720,50.0,0.0,0.0,0,0,5149333,5.149333,True,CLEAN
HAMMING,13-14,2,7,1161,9288,9440,14160,4720,50.0,0.0,0.0,0,0,5087208,5.087208,True,CLEAN
HAMMING,13-14,2,8,1161,9288,9440,14160,4720,50.0,0.0,0.0,0,0,5223917,5.223917,True,CLEAN
HAMMING,13-14,2,9,1161,9288,9440,14160,4720,50.0,0.0,0.0,0,0,5216166,5.216166,True,CLEAN
HAMMING,13-14,2,10,1161,9288,9440,14160,4720,50.0,0.0,0.0,0,0,5187000,5.187,True,CLEAN
HAMMING,13-14,2,11,1161,9288,9440,14160,4720,50.0,0.0,0.0,0,0,5320084,5.320084,True,CLEAN
HAMMING,13-14,2,12,1161,9288,9440,14160,4720,50.0,0.0,0.0,0,0,5234083,5.234083,True,CLEAN
HAMMING,13-14,2,13,1161,9288,9440,14160,4720,50.0,0.0,0.0,0,0,5196875,5.196875,True,CLEAN
HAMMING,13-14,2,14,1161,9288,9440,14160,4720,50.0,0.0,0.0,0,0,5211333,5.211333,True,CLEAN
HAMMING,13-14,2,15,1161,9288,9440,14160,4720,50.0,0.0,0.0,0,0,5210834,5.210834,True,CLEAN
HAMMING,13-14,2,16,1161,9288,9440,14160,4720,50.0,0.0,0.0,0,0,5201791,5.201791,True,CLEAN
HAMMING,13-14,2,17,1161,9288,9440,14160,4720,50.0,0.0,0.0,0,0,5209666,5.209666,True,CLEAN
HAMMING,13-14,2,18,1161,9288,9440,14160,4720,50.0,0.0,0.0,0,0,5252416,5.252416,True,CLEAN
HAMMING,13-14,2,19,1161,9288,9440,14160,4720,50.0,0.0,0.0,0,0,4988458,4.988458,True,CLEAN
HAMMING,13-14,2,20,1161,9288,9440,14160,4720,50.0,0.0,0.0,0,0,5104583,5.104583,True,CLEAN
HAMMING,13-14,2,21,1161,9288,9440,14160,4720,50.0,0.0,0.0,0,0,5181083,5.181083,True,CLEAN
HAMMING,13-14,2,22,1161,9288,9440,14160,4720,50.0,0.0,0.0,0,0,5166417,5.166417,True,CLEAN
HAMMING,13-14,2,23,1161,9288,9440,14160,4720,50.0,0.0,0.0,0,0,5221584,5.221584,True,CLEAN
HAMMING,13-14,2,24,1161,9288,9440,14160,4720,50.0,0.0,0.0,0,0,5215958,5.215958,True,CLEAN
HAMMING,13-14,2,25,1161,9288,9440,14160,4720,50.0,0.0,0.0,0,0,4983792,4.983792,True,CLEAN
HAMMING,13-14,2,26,1161,9288,9440,14160,4720,50.0,0.0,0.0,0,0,5111083,5.111083,True,CLEAN
HAMMING,13-14,2,27,1161,9288,9440,14160,4720,50.0,0.0,0.0,0,0,5196458,5.196458,True,CLEAN
HAMMING,13-14,2,28,1161,9288,9440,14160,4720,50.0,0.0,0.0,0,0,5204667,5.204667,True,CLEAN
HAMMING,13-14,2,29,1161,9288,9440,14160,4720,50.0,0.0,0.0,0,0,5174834,5.174834,True,CLEAN
HAMMING,13-14,2,30,1161,9288,9440,14160,4720,50.0,0.0,0.0,0,0,5215917,5.215917,True,CLEAN
HAMMING,13-14,2,31,1161,9288,9440,14160,4720,50.0,0.0,0.0,0,0,5274542,5.274542,True,CLEAN
HAMMING,13-14,2,32,1161,9288,9440,14160,4720,50.0,0.0,0.0,0,0,5202875,5.202875,True,CLEAN
HAMMING,13-14,2,33,1161,9288,9440,14160,4720,50.0,0.0,0.0,0,0,5262000,5.262,True,CLEAN
HAMMING,13-14,2,34,1161,9288,9440,14160,4720,50.0,0.0,0.0,0,0,5280834,5.280834,True,CLEAN
HAMMING,13-14,2,35,1161,9288,9440,14160,4720,50.0,0.0,0.0,0,0,5217334,5.217334,True,CLEAN
HAMMING,13-14,2,36,1161,9288,9440,14160,4720,50.0,0.0,0.0,0,0,5218250,5.21825,True,CLEAN
HAMMING,13-14,2,37,1161,9288,9440,14160,4720,50.0,0.0,0.0,0,0,5297458,5.297458,True,CLEAN
HAMMING,13-14,2,38,1161,9288,9440,14160,4720,50.0,0.0,0.0,0,0,5241167,5.241167,True,CLEAN
HAMMING,13-14,2,39,1161,9288,9440,14160,4720,50.0,0.0,0.0,0,0,5210584,5.210584,True,CLEAN
HAMMING,13-14,2,40,1161,9288,9440,14160,4720,50.0,0.0,0.0,0,0,5282625,5.282625,True,CLEAN
HAMMING,13-14,2,41,1161,9288,9440,14160,4720,50.0,0.0,0.0,0,0,5213583,5.213583,True,CLEAN
HAMMING,13-14,2,42,1161,9288,9440,14160,4720,50.0,0.0,0.0,0,0,5251375,5.251375,True,CLEAN
HAMMING,13-14,2,43,1161,9288,9440,14160,4720,50.0,0.0,0.0,0,0,5287167,5.287167,True,CLEAN
HAMMING,13-14,2,44,1161,9288,9440,14160,4720,50.0,0.0,0.0,0,0,5228375,5.228375,True,CLEAN
HAMMING,13-14,2,45,1161,9288,9440,14160,4720,50.0,0.0,0.0,0,0,5189875,5.189875,True,CLEAN
HAMMING,13-14,2,46,1161,9288,9440,14160,4720,50.0,0.0,0.0,0,0,5278916,5.278916,True,CLEAN
HAMMING,13-14,2,47,1161,9288,9440,14160,4720,50.0,0.0,0.0,0,0,5389166,5.389166,True,CLEAN
HAMMING,13-14,2,48,1161,9288,9440,14160,4720,50.0,0.0,0.0,0,0,5365708,5.365708,True,CLEAN
HAMMING,13-14,2,49,1161,9288,9440,14160,4720,50.0,0.0,0.0,0,0,5379542,5.379542,True,CLEAN
HAMMING,13-14,2,50,1161,9288,9440,14160,4720,50.0,0.0,0.0,0,0,5401417,5.401417,True,CLEAN
HAMMING,13-14,2,51,1161,9288,9440,14160,4720,50.0,0.0,0.0,0,0,5410292,5.410292,True,CLEAN
HAMMING,13-14,2,52,1161,9288,9440,14160,4720,50.0,0.0,0.0,0,0,5220000,5.22,True,CLEAN
HAMMING,13-14,2,53,1161,9288,9440,14160,4720,50.0,0.0,0.0,0,0,5313958,5.313958,True,CLEAN
HAMMING,13-14,2,54,1161,9288,9440,14160,4720,50.0,0.0,0.0,0,0,5272708,5.272708,True,CLEAN
HAMMING,13-14,2,55,1161,9288,9440,14160,4720,50.0,0.0,0.0,0,0,5317833,5.317833,True,CLEAN
HAMMING,13-14,2,56,1161,9288,9440,14160,4720,50.0,0.0,0.0,0,0,5221875,5.221875,True,CLEAN
HAMMING,13-14,2,57,1161,9288,9440,14160,4720,50.0,0.0,0.0,0,0,5243125,5.243125,True,CLEAN
HAMMING,13-14,2,58,1161,9288,9440,14160,4720,50.0,0.0,0.0,0,0,5289125,5.289125,True,CLEAN
HAMMING,13-14,2,59,1161,9288,9440,14160,4720,50.0,0.0,0.0,0,0,5276041,5.276041,True,CLEAN
HAMMING,13-14,2,60,1161,9288,9440,14160,4720,50.0,0.0,0.0,0,0,5300833,5.300833,True,CLEAN
HAMMING,13-14,2,61,1161,9288,9440,14160,4720,50.0,0.0,0.0,0,0,5314125,5.314125,True,CLEAN
HAMMING,13-14,2,62,1161,9288,9440,14160,4720,50.0,0.0,0.0,0,0,5355792,5.355792,True,CLEAN
HAMMING,13-14,2,63,1161,9288,9440,14160,4720,50.0,0.0,0.0,0,0,5345459,5.345459,True,CLEAN
HAMMING,13-14,2,64,1161,9288,9440,14160,4720,50.0,0.0,0.0,0,0,5326208,5.326208,True,CLEAN
HAMMING,13-14,2,65,1161,9288,9440,14160,4720,50.0,0.0,0.0,0,0,5348666,5.348666,True,CLEAN
HAMMING,13-14,2,66,1161,9288,9440,14160,4720,50.0,0.0,0.0,0,0,5286458,5.286458,True,CLEAN
HAMMING,13-14,2,67,1161,9288,9440,14160,4720,50.0,0.0,0.0,0,0,5300000,5.3,True,CLEAN
HAMMING,13-14,2,68,1161,9288,9440,14160,4720,50.0,0.0,0.0,0,0,5351916,5.351916,True,CLEAN
HAMMING,13-14,2,69,1161,9288,9440,14160,4720,50.0,0.0,0.0,0,0,5358084,5.358084,True,CLEAN
HAMMING,13-14,2,70,1161,9288,9440,14160,4720,50.0,0.0,0.0,0,0,5288458,5.288458,True,CLEAN
HAMMING,13-14,2,71,1161,9288,9440,14160,4720,50.0,0.0,0.0,0,0,5319333,5.319333,True,CLEAN
HAMMING,13-14,2,72,1161,9288,9440,14160,4720,50.0,0.0,0.0,0,0,5376000,5.376,True,CLEAN
HAMMING,13-14,2,73,1161,9288,9440,14160,4720,50.0,0.0,0.0,0,0,5295334,5.295334,True,CLEAN
HAMMING,13-14,2,74,1161,9288,9440,14160,4720,50.0,0.0,0.0,0,0,5288250,5.28825,True,CLEAN
HAMMING,13-14,2,75,1161,9288,9440,14160,4720,50.0,0.0,0.0,0,0,5353291,5.353291,True,CLEAN
HAMMING,13-14,2,76,1161,9288,9440,14160,4720,50.0,0.0,0.0,0,0,5294500,5.2945,True,CLEAN
HAMMING,13-14,2,77,1161,9288,9440,14160,4720,50.0,0.0,0.0,0,0,5338333,5.338333,True,CLEAN
HAMMING,13-14,2,78,1161,9288,9440,14160,4720,50.0,0.0,0.0,0,0,5333208,5.333208,True,CLEAN
HAMMING,13-14,2,79,1161,9288,9440,14160,4720,50.0,0.0,0.0,0,0,5282000,5.282,True,CLEAN
HAMMING,13-14,2,80,1161,9288,9440,14160,4720,50.0,0.0,0.0,0,0,5307125,5.307125,True,CLEAN
HAMMING,13-14,2,81,1161,9288,9440,14160,4720,50.0,0.0,0.0,0,0,5324209,5.324209,True,CLEAN
HAMMING,13-14,2,82,1161,9288,9440,14160,4720,50.0,0.0,0.0,0,0,5350167,5.350167,True,CLEAN
HAMMING,13-14,2,83,1161,9288,9440,14160,4720,50.0,0.0,0.0,0,0,5297292,5.297292,True,CLEAN
HAMMING,13-14,2,84,1161,9288,9440,14160,4720,50.0,0.0,0.0,0,0,5314417,5.314417,True,CLEAN
HAMMING,13-14,2,85,1161,9288,9440,14160,4720,50.0,0.0,0.0,0,0,5288834,5.288834,True,CLEAN
HAMMING,13-14,2,86,1161,9288,9440,14160,4720,50.0,0.0,0.0,0,0,5301750,5.30175,True,CLEAN
HAMMING,13-14,2,87,1161,9288,9440,14160,4720,50.0,0.0,0.0,0,0,5391250,5.39125,True,CLEAN
HAMMING,13-14,2,88,1161,9288,9440,14160,4720,50.0,0.0,0.0,0,0,5323209,5.323209,True,CLEAN
HAMMING,13-14,2,89,1161,9288,9440,14160,4720,50.0,0.0,0.0,0,0,5320542,5.320542,True,CLEAN
HAMMING,13-14,2,90,1161,9288,9440,14160,4720,50.0,0.0,0.0,0,0,5344417,5.344417,True,CLEAN
HAMMING,13-14,2,91,1161,9288,9440,14160,4720,50.0,0.0,0.0,0,0,5300083,5.300083,True,CLEAN
HAMMING,13-14,2,92,1161,9288,9440,14160,4720,50.0,0.0,0.0,0,0,5285208,5.285208,True,CLEAN
HAMMING,13-14,2,93,1161,9288,9440,14160,4720,50.0,0.0,0.0,0,0,5300125,5.300125,True,CLEAN
HAMMING,13-14,2,94,1161,9288,9440,14160,4720,50.0,0.0,0.0,0,0,5292083,5.292083,True,CLEAN
HAMMING,13-14,2,95,1161,9288,9440,14160,4720,50.0,0.0,0.0,0,0,5287458,5.287458,True,CLEAN
HAMMING,13-14,2,96,1161,9288,9440,14160,4720,50.0,0.0,0.0,0,0,5315458,5.315458,True,CLEAN
HAMMING,13-14,2,97,1161,9288,9440,14160,4720,50.0,0.0,0.0,0,0,5331000,5.331,True,CLEAN
HAMMING,13-14,2,98,1161,9288,9440,14160,4720,50.0,0.0,0.0,0,0,5299959,5.299959,True,CLEAN
HAMMING,13-14,2,99,1161,9288,9440,14160,4720,50.0,0.0,0.0,0,0,5276875,5.276875,True,CLEAN
HAMMING,13-14,2,100,1161,9288,9440,14160,4720,50.0,0.0,0.0,0,0,5280750,5.28075,True,CLEAN
HAMMING,13-14,2,1,1161,9288,9440,14160,4720,50.0,0.01,0.007062146892655367,1,1,4980000,4.98,True,HAMMING_CORRECTED
HAMMING,13-14,2,2,1161,9288,9440,14160,4720,50.0,0.01,0.007062146892655367,1,1,5037667,5.037667,True,HAMMING_CORRECTED
HAMMING,13-14,2,3,1161,9288,9440,14160,4720,50.0,0.01,0.007062146892655367,1,1,5168708,5.168708,True,HAMMING_CORRECTED
HAMMING,13-14,2,4,1161,9288,9440,14160,4720,50.0,0.01,0.007062146892655367,1,1,5212625,5.212625,True,HAMMING_CORRECTED
HAMMING,13-14,2,5,1161,9288,9440,14160,4720,50.0,0.01,0.007062146892655367,1,1,5218917,5.218917,True,HAMMING_CORRECTED
HAMMING,13-14,2,6,1161,9288,9440,14160,4720,50.0,0.01,0.007062146892655367,1,0,5239750,5.23975,True,CLEAN
HAMMING,13-14,2,7,1161,9288,9440,14160,4720,50.0,0.01,0.007062146892655367,1,0,5291958,5.291958,True,CLEAN
HAMMING,13-14,2,8,1161,9288,9440,14160,4720,50.0,0.01,0.007062146892655367,1,2,5286834,5.286834,True,HAMMING_CORRECTED
HAMMING,13-14,2,9,1161,9288,9440,14160,4720,50.0,0.01,0.007062146892655367,1,3,5209792,5.209792,True,HAMMING_CORRECTED
HAMMING,13-14,2,10,1161,9288,9440,14160,4720,50.0,0.01,0.007062146892655367,1,1,5253500,5.2535,True,HAMMING_CORRECTED
HAMMING,13-14,2,11,1161,9288,9440,14160,4720,50.0,0.01,0.007062146892655367,1,1,5259583,5.259583,True,HAMMING_CORRECTED
HAMMING,13-14,2,12,1161,9288,9440,14160,4720,50.0,0.01,0.007062146892655367,1,1,5275333,5.275333,True,HAMMING_CORRECTED
HAMMING,13-14,2,13,1161,9288,9440,14160,4720,50.0,0.01,0.007062146892655367,1,1,5290292,5.290292,True,HAMMING_CORRECTED
HAMMING,13-14,2,14,1161,9288,9440,14160,4720,50.0,0.01,0.007062146892655367,1,2,5223334,5.223334,True,HAMMING_CORRECTED
HAMMING,13-14,2,15,1161,9288,9440,14160,4720,50.0,0.01,0.007062146892655367,1,1,5275166,5.275166,True,HAMMING_CORRECTED
HAMMING,13-14,2,16,1161,9288,9440,14160,4720,50.0,0.01,0.007062146892655367,1,1,5087875,5.087875,True,HAMMING_CORRECTED
HAMMING,13-14,2,17,1161,9288,9440,14160,4720,50.0,0.01,0.007062146892655367,1,0,5209667,5.209667,True,CLEAN
HAMMING,13-14,2,18,1161,9288,9440,14160,4720,50.0,0.01,0.007062146892655367,1,0,5236250,5.23625,True,CLEAN
HAMMING,13-14,2,19,1161,9288,9440,14160,4720,50.0,0.01,0.007062146892655367,1,2,5195625,5.195625,True,HAMMING_CORRECTED
HAMMING,13-14,2,20,1161,9288,9440,14160,4720,50.0,0.01,0.007062146892655367,1,1,5270667,5.270667,True,HAMMING_CORRECTED
HAMMING,13-14,2,21,1161,9288,9440,14160,4720,50.0,0.01,0.007062146892655367,1,1,5243958,5.243958,True,HAMMING_CORRECTED
HAMMING,13-14,2,22,1161,9288,9440,14160,4720,50.0,0.01,0.007062146892655367,1,1,5230334,5.230334,True,HAMMING_CORRECTED
HAMMING,13-14,2,23,1161,9288,9440,14160,4720,50.0,0.01,0.007062146892655367,1,1,5273458,5.273458,True,HAMMING_CORRECTED
HAMMING,13-14,2,24,1161,9288,9440,14160,4720,50.0,0.01,0.007062146892655367,1,0,5232416,5.232416,True,CLEAN
HAMMING,13-14,2,25,1161,9288,9440,14160,4720,50.0,0.01,0.007062146892655367,1,1,5245584,5.245584,True,HAMMING_CORRECTED
HAMMING,13-14,2,26,1161,9288,9440,14160,4720,50.0,0.01,0.007062146892655367,1,0,5295458,5.295458,True,CLEAN
HAMMING,13-14,2,27,1161,9288,9440,14160,4720,50.0,0.01,0.007062146892655367,1,0,5305292,5.305292,True,CLEAN
HAMMING,13-14,2,28,1161,9288,9440,14160,4720,50.0,0.01,0.007062146892655367,1,1,5281833,5.281833,True,HAMMING_CORRECTED
HAMMING,13-14,2,29,1161,9288,9440,14160,4720,50.0,0.01,0.007062146892655367,1,1,5256250,5.25625,True,HAMMING_CORRECTED
HAMMING,13-14,2,30,1161,9288,9440,14160,4720,50.0,0.01,0.007062146892655367,1,1,5293541,5.293541,True,HAMMING_CORRECTED
HAMMING,13-14,2,31,1161,9288,9440,14160,4720,50.0,0.01,0.007062146892655367,1,0,5284542,5.284542,True,CLEAN
HAMMING,13-14,2,32,1161,9288,9440,14160,4720,50.0,0.01,0.007062146892655367,1,1,5203542,5.203542,True,HAMMING_CORRECTED
HAMMING,13-14,2,33,1161,9288,9440,14160,4720,50.0,0.01,0.007062146892655367,1,1,5220625,5.220625,True,HAMMING_CORRECTED
HAMMING,13-14,2,34,1161,9288,9440,14160,4720,50.0,0.01,0.007062146892655367,1,1,5166708,5.166708,True,HAMMING_CORRECTED
HAMMING,13-14,2,35,1161,9288,9440,14160,4720,50.0,0.01,0.007062146892655367,1,0,5222458,5.222458,True,CLEAN
HAMMING,13-14,2,36,1161,9288,9440,14160,4720,50.0,0.01,0.007062146892655367,1,2,5264292,5.264292,True,HAMMING_CORRECTED
HAMMING,13-14,2,37,1161,9288,9440,14160,4720,50.0,0.01,0.007062146892655367,1,1,5276666,5.276666,True,HAMMING_CORRECTED
HAMMING,13-14,2,38,1161,9288,9440,14160,4720,50.0,0.01,0.007062146892655367,1,0,5294667,5.294667,True,CLEAN
HAMMING,13-14,2,39,1161,9288,9440,14160,4720,50.0,0.01,0.007062146892655367,1,1,5256834,5.256834,True,HAMMING_CORRECTED
HAMMING,13-14,2,40,1161,9288,9440,14160,4720,50.0,0.01,0.007062146892655367,1,0,5284917,5.284917,True,CLEAN
HAMMING,13-14,2,41,1161,9288,9440,14160,4720,50.0,0.01,0.007062146892655367,1,3,5262208,5.262208,True,HAMMING_CORRECTED
HAMMING,13-14,2,42,1161,9288,9440,14160,4720,50.0,0.01,0.007062146892655367,1,1,5254417,5.254417,True,HAMMING_CORRECTED
HAMMING,13-14,2,43,1161,9288,9440,14160,4720,50.0,0.01,0.007062146892655367,1,0,5083583,5.083583,True,CLEAN
HAMMING,13-14,2,44,1161,9288,9440,14160,4720,50.0,0.01,0.007062146892655367,1,1,5138250,5.13825,True,HAMMING_CORRECTED
HAMMING,13-14,2,45,1161,9288,9440,14160,4720,50.0,0.01,0.007062146892655367,1,3,5273667,5.273667,True,HAMMING_CORRECTED
HAMMING,13-14,2,46,1161,9288,9440,14160,4720,50.0,0.01,0.007062146892655367,1,0,5298083,5.298083,True,CLEAN
HAMMING,13-14,2,47,1161,9288,9440,14160,4720,50.0,0.01,0.007062146892655367,1,1,5219917,5.219917,True,HAMMING_CORRECTED
HAMMING,13-14,2,48,1161,9288,9440,14160,4720,50.0,0.01,0.007062146892655367,1,0,5280792,5.280792,True,CLEAN
HAMMING,13-14,2,49,1161,9288,9440,14160,4720,50.0,0.01,0.007062146892655367,1,1,5322750,5.32275,True,HAMMING_CORRECTED
HAMMING,13-14,2,50,1161,9288,9440,14160,4720,50.0,0.01,0.007062146892655367,1,0,5218625,5.218625,True,CLEAN
HAMMING,13-14,2,51,1161,9288,9440,14160,4720,50.0,0.01,0.007062146892655367,1,0,5171167,5.171167,True,CLEAN
HAMMING,13-14,2,52,1161,9288,9440,14160,4720,50.0,0.01,0.007062146892655367,1,2,5218834,5.218834,True,HAMMING_CORRECTED
HAMMING,13-14,2,53,1161,9288,9440,14160,4720,50.0,0.01,0.007062146892655367,1,2,5227125,5.227125,True,HAMMING_CORRECTED
HAMMING,13-14,2,54,1161,9288,9440,14160,4720,50.0,0.01,0.007062146892655367,1,0,5191083,5.191083,True,CLEAN
HAMMING,13-14,2,55,1161,9288,9440,14160,4720,50.0,0.01,0.007062146892655367,1,0,5302792,5.302792,True,CLEAN
HAMMING,13-14,2,56,1161,9288,9440,14160,4720,50.0,0.01,0.007062146892655367,1,0,5293542,5.293542,True,CLEAN
HAMMING,13-14,2,57,1161,9288,9440,14160,4720,50.0,0.01,0.007062146892655367,1,0,5282833,5.282833,True,CLEAN
HAMMING,13-14,2,58,1161,9288,9440,14160,4720,50.0,0.01,0.007062146892655367,1,1,5290833,5.290833,True,HAMMING_CORRECTED
HAMMING,13-14,2,59,1161,9288,9440,14160,4720,50.0,0.01,0.007062146892655367,1,0,5377458,5.377458,True,CLEAN
HAMMING,13-14,2,60,1161,9288,9440,14160,4720,50.0,0.01,0.007062146892655367,1,0,5290333,5.290333,True,CLEAN
HAMMING,13-14,2,61,1161,9288,9440,14160,4720,50.0,0.01,0.007062146892655367,1,1,5285041,5.285041,True,HAMMING_CORRECTED
HAMMING,13-14,2,62,1161,9288,9440,14160,4720,50.0,0.01,0.007062146892655367,1,2,5320125,5.320125,True,HAMMING_CORRECTED
HAMMING,13-14,2,63,1161,9288,9440,14160,4720,50.0,0.01,0.007062146892655367,1,1,5270084,5.270084,True,HAMMING_CORRECTED
HAMMING,13-14,2,64,1161,9288,9440,14160,4720,50.0,0.01,0.007062146892655367,1,1,5314583,5.314583,True,HAMMING_CORRECTED
HAMMING,13-14,2,65,1161,9288,9440,14160,4720,50.0,0.01,0.007062146892655367,1,2,5446000,5.446,True,HAMMING_CORRECTED
HAMMING,13-14,2,66,1161,9288,9440,14160,4720,50.0,0.01,0.007062146892655367,1,2,5495125,5.495125,True,HAMMING_CORRECTED
HAMMING,13-14,2,67,1161,9288,9440,14160,4720,50.0,0.01,0.007062146892655367,1,1,5568625,5.568625,True,HAMMING_CORRECTED
HAMMING,13-14,2,68,1161,9288,9440,14160,4720,50.0,0.01,0.007062146892655367,1,1,5446083,5.446083,True,HAMMING_CORRECTED
HAMMING,13-14,2,69,1161,9288,9440,14160,4720,50.0,0.01,0.007062146892655367,1,1,5406125,5.406125,True,HAMMING_CORRECTED
HAMMING,13-14,2,70,1161,9288,9440,14160,4720,50.0,0.01,0.007062146892655367,1,0,5376042,5.376042,True,CLEAN
HAMMING,13-14,2,71,1161,9288,9440,14160,4720,50.0,0.01,0.007062146892655367,1,3,5485500,5.4855,True,HAMMING_CORRECTED
HAMMING,13-14,2,72,1161,9288,9440,14160,4720,50.0,0.01,0.007062146892655367,1,2,5378917,5.378917,True,HAMMING_CORRECTED
HAMMING,13-14,2,73,1161,9288,9440,14160,4720,50.0,0.01,0.007062146892655367,1,3,5430166,5.430166,True,HAMMING_CORRECTED
HAMMING,13-14,2,74,1161,9288,9440,14160,4720,50.0,0.01,0.007062146892655367,1,1,5396291,5.396291,True,HAMMING_CORRECTED
HAMMING,13-14,2,75,1161,9288,9440,14160,4720,50.0,0.01,0.007062146892655367,1,2,5357917,5.357917,True,HAMMING_CORRECTED
HAMMING,13-14,2,76,1161,9288,9440,14160,4720,50.0,0.01,0.007062146892655367,1,0,5382416,5.382416,True,CLEAN
HAMMING,13-14,2,77,1161,9288,9440,14160,4720,50.0,0.01,0.007062146892655367,1,2,5462666,5.462666,True,HAMMING_CORRECTED
HAMMING,13-14,2,78,1161,9288,9440,14160,4720,50.0,0.01,0.007062146892655367,1,0,5382125,5.382125,True,CLEAN
HAMMING,13-14,2,79,1161,9288,9440,14160,4720,50.0,0.01,0.007062146892655367,1,0,5431167,5.431167,True,CLEAN
HAMMING,13-14,2,80,1161,9288,9440,14160,4720,50.0,0.01,0.007062146892655367,1,2,5458209,5.458209,True,HAMMING_CORRECTED
HAMMING,13-14,2,81,1161,9288,9440,14160,4720,50.0,0.01,0.007062146892655367,1,1,5456958,5.456958,True,HAMMING_CORRECTED
HAMMING,13-14,2,82,1161,9288,9440,14160,4720,50.0,0.01,0.007062146892655367,1,1,5373667,5.373667,True,HAMMING_CORRECTED
HAMMING,13-14,2,83,1161,9288,9440,14160,4720,50.0,0.01,0.007062146892655367,1,4,5378042,5.378042,True,HAMMING_CORRECTED
HAMMING,13-14,2,84,1161,9288,9440,14160,4720,50.0,0.01,0.007062146892655367,1,0,5323875,5.323875,True,CLEAN
HAMMING,13-14,2,85,1161,9288,9440,14160,4720,50.0,0.01,0.007062146892655367,1,1,5329541,5.329541,True,HAMMING_CORRECTED
HAMMING,13-14,2,86,1161,9288,9440,14160,4720,50.0,0.01,0.007062146892655367,1,0,5340375,5.340375,True,CLEAN
HAMMING,13-14,2,87,1161,9288,9440,14160,4720,50.0,0.01,0.007062146892655367,1,1,5289166,5.289166,True,HAMMING_CORRECTED
HAMMING,13-14,2,88,1161,9288,9440,14160,4720,50.0,0.01,0.007062146892655367,1,0,5262500,5.2625,True,CLEAN
HAMMING,13-14,2,89,1161,9288,9440,14160,4720,50.0,0.01,0.007062146892655367,1,1,5271375,5.271375,True,HAMMING_CORRECTED
HAMMING,13-14,2,90,1161,9288,9440,14160,4720,50.0,0.01,0.007062146892655367,1,1,5272833,5.272833,True,HAMMING_CORRECTED
HAMMING,13-14,2,91,1161,9288,9440,14160,4720,50.0,0.01,0.007062146892655367,1,2,5281209,5.281209,True,HAMMING_CORRECTED
HAMMING,13-14,2,92,1161,9288,9440,14160,4720,50.0,0.01,0.007062146892655367,1,0,5121250,5.12125,True,CLEAN
HAMMING,13-14,2,93,1161,9288,9440,14160,4720,50.0,0.01,0.007062146892655367,1,1,5153708,5.153708,True,HAMMING_CORRECTED
HAMMING,13-14,2,94,1161,9288,9440,14160,4720,50.0,0.01,0.007062146892655367,1,0,5203708,5.203708,True,CLEAN
HAMMING,13-14,2,95,1161,9288,9440,14160,4720,50.0,0.01,0.007062146892655367,1,1,5327042,5.327042,True,HAMMING_CORRECTED
HAMMING,13-14,2,96,1161,9288,9440,14160,4720,50.0,0.01,0.007062146892655367,1,1,5217625,5.217625,True,HAMMING_CORRECTED
HAMMING,13-14,2,97,1161,9288,9440,14160,4720,50.0,0.01,0.007062146892655367,1,3,5238041,5.238041,True,HAMMING_CORRECTED
HAMMING,13-14,2,98,1161,9288,9440,14160,4720,50.0,0.01,0.007062146892655367,1,3,5271792,5.271792,True,HAMMING_CORRECTED
HAMMING,13-14,2,99,1161,9288,9440,14160,4720,50.0,0.01,0.007062146892655367,1,1,5269583,5.269583,True,HAMMING_CORRECTED
HAMMING,13-14,2,100,1161,9288,9440,14160,4720,50.0,0.01,0.007062146892655367,1,0,5285417,5.285417,True,CLEAN
HAMMING,13-14,2,1,1161,9288,9440,14160,4720,50.0,0.1,0.09887005649717513,14,8,5150291,5.150291,True,HAMMING_CORRECTED
HAMMING,13-14,2,2,1161,9288,9440,14160,4720,50.0,0.1,0.09887005649717513,14,18,5061541,5.061541,True,HAMMING_CORRECTED
HAMMING,13-14,2,3,1161,9288,9440,14160,4720,50.0,0.1,0.09887005649717513,14,19,5221041,5.221041,True,HAMMING_CORRECTED
HAMMING,13-14,2,4,1161,9288,9440,14160,4720,50.0,0.1,0.09887005649717513,14,19,5260041,5.260041,True,HAMMING_CORRECTED
HAMMING,13-14,2,5,1161,9288,9440,14160,4720,50.0,0.1,0.09887005649717513,14,15,5246000,5.246,True,HAMMING_CORRECTED
HAMMING,13-14,2,6,1161,9288,9440,14160,4720,50.0,0.1,0.09887005649717513,14,12,5241375,5.241375,True,HAMMING_CORRECTED
HAMMING,13-14,2,7,1161,9288,9440,14160,4720,50.0,0.1,0.09887005649717513,14,21,5262083,5.262083,True,HAMMING_CORRECTED
HAMMING,13-14,2,8,1161,9288,9440,14160,4720,50.0,0.1,0.09887005649717513,14,11,5235250,5.23525,True,HAMMING_CORRECTED
HAMMING,13-14,2,9,1161,9288,9440,14160,4720,50.0,0.1,0.09887005649717513,14,12,5265833,5.265833,True,HAMMING_CORRECTED
HAMMING,13-14,2,10,1161,9288,9440,14160,4720,50.0,0.1,0.09887005649717513,14,10,5223292,5.223292,True,HAMMING_CORRECTED
HAMMING,13-14,2,11,1161,9288,9440,14160,4720,50.0,0.1,0.09887005649717513,14,11,5251083,5.251083,True,HAMMING_CORRECTED
HAMMING,13-14,2,12,1161,9288,9440,14160,4720,50.0,0.1,0.09887005649717513,14,14,5259167,5.259167,True,HAMMING_CORRECTED
HAMMING,13-14,2,13,1161,9288,9440,14160,4720,50.0,0.1,0.09887005649717513,14,18,5330500,5.3305,True,HAMMING_CORRECTED
HAMMING,13-14,2,14,1161,9288,9440,14160,4720,50.0,0.1,0.09887005649717513,14,13,5250833,5.250833,True,HAMMING_CORRECTED
HAMMING,13-14,2,15,1161,9288,9440,14160,4720,50.0,0.1,0.09887005649717513,14,15,5232166,5.232166,True,HAMMING_CORRECTED
HAMMING,13-14,2,16,1161,9288,9440,14160,4720,50.0,0.1,0.09887005649717513,14,17,5232417,5.232417,True,HAMMING_CORRECTED
HAMMING,13-14,2,17,1161,9288,9440,14160,4720,50.0,0.1,0.09887005649717513,14,20,5264917,5.264917,True,HAMMING_CORRECTED
HAMMING,13-14,2,18,1161,9288,9440,14160,4720,50.0,0.1,0.09887005649717513,14,15,5258792,5.258792,True,HAMMING_CORRECTED
HAMMING,13-14,2,19,1161,9288,9440,14160,4720,50.0,0.1,0.09887005649717513,14,15,5303458,5.303458,True,HAMMING_CORRECTED
HAMMING,13-14,2,20,1161,9288,9440,14160,4720,50.0,0.1,0.09887005649717513,14,18,5252292,5.252292,True,HAMMING_CORRECTED
HAMMING,13-14,2,21,1161,9288,9440,14160,4720,50.0,0.1,0.09887005649717513,14,14,5263792,5.263792,True,HAMMING_CORRECTED
HAMMING,13-14,2,22,1161,9288,9440,14160,4720,50.0,0.1,0.09887005649717513,14,7,5245792,5.245792,,HAMMING_RECOVERY_FAILED
HAMMING,13-14,2,23,1161,9288,9440,14160,4720,50.0,0.1,0.09887005649717513,14,15,5259958,5.259958,True,HAMMING_CORRECTED
HAMMING,13-14,2,24,1161,9288,9440,14160,4720,50.0,0.1,0.09887005649717513,14,21,5245042,5.245042,True,HAMMING_CORRECTED
HAMMING,13-14,2,25,1161,9288,9440,14160,4720,50.0,0.1,0.09887005649717513,14,18,5275625,5.275625,True,HAMMING_CORRECTED
HAMMING,13-14,2,26,1161,9288,9440,14160,4720,50.0,0.1,0.09887005649717513,14,14,5120417,5.120417,True,HAMMING_CORRECTED
HAMMING,13-14,2,27,1161,9288,9440,14160,4720,50.0,0.1,0.09887005649717513,14,10,5197500,5.1975,True,HAMMING_CORRECTED
HAMMING,13-14,2,28,1161,9288,9440,14160,4720,50.0,0.1,0.09887005649717513,14,18,5182708,5.182708,True,HAMMING_CORRECTED
HAMMING,13-14,2,29,1161,9288,9440,14160,4720,50.0,0.1,0.09887005649717513,14,15,5213375,5.213375,True,HAMMING_CORRECTED
HAMMING,13-14,2,30,1161,9288,9440,14160,4720,50.0,0.1,0.09887005649717513,14,13,5225792,5.225792,True,HAMMING_CORRECTED
HAMMING,13-14,2,31,1161,9288,9440,14160,4720,50.0,0.1,0.09887005649717513,14,19,5278333,5.278333,True,HAMMING_CORRECTED
HAMMING,13-14,2,32,1161,9288,9440,14160,4720,50.0,0.1,0.09887005649717513,14,14,5240416,5.240416,True,HAMMING_CORRECTED
HAMMING,13-14,2,33,1161,9288,9440,14160,4720,50.0,0.1,0.09887005649717513,14,8,5190041,5.190041,True,HAMMING_CORRECTED
HAMMING,13-14,2,34,1161,9288,9440,14160,4720,50.0,0.1,0.09887005649717513,14,19,5156333,5.156333,True,HAMMING_CORRECTED
HAMMING,13-14,2,35,1161,9288,9440,14160,4720,50.0,0.1,0.09887005649717513,14,15,5217459,5.217459,True,HAMMING_CORRECTED
HAMMING,13-14,2,36,1161,9288,9440,14160,4720,50.0,0.1,0.09887005649717513,14,15,5209750,5.20975,True,HAMMING_CORRECTED
HAMMING,13-14,2,37,1161,9288,9440,14160,4720,50.0,0.1,0.09887005649717513,14,19,5284375,5.284375,True,HAMMING_CORRECTED
HAMMING,13-14,2,38,1161,9288,9440,14160,4720,50.0,0.1,0.09887005649717513,14,16,5122917,5.122917,,HAMMING_RECOVERY_FAILED
HAMMING,13-14,2,39,1161,9288,9440,14160,4720,50.0,0.1,0.09887005649717513,14,15,5316416,5.316416,True,HAMMING_CORRECTED
HAMMING,13-14,2,40,1161,9288,9440,14160,4720,50.0,0.1,0.09887005649717513,14,7,5463459,5.463459,True,HAMMING_CORRECTED
HAMMING,13-14,2,41,1161,9288,9440,14160,4720,50.0,0.1,0.09887005649717513,14,13,5705000,5.705,True,HAMMING_CORRECTED
HAMMING,13-14,2,42,1161,9288,9440,14160,4720,50.0,0.1,0.09887005649717513,14,23,5208125,5.208125,True,HAMMING_CORRECTED
HAMMING,13-14,2,43,1161,9288,9440,14160,4720,50.0,0.1,0.09887005649717513,14,10,5219959,5.219959,True,HAMMING_CORRECTED
HAMMING,13-14,2,44,1161,9288,9440,14160,4720,50.0,0.1,0.09887005649717513,14,16,5217875,5.217875,True,HAMMING_CORRECTED
HAMMING,13-14,2,45,1161,9288,9440,14160,4720,50.0,0.1,0.09887005649717513,14,11,5207542,5.207542,True,HAMMING_CORRECTED
HAMMING,13-14,2,46,1161,9288,9440,14160,4720,50.0,0.1,0.09887005649717513,14,17,5209041,5.209041,True,HAMMING_CORRECTED
HAMMING,13-14,2,47,1161,9288,9440,14160,4720,50.0,0.1,0.09887005649717513,14,13,5211208,5.211208,True,HAMMING_CORRECTED
HAMMING,13-14,2,48,1161,9288,9440,14160,4720,50.0,0.1,0.09887005649717513,14,19,5225000,5.225,True,HAMMING_CORRECTED
HAMMING,13-14,2,49,1161,9288,9440,14160,4720,50.0,0.1,0.09887005649717513,14,19,5175375,5.175375,True,HAMMING_CORRECTED
HAMMING,13-14,2,50,1161,9288,9440,14160,4720,50.0,0.1,0.09887005649717513,14,12,5225625,5.225625,True,HAMMING_CORRECTED
HAMMING,13-14,2,51,1161,9288,9440,14160,4720,50.0,0.1,0.09887005649717513,14,12,5226125,5.226125,True,HAMMING_CORRECTED
HAMMING,13-14,2,52,1161,9288,9440,14160,4720,50.0,0.1,0.09887005649717513,14,15,5216250,5.21625,True,HAMMING_CORRECTED
HAMMING,13-14,2,53,1161,9288,9440,14160,4720,50.0,0.1,0.09887005649717513,14,15,5213666,5.213666,True,HAMMING_CORRECTED
HAMMING,13-14,2,54,1161,9288,9440,14160,4720,50.0,0.1,0.09887005649717513,14,15,5290667,5.290667,True,HAMMING_CORRECTED
HAMMING,13-14,2,55,1161,9288,9440,14160,4720,50.0,0.1,0.09887005649717513,14,18,5219958,5.219958,True,HAMMING_CORRECTED
HAMMING,13-14,2,56,1161,9288,9440,14160,4720,50.0,0.1,0.09887005649717513,14,9,5170042,5.170042,True,HAMMING_CORRECTED
HAMMING,13-14,2,57,1161,9288,9440,14160,4720,50.0,0.1,0.09887005649717513,14,8,5230583,5.230583,True,HAMMING_CORRECTED
HAMMING,13-14,2,58,1161,9288,9440,14160,4720,50.0,0.1,0.09887005649717513,14,15,5189208,5.189208,True,HAMMING_CORRECTED
HAMMING,13-14,2,59,1161,9288,9440,14160,4720,50.0,0.1,0.09887005649717513,14,24,5162792,5.162792,True,HAMMING_CORRECTED
HAMMING,13-14,2,60,1161,9288,9440,14160,4720,50.0,0.1,0.09887005649717513,14,10,5210500,5.2105,True,HAMMING_CORRECTED
HAMMING,13-14,2,61,1161,9288,9440,14160,4720,50.0,0.1,0.09887005649717513,14,16,5216167,5.216167,False,HAMMING_RECOVERY_FAILED
HAMMING,13-14,2,62,1161,9288,9440,14160,4720,50.0,0.1,0.09887005649717513,14,8,5212541,5.212541,True,HAMMING_CORRECTED
HAMMING,13-14,2,63,1161,9288,9440,14160,4720,50.0,0.1,0.09887005649717513,14,11,5235833,5.235833,True,HAMMING_CORRECTED
HAMMING,13-14,2,64,1161,9288,9440,14160,4720,50.0,0.1,0.09887005649717513,14,12,5182334,5.182334,True,HAMMING_CORRECTED
HAMMING,13-14,2,65,1161,9288,9440,14160,4720,50.0,0.1,0.09887005649717513,14,17,5215375,5.215375,True,HAMMING_CORRECTED
HAMMING,13-14,2,66,1161,9288,9440,14160,4720,50.0,0.1,0.09887005649717513,14,13,5240416,5.240416,True,HAMMING_CORRECTED
HAMMING,13-14,2,67,1161,9288,9440,14160,4720,50.0,0.1,0.09887005649717513,14,10,5189792,5.189792,True,HAMMING_CORRECTED
HAMMING,13-14,2,68,1161,9288,9440,14160,4720,50.0,0.1,0.09887005649717513,14,7,5216125,5.216125,True,HAMMING_CORRECTED
HAMMING,13-14,2,69,1161,9288,9440,14160,4720,50.0,0.1,0.09887005649717513,14,21,5164750,5.16475,True,HAMMING_CORRECTED
HAMMING,13-14,2,70,1161,9288,9440,14160,4720,50.0,0.1,0.09887005649717513,14,22,5236083,5.236083,False,HAMMING_RECOVERY_FAILED
HAMMING,13-14,2,71,1161,9288,9440,14160,4720,50.0,0.1,0.09887005649717513,14,14,5192167,5.192167,True,HAMMING_CORRECTED
HAMMING,13-14,2,72,1161,9288,9440,14160,4720,50.0,0.1,0.09887005649717513,14,17,5207959,5.207959,True,HAMMING_CORRECTED
HAMMING,13-14,2,73,1161,9288,9440,14160,4720,50.0,0.1,0.09887005649717513,14,14,5278416,5.278416,False,HAMMING_RECOVERY_FAILED
HAMMING,13-14,2,74,1161,9288,9440,14160,4720,50.0,0.1,0.09887005649717513,14,15,5180958,5.180958,True,HAMMING_CORRECTED
HAMMING,13-14,2,75,1161,9288,9440,14160,4720,50.0,0.1,0.09887005649717513,14,13,5250209,5.250209,True,HAMMING_CORRECTED
HAMMING,13-14,2,76,1161,9288,9440,14160,4720,50.0,0.1,0.09887005649717513,14,15,5205208,5.205208,True,HAMMING_CORRECTED
HAMMING,13-14,2,77,1161,9288,9440,14160,4720,50.0,0.1,0.09887005649717513,14,7,5167250,5.16725,True,HAMMING_CORRECTED
HAMMING,13-14,2,78,1161,9288,9440,14160,4720,50.0,0.1,0.09887005649717513,14,11,5223583,5.223583,True,HAMMING_CORRECTED
HAMMING,13-14,2,79,1161,9288,9440,14160,4720,50.0,0.1,0.09887005649717513,14,25,5233625,5.233625,True,HAMMING_CORRECTED
HAMMING,13-14,2,80,1161,9288,9440,14160,4720,50.0,0.1,0.09887005649717513,14,12,5289541,5.289541,True,HAMMING_CORRECTED
HAMMING,13-14,2,81,1161,9288,9440,14160,4720,50.0,0.1,0.09887005649717513,14,19,5262292,5.262292,True,HAMMING_CORRECTED
HAMMING,13-14,2,82,1161,9288,9440,14160,4720,50.0,0.1,0.09887005649717513,14,13,5118292,5.118292,True,HAMMING_CORRECTED
HAMMING,13-14,2,83,1161,9288,9440,14160,4720,50.0,0.1,0.09887005649717513,14,16,5132875,5.132875,True,HAMMING_CORRECTED
HAMMING,13-14,2,84,1161,9288,9440,14160,4720,50.0,0.1,0.09887005649717513,14,19,5146792,5.146792,True,HAMMING_CORRECTED
HAMMING,13-14,2,85,1161,9288,9440,14160,4720,50.0,0.1,0.09887005649717513,14,14,5315916,5.315916,True,HAMMING_CORRECTED
HAMMING,13-14,2,86,1161,9288,9440,14160,4720,50.0,0.1,0.09887005649717513,14,15,5364708,5.364708,True,HAMMING_CORRECTED
HAMMING,13-14,2,87,1161,9288,9440,14160,4720,50.0,0.1,0.09887005649717513,14,15,5111708,5.111708,True,HAMMING_CORRECTED
HAMMING,13-14,2,88,1161,9288,9440,14160,4720,50.0,0.1,0.09887005649717513,14,14,5086625,5.086625,,HAMMING_RECOVERY_FAILED
HAMMING,13-14,2,89,1161,9288,9440,14160,4720,50.0,0.1,0.09887005649717513,14,19,5259917,5.259917,True,HAMMING_CORRECTED
HAMMING,13-14,2,90,1161,9288,9440,14160,4720,50.0,0.1,0.09887005649717513,14,18,5261583,5.261583,,HAMMING_RECOVERY_FAILED
HAMMING,13-14,2,91,1161,9288,9440,14160,4720,50.0,0.1,0.09887005649717513,14,17,5180500,5.1805,True,HAMMING_CORRECTED
HAMMING,13-14,2,92,1161,9288,9440,14160,4720,50.0,0.1,0.09887005649717513,14,15,5171291,5.171291,True,HAMMING_CORRECTED
HAMMING,13-14,2,93,1161,9288,9440,14160,4720,50.0,0.1,0.09887005649717513,14,14,5289584,5.289584,True,HAMMING_CORRECTED
HAMMING,13-14,2,94,1161,9288,9440,14160,4720,50.0,0.1,0.09887005649717513,14,14,5048000,5.048,True,HAMMING_CORRECTED
HAMMING,13-14,2,95,1161,9288,9440,14160,4720,50.0,0.1,0.09887005649717513,14,12,5141041,5.141041,True,HAMMING_CORRECTED
HAMMING,13-14,2,96,1161,9288,9440,14160,4720,50.0,0.1,0.09887005649717513,14,13,5183417,5.183417,True,HAMMING_CORRECTED
HAMMING,13-14,2,97,1161,9288,9440,14160,4720,50.0,0.1,0.09887005649717513,14,10,5188875,5.188875,True,HAMMING_CORRECTED
HAMMING,13-14,2,98,1161,9288,9440,14160,4720,50.0,0.1,0.09887005649717513,14,16,5177916,5.177916,True,HAMMING_CORRECTED
HAMMING,13-14,2,99,1161,9288,9440,14160,4720,50.0,0.1,0.09887005649717513,14,18,5161250,5.16125,True,HAMMING_CORRECTED
HAMMING,13-14,2,100,1161,9288,9440,14160,4720,50.0,0.1,0.09887005649717513,14,16,5189416,5.189416,True,HAMMING_CORRECTED
HAMMING,13-14,2,1,1161,9288,9440,14160,4720,50.0,1.0,1.002824858757062,142,163,5017792,5.017792,,HAMMING_RECOVERY_FAILED
HAMMING,13-14,2,2,1161,9288,9440,14160,4720,50.0,1.0,1.002824858757062,142,140,5069583,5.069583,,HAMMING_RECOVERY_FAILED
HAMMING,13-14,2,3,1161,9288,9440,14160,4720,50.0,1.0,1.002824858757062,142,148,5167750,5.16775,,HAMMING_RECOVERY_FAILED
HAMMING,13-14,2,4,1161,9288,9440,14160,4720,50.0,1.0,1.002824858757062,142,138,5148542,5.148542,,HAMMING_RECOVERY_FAILED
HAMMING,13-14,2,5,1161,9288,9440,14160,4720,50.0,1.0,1.002824858757062,142,146,5155625,5.155625,,HAMMING_RECOVERY_FAILED
HAMMING,13-14,2,6,1161,9288,9440,14160,4720,50.0,1.0,1.002824858757062,142,153,5137292,5.137292,,HAMMING_RECOVERY_FAILED
HAMMING,13-14,2,7,1161,9288,9440,14160,4720,50.0,1.0,1.002824858757062,142,133,5197917,5.197917,,HAMMING_RECOVERY_FAILED
HAMMING,13-14,2,8,1161,9288,9440,14160,4720,50.0,1.0,1.002824858757062,142,127,5154875,5.154875,,HAMMING_RECOVERY_FAILED
HAMMING,13-14,2,9,1161,9288,9440,14160,4720,50.0,1.0,1.002824858757062,142,131,5176125,5.176125,,HAMMING_RECOVERY_FAILED
HAMMING,13-14,2,10,1161,9288,9440,14160,4720,50.0,1.0,1.002824858757062,142,142,5214875,5.214875,,HAMMING_RECOVERY_FAILED
HAMMING,13-14,2,11,1161,9288,9440,14160,4720,50.0,1.0,1.002824858757062,142,148,5134792,5.134792,,HAMMING_RECOVERY_FAILED
HAMMING,13-14,2,12,1161,9288,9440,14160,4720,50.0,1.0,1.002824858757062,142,152,5172625,5.172625,,HAMMING_RECOVERY_FAILED
HAMMING,13-14,2,13,1161,9288,9440,14160,4720,50.0,1.0,1.002824858757062,142,123,5228250,5.22825,,HAMMING_RECOVERY_FAILED
HAMMING,13-14,2,14,1161,9288,9440,14160,4720,50.0,1.0,1.002824858757062,142,126,5183791,5.183791,,HAMMING_RECOVERY_FAILED
HAMMING,13-14,2,15,1161,9288,9440,14160,4720,50.0,1.0,1.002824858757062,142,150,5112167,5.112167,,HAMMING_RECOVERY_FAILED
HAMMING,13-14,2,16,1161,9288,9440,14160,4720,50.0,1.0,1.002824858757062,142,168,5115834,5.115834,,HAMMING_RECOVERY_FAILED
HAMMING,13-14,2,17,1161,9288,9440,14160,4720,50.0,1.0,1.002824858757062,142,157,5215291,5.215291,,HAMMING_RECOVERY_FAILED
HAMMING,13-14,2,18,1161,9288,9440,14160,4720,50.0,1.0,1.002824858757062,142,141,5163916,5.163916,,HAMMING_RECOVERY_FAILED
HAMMING,13-14,2,19,1161,9288,9440,14160,4720,50.0,1.0,1.002824858757062,142,155,5107667,5.107667,,HAMMING_RECOVERY_FAILED
HAMMING,13-14,2,20,1161,9288,9440,14160,4720,50.0,1.0,1.002824858757062,142,137,5190208,5.190208,,HAMMING_RECOVERY_FAILED
HAMMING,13-14,2,21,1161,9288,9440,14160,4720,50.0,1.0,1.002824858757062,142,126,5241167,5.241167,False,HAMMING_RECOVERY_FAILED
HAMMING,13-14,2,22,1161,9288,9440,14160,4720,50.0,1.0,1.002824858757062,142,146,5072875,5.072875,,HAMMING_RECOVERY_FAILED
HAMMING,13-14,2,23,1161,9288,9440,14160,4720,50.0,1.0,1.002824858757062,142,148,5070542,5.070542,,HAMMING_RECOVERY_FAILED
HAMMING,13-14,2,24,1161,9288,9440,14160,4720,50.0,1.0,1.002824858757062,142,151,5071917,5.071917,,HAMMING_RECOVERY_FAILED
HAMMING,13-14,2,25,1161,9288,9440,14160,4720,50.0,1.0,1.002824858757062,142,137,5156584,5.156584,,HAMMING_RECOVERY_FAILED
HAMMING,13-14,2,26,1161,9288,9440,14160,4720,50.0,1.0,1.002824858757062,142,147,5225500,5.2255,,HAMMING_RECOVERY_FAILED
HAMMING,13-14,2,27,1161,9288,9440,14160,4720,50.0,1.0,1.002824858757062,142,152,5143250,5.14325,,HAMMING_RECOVERY_FAILED
HAMMING,13-14,2,28,1161,9288,9440,14160,4720,50.0,1.0,1.002824858757062,142,134,5217542,5.217542,,HAMMING_RECOVERY_FAILED
HAMMING,13-14,2,29,1161,9288,9440,14160,4720,50.0,1.0,1.002824858757062,142,134,5197083,5.197083,,HAMMING_RECOVERY_FAILED
HAMMING,13-14,2,30,1161,9288,9440,14160,4720,50.0,1.0,1.002824858757062,142,167,5201042,5.201042,,HAMMING_RECOVERY_FAILED
HAMMING,13-14,2,31,1161,9288,9440,14160,4720,50.0,1.0,1.002824858757062,142,136,5176292,5.176292,,HAMMING_RECOVERY_FAILED
HAMMING,13-14,2,32,1161,9288,9440,14160,4720,50.0,1.0,1.002824858757062,142,144,5208667,5.208667,,HAMMING_RECOVERY_FAILED
HAMMING,13-14,2,33,1161,9288,9440,14160,4720,50.0,1.0,1.002824858757062,142,136,5253625,5.253625,False,HAMMING_RECOVERY_FAILED
HAMMING,13-14,2,34,1161,9288,9440,14160,4720,50.0,1.0,1.002824858757062,142,127,5209000,5.209,,HAMMING_RECOVERY_FAILED
HAMMING,13-14,2,35,1161,9288,9440,14160,4720,50.0,1.0,1.002824858757062,142,146,5155959,5.155959,,HAMMING_RECOVERY_FAILED
HAMMING,13-14,2,36,1161,9288,9440,14160,4720,50.0,1.0,1.002824858757062,142,145,5137750,5.13775,,HAMMING_RECOVERY_FAILED
HAMMING,13-14,2,37,1161,9288,9440,14160,4720,50.0,1.0,1.002824858757062,142,145,5172125,5.172125,,HAMMING_RECOVERY_FAILED
HAMMING,13-14,2,38,1161,9288,9440,14160,4720,50.0,1.0,1.002824858757062,142,152,5166584,5.166584,,HAMMING_RECOVERY_FAILED
HAMMING,13-14,2,39,1161,9288,9440,14160,4720,50.0,1.0,1.002824858757062,142,150,5206083,5.206083,,HAMMING_RECOVERY_FAILED
HAMMING,13-14,2,40,1161,9288,9440,14160,4720,50.0,1.0,1.002824858757062,142,139,5135417,5.135417,,HAMMING_RECOVERY_FAILED
HAMMING,13-14,2,41,1161,9288,9440,14160,4720,50.0,1.0,1.002824858757062,142,149,5201542,5.201542,,HAMMING_RECOVERY_FAILED
HAMMING,13-14,2,42,1161,9288,9440,14160,4720,50.0,1.0,1.002824858757062,142,134,5076875,5.076875,,HAMMING_RECOVERY_FAILED
HAMMING,13-14,2,43,1161,9288,9440,14160,4720,50.0,1.0,1.002824858757062,142,160,5159042,5.159042,,HAMMING_RECOVERY_FAILED
HAMMING,13-14,2,44,1161,9288,9440,14160,4720,50.0,1.0,1.002824858757062,142,137,5131834,5.131834,,HAMMING_RECOVERY_FAILED
HAMMING,13-14,2,45,1161,9288,9440,14160,4720,50.0,1.0,1.002824858757062,142,170,5164208,5.164208,,HAMMING_RECOVERY_FAILED
HAMMING,13-14,2,46,1161,9288,9440,14160,4720,50.0,1.0,1.002824858757062,142,129,5196500,5.1965,False,HAMMING_RECOVERY_FAILED
HAMMING,13-14,2,47,1161,9288,9440,14160,4720,50.0,1.0,1.002824858757062,142,143,5082250,5.08225,,HAMMING_RECOVERY_FAILED
HAMMING,13-14,2,48,1161,9288,9440,14160,4720,50.0,1.0,1.002824858757062,142,136,5184333,5.184333,,HAMMING_RECOVERY_FAILED
HAMMING,13-14,2,49,1161,9288,9440,14160,4720,50.0,1.0,1.002824858757062,142,172,5197167,5.197167,,HAMMING_RECOVERY_FAILED
HAMMING,13-14,2,50,1161,9288,9440,14160,4720,50.0,1.0,1.002824858757062,142,146,5224750,5.22475,,HAMMING_RECOVERY_FAILED
HAMMING,13-14,2,51,1161,9288,9440,14160,4720,50.0,1.0,1.002824858757062,142,140,5159709,5.159709,,HAMMING_RECOVERY_FAILED
HAMMING,13-14,2,52,1161,9288,9440,14160,4720,50.0,1.0,1.002824858757062,142,143,5223208,5.223208,,HAMMING_RECOVERY_FAILED
HAMMING,13-14,2,53,1161,9288,9440,14160,4720,50.0,1.0,1.002824858757062,142,139,5087583,5.087583,,HAMMING_RECOVERY_FAILED
HAMMING,13-14,2,54,1161,9288,9440,14160,4720,50.0,1.0,1.002824858757062,142,134,5168292,5.168292,,HAMMING_RECOVERY_FAILED
HAMMING,13-14,2,55,1161,9288,9440,14160,4720,50.0,1.0,1.002824858757062,142,152,5188750,5.18875,,HAMMING_RECOVERY_FAILED
HAMMING,13-14,2,56,1161,9288,9440,14160,4720,50.0,1.0,1.002824858757062,142,148,5192709,5.192709,,HAMMING_RECOVERY_FAILED
HAMMING,13-14,2,57,1161,9288,9440,14160,4720,50.0,1.0,1.002824858757062,142,148,5163958,5.163958,,HAMMING_RECOVERY_FAILED
HAMMING,13-14,2,58,1161,9288,9440,14160,4720,50.0,1.0,1.002824858757062,142,160,5126167,5.126167,,HAMMING_RECOVERY_FAILED
HAMMING,13-14,2,59,1161,9288,9440,14160,4720,50.0,1.0,1.002824858757062,142,140,5116083,5.116083,,HAMMING_RECOVERY_FAILED
HAMMING,13-14,2,60,1161,9288,9440,14160,4720,50.0,1.0,1.002824858757062,142,139,5276708,5.276708,,HAMMING_RECOVERY_FAILED
HAMMING,13-14,2,61,1161,9288,9440,14160,4720,50.0,1.0,1.002824858757062,142,152,5151834,5.151834,,HAMMING_RECOVERY_FAILED
HAMMING,13-14,2,62,1161,9288,9440,14160,4720,50.0,1.0,1.002824858757062,142,160,5137500,5.1375,,HAMMING_RECOVERY_FAILED
HAMMING,13-14,2,63,1161,9288,9440,14160,4720,50.0,1.0,1.002824858757062,142,148,5121959,5.121959,,HAMMING_RECOVERY_FAILED
HAMMING,13-14,2,64,1161,9288,9440,14160,4720,50.0,1.0,1.002824858757062,142,119,5191917,5.191917,,HAMMING_RECOVERY_FAILED
HAMMING,13-14,2,65,1161,9288,9440,14160,4720,50.0,1.0,1.002824858757062,142,135,5179834,5.179834,,HAMMING_RECOVERY_FAILED
HAMMING,13-14,2,66,1161,9288,9440,14160,4720,50.0,1.0,1.002824858757062,142,160,5130333,5.130333,,HAMMING_RECOVERY_FAILED
HAMMING,13-14,2,67,1161,9288,9440,14160,4720,50.0,1.0,1.002824858757062,142,149,5182375,5.182375,,HAMMING_RECOVERY_FAILED
HAMMING,13-14,2,68,1161,9288,9440,14160,4720,50.0,1.0,1.002824858757062,142,143,5291875,5.291875,,HAMMING_RECOVERY_FAILED
HAMMING,13-14,2,69,1161,9288,9440,14160,4720,50.0,1.0,1.002824858757062,142,125,5186333,5.186333,,HAMMING_RECOVERY_FAILED
HAMMING,13-14,2,70,1161,9288,9440,14160,4720,50.0,1.0,1.002824858757062,142,141,5092750,5.09275,,HAMMING_RECOVERY_FAILED
HAMMING,13-14,2,71,1161,9288,9440,14160,4720,50.0,1.0,1.002824858757062,142,145,5155833,5.155833,,HAMMING_RECOVERY_FAILED
HAMMING,13-14,2,72,1161,9288,9440,14160,4720,50.0,1.0,1.002824858757062,142,156,5087500,5.0875,,HAMMING_RECOVERY_FAILED
HAMMING,13-14,2,73,1161,9288,9440,14160,4720,50.0,1.0,1.002824858757062,142,152,5168458,5.168458,,HAMMING_RECOVERY_FAILED
HAMMING,13-14,2,74,1161,9288,9440,14160,4720,50.0,1.0,1.002824858757062,142,153,5134291,5.134291,,HAMMING_RECOVERY_FAILED
HAMMING,13-14,2,75,1161,9288,9440,14160,4720,50.0,1.0,1.002824858757062,142,145,5217916,5.217916,True,HAMMING_CORRECTED
HAMMING,13-14,2,76,1161,9288,9440,14160,4720,50.0,1.0,1.002824858757062,142,142,5234375,5.234375,False,HAMMING_RECOVERY_FAILED
HAMMING,13-14,2,77,1161,9288,9440,14160,4720,50.0,1.0,1.002824858757062,142,160,5180750,5.18075,,HAMMING_RECOVERY_FAILED
HAMMING,13-14,2,78,1161,9288,9440,14160,4720,50.0,1.0,1.002824858757062,142,138,5027667,5.027667,,HAMMING_RECOVERY_FAILED
HAMMING,13-14,2,79,1161,9288,9440,14160,4720,50.0,1.0,1.002824858757062,142,147,5120334,5.120334,,HAMMING_RECOVERY_FAILED
HAMMING,13-14,2,80,1161,9288,9440,14160,4720,50.0,1.0,1.002824858757062,142,144,5100541,5.100541,,HAMMING_RECOVERY_FAILED
HAMMING,13-14,2,81,1161,9288,9440,14160,4720,50.0,1.0,1.002824858757062,142,129,5139125,5.139125,,HAMMING_RECOVERY_FAILED
HAMMING,13-14,2,82,1161,9288,9440,14160,4720,50.0,1.0,1.002824858757062,142,137,5102084,5.102084,,HAMMING_RECOVERY_FAILED
HAMMING,13-14,2,83,1161,9288,9440,14160,4720,50.0,1.0,1.002824858757062,142,149,5194167,5.194167,,HAMMING_RECOVERY_FAILED
HAMMING,13-14,2,84,1161,9288,9440,14160,4720,50.0,1.0,1.002824858757062,142,164,5146458,5.146458,,HAMMING_RECOVERY_FAILED
HAMMING,13-14,2,85,1161,9288,9440,14160,4720,50.0,1.0,1.002824858757062,142,153,5061958,5.061958,,HAMMING_RECOVERY_FAILED
HAMMING,13-14,2,86,1161,9288,9440,14160,4720,50.0,1.0,1.002824858757062,142,149,5177875,5.177875,,HAMMING_RECOVERY_FAILED
HAMMING,13-14,2,87,1161,9288,9440,14160,4720,50.0,1.0,1.002824858757062,142,131,5192583,5.192583,,HAMMING_RECOVERY_FAILED
HAMMING,13-14,2,88,1161,9288,9440,14160,4720,50.0,1.0,1.002824858757062,142,137,5184666,5.184666,,HAMMING_RECOVERY_FAILED
HAMMING,13-14,2,89,1161,9288,9440,14160,4720,50.0,1.0,1.002824858757062,142,149,5236500,5.2365,,HAMMING_RECOVERY_FAILED
HAMMING,13-14,2,90,1161,9288,9440,14160,4720,50.0,1.0,1.002824858757062,142,156,5214167,5.214167,,HAMMING_RECOVERY_FAILED
HAMMING,13-14,2,91,1161,9288,9440,14160,4720,50.0,1.0,1.002824858757062,142,133,5156459,5.156459,,HAMMING_RECOVERY_FAILED
HAMMING,13-14,2,92,1161,9288,9440,14160,4720,50.0,1.0,1.002824858757062,142,128,5150250,5.15025,,HAMMING_RECOVERY_FAILED
HAMMING,13-14,2,93,1161,9288,9440,14160,4720,50.0,1.0,1.002824858757062,142,164,5141792,5.141792,,HAMMING_RECOVERY_FAILED
HAMMING,13-14,2,94,1161,9288,9440,14160,4720,50.0,1.0,1.002824858757062,142,117,5194416,5.194416,,HAMMING_RECOVERY_FAILED
HAMMING,13-14,2,95,1161,9288,9440,14160,4720,50.0,1.0,1.002824858757062,142,139,5228708,5.228708,,HAMMING_RECOVERY_FAILED
HAMMING,13-14,2,96,1161,9288,9440,14160,4720,50.0,1.0,1.002824858757062,142,132,5245334,5.245334,,HAMMING_RECOVERY_FAILED
HAMMING,13-14,2,97,1161,9288,9440,14160,4720,50.0,1.0,1.002824858757062,142,127,5164417,5.164417,,HAMMING_RECOVERY_FAILED
HAMMING,13-14,2,98,1161,9288,9440,14160,4720,50.0,1.0,1.002824858757062,142,140,5167458,5.167458,,HAMMING_RECOVERY_FAILED
HAMMING,13-14,2,99,1161,9288,9440,14160,4720,50.0,1.0,1.002824858757062,142,115,5234584,5.234584,,HAMMING_RECOVERY_FAILED
HAMMING,13-14,2,100,1161,9288,9440,14160,4720,50.0,1.0,1.002824858757062,142,141,5167417,5.167417,,HAMMING_RECOVERY_FAILED
HAMMING,13-15,3,1,1364,10912,11064,16596,5532,50.0,0.0,0.0,0,0,6565875,6.565875,True,CLEAN
HAMMING,13-15,3,2,1364,10912,11064,16596,5532,50.0,0.0,0.0,0,0,6609625,6.609625,True,CLEAN
HAMMING,13-15,3,3,1364,10912,11064,16596,5532,50.0,0.0,0.0,0,0,6519250,6.51925,True,CLEAN
HAMMING,13-15,3,4,1364,10912,11064,16596,5532,50.0,0.0,0.0,0,0,6547834,6.547834,True,CLEAN
HAMMING,13-15,3,5,1364,10912,11064,16596,5532,50.0,0.0,0.0,0,0,6541083,6.541083,True,CLEAN
HAMMING,13-15,3,6,1364,10912,11064,16596,5532,50.0,0.0,0.0,0,0,6522125,6.522125,True,CLEAN
HAMMING,13-15,3,7,1364,10912,11064,16596,5532,50.0,0.0,0.0,0,0,6508542,6.508542,True,CLEAN
HAMMING,13-15,3,8,1364,10912,11064,16596,5532,50.0,0.0,0.0,0,0,6522292,6.522292,True,CLEAN
HAMMING,13-15,3,9,1364,10912,11064,16596,5532,50.0,0.0,0.0,0,0,6542125,6.542125,True,CLEAN
HAMMING,13-15,3,10,1364,10912,11064,16596,5532,50.0,0.0,0.0,0,0,6488750,6.48875,True,CLEAN
HAMMING,13-15,3,11,1364,10912,11064,16596,5532,50.0,0.0,0.0,0,0,6531625,6.531625,True,CLEAN
HAMMING,13-15,3,12,1364,10912,11064,16596,5532,50.0,0.0,0.0,0,0,6502750,6.50275,True,CLEAN
HAMMING,13-15,3,13,1364,10912,11064,16596,5532,50.0,0.0,0.0,0,0,6503084,6.503084,True,CLEAN
HAMMING,13-15,3,14,1364,10912,11064,16596,5532,50.0,0.0,0.0,0,0,6488167,6.488167,True,CLEAN
HAMMING,13-15,3,15,1364,10912,11064,16596,5532,50.0,0.0,0.0,0,0,6584750,6.58475,True,CLEAN
HAMMING,13-15,3,16,1364,10912,11064,16596,5532,50.0,0.0,0.0,0,0,6477833,6.477833,True,CLEAN
HAMMING,13-15,3,17,1364,10912,11064,16596,5532,50.0,0.0,0.0,0,0,6563500,6.5635,True,CLEAN
HAMMING,13-15,3,18,1364,10912,11064,16596,5532,50.0,0.0,0.0,0,0,6587666,6.587666,True,CLEAN
HAMMING,13-15,3,19,1364,10912,11064,16596,5532,50.0,0.0,0.0,0,0,6526709,6.526709,True,CLEAN
HAMMING,13-15,3,20,1364,10912,11064,16596,5532,50.0,0.0,0.0,0,0,6506792,6.506792,True,CLEAN
HAMMING,13-15,3,21,1364,10912,11064,16596,5532,50.0,0.0,0.0,0,0,6489542,6.489542,True,CLEAN
HAMMING,13-15,3,22,1364,10912,11064,16596,5532,50.0,0.0,0.0,0,0,6542959,6.542959,True,CLEAN
HAMMING,13-15,3,23,1364,10912,11064,16596,5532,50.0,0.0,0.0,0,0,6515417,6.515417,True,CLEAN
HAMMING,13-15,3,24,1364,10912,11064,16596,5532,50.0,0.0,0.0,0,0,6543500,6.5435,True,CLEAN
HAMMING,13-15,3,25,1364,10912,11064,16596,5532,50.0,0.0,0.0,0,0,6572708,6.572708,True,CLEAN
HAMMING,13-15,3,26,1364,10912,11064,16596,5532,50.0,0.0,0.0,0,0,6562833,6.562833,True,CLEAN
HAMMING,13-15,3,27,1364,10912,11064,16596,5532,50.0,0.0,0.0,0,0,6607875,6.607875,True,CLEAN
HAMMING,13-15,3,28,1364,10912,11064,16596,5532,50.0,0.0,0.0,0,0,6589709,6.589709,True,CLEAN
HAMMING,13-15,3,29,1364,10912,11064,16596,5532,50.0,0.0,0.0,0,0,6591500,6.5915,True,CLEAN
HAMMING,13-15,3,30,1364,10912,11064,16596,5532,50.0,0.0,0.0,0,0,6552584,6.552584,True,CLEAN
HAMMING,13-15,3,31,1364,10912,11064,16596,5532,50.0,0.0,0.0,0,0,6484708,6.484708,True,CLEAN
HAMMING,13-15,3,32,1364,10912,11064,16596,5532,50.0,0.0,0.0,0,0,6531042,6.531042,True,CLEAN
HAMMING,13-15,3,33,1364,10912,11064,16596,5532,50.0,0.0,0.0,0,0,6520084,6.520084,True,CLEAN
HAMMING,13-15,3,34,1364,10912,11064,16596,5532,50.0,0.0,0.0,0,0,6531916,6.531916,True,CLEAN
HAMMING,13-15,3,35,1364,10912,11064,16596,5532,50.0,0.0,0.0,0,0,6567292,6.567292,True,CLEAN
HAMMING,13-15,3,36,1364,10912,11064,16596,5532,50.0,0.0,0.0,0,0,6543000,6.543,True,CLEAN
HAMMING,13-15,3,37,1364,10912,11064,16596,5532,50.0,0.0,0.0,0,0,6593042,6.593042,True,CLEAN
HAMMING,13-15,3,38,1364,10912,11064,16596,5532,50.0,0.0,0.0,0,0,6611875,6.611875,True,CLEAN
HAMMING,13-15,3,39,1364,10912,11064,16596,5532,50.0,0.0,0.0,0,0,6580458,6.580458,True,CLEAN
HAMMING,13-15,3,40,1364,10912,11064,16596,5532,50.0,0.0,0.0,0,0,6652250,6.65225,True,CLEAN
HAMMING,13-15,3,41,1364,10912,11064,16596,5532,50.0,0.0,0.0,0,0,6600958,6.600958,True,CLEAN
HAMMING,13-15,3,42,1364,10912,11064,16596,5532,50.0,0.0,0.0,0,0,6600667,6.600667,True,CLEAN
HAMMING,13-15,3,43,1364,10912,11064,16596,5532,50.0,0.0,0.0,0,0,6587208,6.587208,True,CLEAN
HAMMING,13-15,3,44,1364,10912,11064,16596,5532,50.0,0.0,0.0,0,0,6551166,6.551166,True,CLEAN
HAMMING,13-15,3,45,1364,10912,11064,16596,5532,50.0,0.0,0.0,0,0,6624000,6.624,True,CLEAN
HAMMING,13-15,3,46,1364,10912,11064,16596,5532,50.0,0.0,0.0,0,0,6599041,6.599041,True,CLEAN
HAMMING,13-15,3,47,1364,10912,11064,16596,5532,50.0,0.0,0.0,0,0,6607958,6.607958,True,CLEAN
HAMMING,13-15,3,48,1364,10912,11064,16596,5532,50.0,0.0,0.0,0,0,6617917,6.617917,True,CLEAN
HAMMING,13-15,3,49,1364,10912,11064,16596,5532,50.0,0.0,0.0,0,0,6578416,6.578416,True,CLEAN
HAMMING,13-15,3,50,1364,10912,11064,16596,5532,50.0,0.0,0.0,0,0,6633625,6.633625,True,CLEAN
HAMMING,13-15,3,51,1364,10912,11064,16596,5532,50.0,0.0,0.0,0,0,6624875,6.624875,True,CLEAN
HAMMING,13-15,3,52,1364,10912,11064,16596,5532,50.0,0.0,0.0,0,0,6647500,6.6475,True,CLEAN
HAMMING,13-15,3,53,1364,10912,11064,16596,5532,50.0,0.0,0.0,0,0,6568458,6.568458,True,CLEAN
HAMMING,13-15,3,54,1364,10912,11064,16596,5532,50.0,0.0,0.0,0,0,6626709,6.626709,True,CLEAN
HAMMING,13-15,3,55,1364,10912,11064,16596,5532,50.0,0.0,0.0,0,0,6600750,6.60075,True,CLEAN
HAMMING,13-15,3,56,1364,10912,11064,16596,5532,50.0,0.0,0.0,0,0,6565125,6.565125,True,CLEAN
HAMMING,13-15,3,57,1364,10912,11064,16596,5532,50.0,0.0,0.0,0,0,6602000,6.602,True,CLEAN
HAMMING,13-15,3,58,1364,10912,11064,16596,5532,50.0,0.0,0.0,0,0,6618000,6.618,True,CLEAN
HAMMING,13-15,3,59,1364,10912,11064,16596,5532,50.0,0.0,0.0,0,0,6558083,6.558083,True,CLEAN
HAMMING,13-15,3,60,1364,10912,11064,16596,5532,50.0,0.0,0.0,0,0,6716459,6.716459,True,CLEAN
HAMMING,13-15,3,61,1364,10912,11064,16596,5532,50.0,0.0,0.0,0,0,6734541,6.734541,True,CLEAN
HAMMING,13-15,3,62,1364,10912,11064,16596,5532,50.0,0.0,0.0,0,0,6662625,6.662625,True,CLEAN
HAMMING,13-15,3,63,1364,10912,11064,16596,5532,50.0,0.0,0.0,0,0,6772208,6.772208,True,CLEAN
HAMMING,13-15,3,64,1364,10912,11064,16596,5532,50.0,0.0,0.0,0,0,6821959,6.821959,True,CLEAN
HAMMING,13-15,3,65,1364,10912,11064,16596,5532,50.0,0.0,0.0,0,0,6717958,6.717958,True,CLEAN
HAMMING,13-15,3,66,1364,10912,11064,16596,5532,50.0,0.0,0.0,0,0,6599542,6.599542,True,CLEAN
HAMMING,13-15,3,67,1364,10912,11064,16596,5532,50.0,0.0,0.0,0,0,6608666,6.608666,True,CLEAN
HAMMING,13-15,3,68,1364,10912,11064,16596,5532,50.0,0.0,0.0,0,0,6584459,6.584459,True,CLEAN
HAMMING,13-15,3,69,1364,10912,11064,16596,5532,50.0,0.0,0.0,0,0,6550500,6.5505,True,CLEAN
HAMMING,13-15,3,70,1364,10912,11064,16596,5532,50.0,0.0,0.0,0,0,6553375,6.553375,True,CLEAN
HAMMING,13-15,3,71,1364,10912,11064,16596,5532,50.0,0.0,0.0,0,0,6430125,6.430125,True,CLEAN
HAMMING,13-15,3,72,1364,10912,11064,16596,5532,50.0,0.0,0.0,0,0,6681125,6.681125,True,CLEAN
HAMMING,13-15,3,73,1364,10912,11064,16596,5532,50.0,0.0,0.0,0,0,6633666,6.633666,True,CLEAN
HAMMING,13-15,3,74,1364,10912,11064,16596,5532,50.0,0.0,0.0,0,0,6591292,6.591292,True,CLEAN
HAMMING,13-15,3,75,1364,10912,11064,16596,5532,50.0,0.0,0.0,0,0,6633958,6.633958,True,CLEAN
HAMMING,13-15,3,76,1364,10912,11064,16596,5532,50.0,0.0,0.0,0,0,6572500,6.5725,True,CLEAN
HAMMING,13-15,3,77,1364,10912,11064,16596,5532,50.0,0.0,0.0,0,0,6530916,6.530916,True,CLEAN
HAMMING,13-15,3,78,1364,10912,11064,16596,5532,50.0,0.0,0.0,0,0,6572084,6.572084,True,CLEAN
HAMMING,13-15,3,79,1364,10912,11064,16596,5532,50.0,0.0,0.0,0,0,6608584,6.608584,True,CLEAN
HAMMING,13-15,3,80,1364,10912,11064,16596,5532,50.0,0.0,0.0,0,0,6462167,6.462167,True,CLEAN
HAMMING,13-15,3,81,1364,10912,11064,16596,5532,50.0,0.0,0.0,0,0,6518292,6.518292,True,CLEAN
HAMMING,13-15,3,82,1364,10912,11064,16596,5532,50.0,0.0,0.0,0,0,6499917,6.499917,True,CLEAN
HAMMING,13-15,3,83,1364,10912,11064,16596,5532,50.0,0.0,0.0,0,0,6599209,6.599209,True,CLEAN
HAMMING,13-15,3,84,1364,10912,11064,16596,5532,50.0,0.0,0.0,0,0,6528416,6.528416,True,CLEAN
HAMMING,13-15,3,85,1364,10912,11064,16596,5532,50.0,0.0,0.0,0,0,6438542,6.438542,True,CLEAN
HAMMING,13-15,3,86,1364,10912,11064,16596,5532,50.0,0.0,0.0,0,0,6436541,6.436541,True,CLEAN
HAMMING,13-15,3,87,1364,10912,11064,16596,5532,50.0,0.0,0.0,0,0,6523667,6.523667,True,CLEAN
HAMMING,13-15,3,88,1364,10912,11064,16596,5532,50.0,0.0,0.0,0,0,6672167,6.672167,True,CLEAN
HAMMING,13-15,3,89,1364,10912,11064,16596,5532,50.0,0.0,0.0,0,0,6653417,6.653417,True,CLEAN
HAMMING,13-15,3,90,1364,10912,11064,16596,5532,50.0,0.0,0.0,0,0,6615209,6.615209,True,CLEAN
HAMMING,13-15,3,91,1364,10912,11064,16596,5532,50.0,0.0,0.0,0,0,6677542,6.677542,True,CLEAN
HAMMING,13-15,3,92,1364,10912,11064,16596,5532,50.0,0.0,0.0,0,0,6561125,6.561125,True,CLEAN
HAMMING,13-15,3,93,1364,10912,11064,16596,5532,50.0,0.0,0.0,0,0,6563333,6.563333,True,CLEAN
HAMMING,13-15,3,94,1364,10912,11064,16596,5532,50.0,0.0,0.0,0,0,6625042,6.625042,True,CLEAN
HAMMING,13-15,3,95,1364,10912,11064,16596,5532,50.0,0.0,0.0,0,0,6565000,6.565,True,CLEAN
HAMMING,13-15,3,96,1364,10912,11064,16596,5532,50.0,0.0,0.0,0,0,6614500,6.6145,True,CLEAN
HAMMING,13-15,3,97,1364,10912,11064,16596,5532,50.0,0.0,0.0,0,0,6552833,6.552833,True,CLEAN
HAMMING,13-15,3,98,1364,10912,11064,16596,5532,50.0,0.0,0.0,0,0,6631459,6.631459,True,CLEAN
HAMMING,13-15,3,99,1364,10912,11064,16596,5532,50.0,0.0,0.0,0,0,6655958,6.655958,True,CLEAN
HAMMING,13-15,3,100,1364,10912,11064,16596,5532,50.0,0.0,0.0,0,0,6565208,6.565208,True,CLEAN
HAMMING,13-15,3,1,1364,10912,11064,16596,5532,50.0,0.01,0.012051096649795132,2,0,6599083,6.599083,True,CLEAN
HAMMING,13-15,3,2,1364,10912,11064,16596,5532,50.0,0.01,0.012051096649795132,2,1,6534500,6.5345,True,HAMMING_CORRECTED
HAMMING,13-15,3,3,1364,10912,11064,16596,5532,50.0,0.01,0.012051096649795132,2,1,6568500,6.5685,True,HAMMING_CORRECTED
HAMMING,13-15,3,4,1364,10912,11064,16596,5532,50.0,0.01,0.012051096649795132,2,1,6647459,6.647459,True,HAMMING_CORRECTED
HAMMING,13-15,3,5,1364,10912,11064,16596,5532,50.0,0.01,0.012051096649795132,2,3,6593166,6.593166,True,HAMMING_CORRECTED
HAMMING,13-15,3,6,1364,10912,11064,16596,5532,50.0,0.01,0.012051096649795132,2,0,6555333,6.555333,True,CLEAN
HAMMING,13-15,3,7,1364,10912,11064,16596,5532,50.0,0.01,0.012051096649795132,2,1,6597000,6.597,True,HAMMING_CORRECTED
HAMMING,13-15,3,8,1364,10912,11064,16596,5532,50.0,0.01,0.012051096649795132,2,2,6690792,6.690792,True,HAMMING_CORRECTED
HAMMING,13-15,3,9,1364,10912,11064,16596,5532,50.0,0.01,0.012051096649795132,2,1,6590250,6.59025,True,HAMMING_CORRECTED
HAMMING,13-15,3,10,1364,10912,11064,16596,5532,50.0,0.01,0.012051096649795132,2,3,6618375,6.618375,True,HAMMING_CORRECTED
HAMMING,13-15,3,11,1364,10912,11064,16596,5532,50.0,0.01,0.012051096649795132,2,2,6638042,6.638042,True,HAMMING_CORRECTED
HAMMING,13-15,3,12,1364,10912,11064,16596,5532,50.0,0.01,0.012051096649795132,2,2,6558541,6.558541,True,HAMMING_CORRECTED
HAMMING,13-15,3,13,1364,10912,11064,16596,5532,50.0,0.01,0.012051096649795132,2,1,6567208,6.567208,True,HAMMING_CORRECTED
HAMMING,13-15,3,14,1364,10912,11064,16596,5532,50.0,0.01,0.012051096649795132,2,1,6512917,6.512917,True,HAMMING_CORRECTED
HAMMING,13-15,3,15,1364,10912,11064,16596,5532,50.0,0.01,0.012051096649795132,2,0,6556625,6.556625,True,CLEAN
HAMMING,13-15,3,16,1364,10912,11064,16596,5532,50.0,0.01,0.012051096649795132,2,0,6565584,6.565584,True,CLEAN
HAMMING,13-15,3,17,1364,10912,11064,16596,5532,50.0,0.01,0.012051096649795132,2,2,6553542,6.553542,True,HAMMING_CORRECTED
HAMMING,13-15,3,18,1364,10912,11064,16596,5532,50.0,0.01,0.012051096649795132,2,2,6618875,6.618875,True,HAMMING_CORRECTED
HAMMING,13-15,3,19,1364,10912,11064,16596,5532,50.0,0.01,0.012051096649795132,2,3,6542084,6.542084,True,HAMMING_CORRECTED
HAMMING,13-15,3,20,1364,10912,11064,16596,5532,50.0,0.01,0.012051096649795132,2,4,6979917,6.979917,True,HAMMING_CORRECTED
HAMMING,13-15,3,21,1364,10912,11064,16596,5532,50.0,0.01,0.012051096649795132,2,2,6503500,6.5035,True,HAMMING_CORRECTED
HAMMING,13-15,3,22,1364,10912,11064,16596,5532,50.0,0.01,0.012051096649795132,2,1,6451542,6.451542,True,HAMMING_CORRECTED
HAMMING,13-15,3,23,1364,10912,11064,16596,5532,50.0,0.01,0.012051096649795132,2,1,6380500,6.3805,True,HAMMING_CORRECTED
HAMMING,13-15,3,24,1364,10912,11064,16596,5532,50.0,0.01,0.012051096649795132,2,3,6430000,6.43,True,HAMMING_CORRECTED
HAMMING,13-15,3,25,1364,10912,11064,16596,5532,50.0,0.01,0.012051096649795132,2,4,6424166,6.424166,True,HAMMING_CORRECTED
HAMMING,13-15,3,26,1364,10912,11064,16596,5532,50.0,0.01,0.012051096649795132,2,1,6485833,6.485833,True,HAMMING_CORRECTED
HAMMING,13-15,3,27,1364,10912,11064,16596,5532,50.0,0.01,0.012051096649795132,2,1,6488375,6.488375,True,HAMMING_CORRECTED
HAMMING,13-15,3,28,1364,10912,11064,16596,5532,50.0,0.01,0.012051096649795132,2,3,6450625,6.450625,True,HAMMING_CORRECTED
HAMMING,13-15,3,29,1364,10912,11064,16596,5532,50.0,0.01,0.012051096649795132,2,0,6470666,6.470666,True,CLEAN
HAMMING,13-15,3,30,1364,10912,11064,16596,5532,50.0,0.01,0.012051096649795132,2,1,6472500,6.4725,True,HAMMING_CORRECTED
HAMMING,13-15,3,31,1364,10912,11064,16596,5532,50.0,0.01,0.012051096649795132,2,5,6498792,6.498792,True,HAMMING_CORRECTED
HAMMING,13-15,3,32,1364,10912,11064,16596,5532,50.0,0.01,0.012051096649795132,2,3,6501542,6.501542,True,HAMMING_CORRECTED
HAMMING,13-15,3,33,1364,10912,11064,16596,5532,50.0,0.01,0.012051096649795132,2,2,6465542,6.465542,True,HAMMING_CORRECTED
HAMMING,13-15,3,34,1364,10912,11064,16596,5532,50.0,0.01,0.012051096649795132,2,1,6513625,6.513625,True,HAMMING_CORRECTED
HAMMING,13-15,3,35,1364,10912,11064,16596,5532,50.0,0.01,0.012051096649795132,2,2,6467958,6.467958,True,HAMMING_CORRECTED
HAMMING,13-15,3,36,1364,10912,11064,16596,5532,50.0,0.01,0.012051096649795132,2,4,6466875,6.466875,True,HAMMING_CORRECTED
HAMMING,13-15,3,37,1364,10912,11064,16596,5532,50.0,0.01,0.012051096649795132,2,2,6444250,6.44425,True,HAMMING_CORRECTED
HAMMING,13-15,3,38,1364,10912,11064,16596,5532,50.0,0.01,0.012051096649795132,2,3,6413541,6.413541,True,HAMMING_CORRECTED
HAMMING,13-15,3,39,1364,10912,11064,16596,5532,50.0,0.01,0.012051096649795132,2,1,6500375,6.500375,True,HAMMING_CORRECTED
HAMMING,13-15,3,40,1364,10912,11064,16596,5532,50.0,0.01,0.012051096649795132,2,2,6496750,6.49675,True,HAMMING_CORRECTED
HAMMING,13-15,3,41,1364,10912,11064,16596,5532,50.0,0.01,0.012051096649795132,2,3,6465500,6.4655,True,HAMMING_CORRECTED
HAMMING,13-15,3,42,1364,10912,11064,16596,5532,50.0,0.01,0.012051096649795132,2,0,6483000,6.483,True,CLEAN
HAMMING,13-15,3,43,1364,10912,11064,16596,5532,50.0,0.01,0.012051096649795132,2,0,6447250,6.44725,True,CLEAN
HAMMING,13-15,3,44,1364,10912,11064,16596,5532,50.0,0.01,0.012051096649795132,2,1,6471708,6.471708,True,HAMMING_CORRECTED
HAMMING,13-15,3,45,1364,10912,11064,16596,5532,50.0,0.01,0.012051096649795132,2,3,6399625,6.399625,True,HAMMING_CORRECTED
HAMMING,13-15,3,46,1364,10912,11064,16596,5532,50.0,0.01,0.012051096649795132,2,2,6460125,6.460125,True,HAMMING_CORRECTED
HAMMING,13-15,3,47,1364,10912,11064,16596,5532,50.0,0.01,0.012051096649795132,2,2,6409833,6.409833,True,HAMMING_CORRECTED
HAMMING,13-15,3,48,1364,10912,11064,16596,5532,50.0,0.01,0.012051096649795132,2,3,6440583,6.440583,True,HAMMING_CORRECTED
HAMMING,13-15,3,49,1364,10912,11064,16596,5532,50.0,0.01,0.012051096649795132,2,1,6415958,6.415958,True,HAMMING_CORRECTED
HAMMING,13-15,3,50,1364,10912,11064,16596,5532,50.0,0.01,0.012051096649795132,2,3,6386417,6.386417,True,HAMMING_CORRECTED
HAMMING,13-15,3,51,1364,10912,11064,16596,5532,50.0,0.01,0.012051096649795132,2,0,6448458,6.448458,True,CLEAN
HAMMING,13-15,3,52,1364,10912,11064,16596,5532,50.0,0.01,0.012051096649795132,2,4,6414333,6.414333,True,HAMMING_CORRECTED
HAMMING,13-15,3,53,1364,10912,11064,16596,5532,50.0,0.01,0.012051096649795132,2,1,6388500,6.3885,True,HAMMING_CORRECTED
HAMMING,13-15,3,54,1364,10912,11064,16596,5532,50.0,0.01,0.012051096649795132,2,3,6424666,6.424666,True,HAMMING_CORRECTED
HAMMING,13-15,3,55,1364,10912,11064,16596,5532,50.0,0.01,0.012051096649795132,2,3,6440917,6.440917,True,HAMMING_CORRECTED
HAMMING,13-15,3,56,1364,10912,11064,16596,5532,50.0,0.01,0.012051096649795132,2,3,6439917,6.439917,True,HAMMING_CORRECTED
HAMMING,13-15,3,57,1364,10912,11064,16596,5532,50.0,0.01,0.012051096649795132,2,2,6422875,6.422875,True,HAMMING_CORRECTED
HAMMING,13-15,3,58,1364,10912,11064,16596,5532,50.0,0.01,0.012051096649795132,2,1,6440750,6.44075,True,HAMMING_CORRECTED
HAMMING,13-15,3,59,1364,10912,11064,16596,5532,50.0,0.01,0.012051096649795132,2,4,6479500,6.4795,True,HAMMING_CORRECTED
HAMMING,13-15,3,60,1364,10912,11064,16596,5532,50.0,0.01,0.012051096649795132,2,2,6461208,6.461208,True,HAMMING_CORRECTED
HAMMING,13-15,3,61,1364,10912,11064,16596,5532,50.0,0.01,0.012051096649795132,2,5,6451416,6.451416,True,HAMMING_CORRECTED
HAMMING,13-15,3,62,1364,10912,11064,16596,5532,50.0,0.01,0.012051096649795132,2,2,6496083,6.496083,True,HAMMING_CORRECTED
HAMMING,13-15,3,63,1364,10912,11064,16596,5532,50.0,0.01,0.012051096649795132,2,6,6460458,6.460458,True,HAMMING_CORRECTED
HAMMING,13-15,3,64,1364,10912,11064,16596,5532,50.0,0.01,0.012051096649795132,2,1,6465833,6.465833,True,HAMMING_CORRECTED
HAMMING,13-15,3,65,1364,10912,11064,16596,5532,50.0,0.01,0.012051096649795132,2,3,6589208,6.589208,True,HAMMING_CORRECTED
HAMMING,13-15,3,66,1364,10912,11064,16596,5532,50.0,0.01,0.012051096649795132,2,2,6653750,6.65375,True,HAMMING_CORRECTED
HAMMING,13-15,3,67,1364,10912,11064,16596,5532,50.0,0.01,0.012051096649795132,2,2,6472791,6.472791,True,HAMMING_CORRECTED
HAMMING,13-15,3,68,1364,10912,11064,16596,5532,50.0,0.01,0.012051096649795132,2,1,6415458,6.415458,True,HAMMING_CORRECTED
HAMMING,13-15,3,69,1364,10912,11064,16596,5532,50.0,0.01,0.012051096649795132,2,2,6466375,6.466375,True,HAMMING_CORRECTED
HAMMING,13-15,3,70,1364,10912,11064,16596,5532,50.0,0.01,0.012051096649795132,2,4,6505125,6.505125,True,HAMMING_CORRECTED
HAMMING,13-15,3,71,1364,10912,11064,16596,5532,50.0,0.01,0.012051096649795132,2,1,6495458,6.495458,True,HAMMING_CORRECTED
HAMMING,13-15,3,72,1364,10912,11064,16596,5532,50.0,0.01,0.012051096649795132,2,3,6458625,6.458625,True,HAMMING_CORRECTED
HAMMING,13-15,3,73,1364,10912,11064,16596,5532,50.0,0.01,0.012051096649795132,2,2,6492958,6.492958,True,HAMMING_CORRECTED
HAMMING,13-15,3,74,1364,10912,11064,16596,5532,50.0,0.01,0.012051096649795132,2,0,6464209,6.464209,True,CLEAN
HAMMING,13-15,3,75,1364,10912,11064,16596,5532,50.0,0.01,0.012051096649795132,2,1,6437459,6.437459,True,HAMMING_CORRECTED
HAMMING,13-15,3,76,1364,10912,11064,16596,5532,50.0,0.01,0.012051096649795132,2,2,6483500,6.4835,True,HAMMING_CORRECTED
HAMMING,13-15,3,77,1364,10912,11064,16596,5532,50.0,0.01,0.012051096649795132,2,2,6461625,6.461625,True,HAMMING_CORRECTED
HAMMING,13-15,3,78,1364,10912,11064,16596,5532,50.0,0.01,0.012051096649795132,2,0,6452416,6.452416,True,CLEAN
HAMMING,13-15,3,79,1364,10912,11064,16596,5532,50.0,0.01,0.012051096649795132,2,2,6472500,6.4725,True,HAMMING_CORRECTED
HAMMING,13-15,3,80,1364,10912,11064,16596,5532,50.0,0.01,0.012051096649795132,2,1,6485458,6.485458,True,HAMMING_CORRECTED
HAMMING,13-15,3,81,1364,10912,11064,16596,5532,50.0,0.01,0.012051096649795132,2,2,6449792,6.449792,True,HAMMING_CORRECTED
HAMMING,13-15,3,82,1364,10912,11064,16596,5532,50.0,0.01,0.012051096649795132,2,0,6466916,6.466916,True,CLEAN
HAMMING,13-15,3,83,1364,10912,11064,16596,5532,50.0,0.01,0.012051096649795132,2,2,6459208,6.459208,True,HAMMING_CORRECTED
HAMMING,13-15,3,84,1364,10912,11064,16596,5532,50.0,0.01,0.012051096649795132,2,1,6442125,6.442125,True,HAMMING_CORRECTED
HAMMING,13-15,3,85,1364,10912,11064,16596,5532,50.0,0.01,0.012051096649795132,2,0,6442416,6.442416,True,CLEAN
HAMMING,13-15,3,86,1364,10912,11064,16596,5532,50.0,0.01,0.012051096649795132,2,3,6446792,6.446792,True,HAMMING_CORRECTED
HAMMING,13-15,3,87,1364,10912,11064,16596,5532,50.0,0.01,0.012051096649795132,2,2,6479708,6.479708,True,HAMMING_CORRECTED
HAMMING,13-15,3,88,1364,10912,11064,16596,5532,50.0,0.01,0.012051096649795132,2,4,6457542,6.457542,True,HAMMING_CORRECTED
HAMMING,13-15,3,89,1364,10912,11064,16596,5532,50.0,0.01,0.012051096649795132,2,3,6431416,6.431416,True,HAMMING_CORRECTED
HAMMING,13-15,3,90,1364,10912,11064,16596,5532,50.0,0.01,0.012051096649795132,2,2,6446458,6.446458,True,HAMMING_CORRECTED
HAMMING,13-15,3,91,1364,10912,11064,16596,5532,50.0,0.01,0.012051096649795132,2,3,6448459,6.448459,True,HAMMING_CORRECTED
HAMMING,13-15,3,92,1364,10912,11064,16596,5532,50.0,0.01,0.012051096649795132,2,2,6394000,6.394,True,HAMMING_CORRECTED
HAMMING,13-15,3,93,1364,10912,11064,16596,5532,50.0,0.01,0.012051096649795132,2,0,6471166,6.471166,True,CLEAN
HAMMING,13-15,3,94,1364,10912,11064,16596,5532,50.0,0.01,0.012051096649795132,2,4,6459542,6.459542,True,HAMMING_CORRECTED
HAMMING,13-15,3,95,1364,10912,11064,16596,5532,50.0,0.01,0.012051096649795132,2,1,6495083,6.495083,True,HAMMING_CORRECTED
HAMMING,13-15,3,96,1364,10912,11064,16596,5532,50.0,0.01,0.012051096649795132,2,1,6425875,6.425875,True,HAMMING_CORRECTED
HAMMING,13-15,3,97,1364,10912,11064,16596,5532,50.0,0.01,0.012051096649795132,2,2,6471125,6.471125,True,HAMMING_CORRECTED
HAMMING,13-15,3,98,1364,10912,11064,16596,5532,50.0,0.01,0.012051096649795132,2,2,6479417,6.479417,True,HAMMING_CORRECTED
HAMMING,13-15,3,99,1364,10912,11064,16596,5532,50.0,0.01,0.012051096649795132,2,0,6465375,6.465375,True,CLEAN
HAMMING,13-15,3,100,1364,10912,11064,16596,5532,50.0,0.01,0.012051096649795132,2,2,6500083,6.500083,True,HAMMING_CORRECTED
HAMMING,13-15,3,1,1364,10912,11064,16596,5532,50.0,0.1,0.10243432152325861,17,20,6444500,6.4445,True,HAMMING_CORRECTED
HAMMING,13-15,3,2,1364,10912,11064,16596,5532,50.0,0.1,0.10243432152325861,17,17,6489792,6.489792,True,HAMMING_CORRECTED
HAMMING,13-15,3,3,1364,10912,11064,16596,5532,50.0,0.1,0.10243432152325861,17,21,6493625,6.493625,True,HAMMING_CORRECTED
HAMMING,13-15,3,4,1364,10912,11064,16596,5532,50.0,0.1,0.10243432152325861,17,16,6432834,6.432834,True,HAMMING_CORRECTED
HAMMING,13-15,3,5,1364,10912,11064,16596,5532,50.0,0.1,0.10243432152325861,17,22,6497292,6.497292,False,HAMMING_RECOVERY_FAILED
HAMMING,13-15,3,6,1364,10912,11064,16596,5532,50.0,0.1,0.10243432152325861,17,19,6511875,6.511875,True,HAMMING_CORRECTED
HAMMING,13-15,3,7,1364,10912,11064,16596,5532,50.0,0.1,0.10243432152325861,17,8,6564459,6.564459,True,HAMMING_CORRECTED
HAMMING,13-15,3,8,1364,10912,11064,16596,5532,50.0,0.1,0.10243432152325861,17,19,6477333,6.477333,True,HAMMING_CORRECTED
HAMMING,13-15,3,9,1364,10912,11064,16596,5532,50.0,0.1,0.10243432152325861,17,13,6455666,6.455666,True,HAMMING_CORRECTED
HAMMING,13-15,3,10,1364,10912,11064,16596,5532,50.0,0.1,0.10243432152325861,17,15,6503917,6.503917,True,HAMMING_CORRECTED
HAMMING,13-15,3,11,1364,10912,11064,16596,5532,50.0,0.1,0.10243432152325861,17,17,6489875,6.489875,True,HAMMING_CORRECTED
HAMMING,13-15,3,12,1364,10912,11064,16596,5532,50.0,0.1,0.10243432152325861,17,15,6524292,6.524292,,HAMMING_RECOVERY_FAILED
HAMMING,13-15,3,13,1364,10912,11064,16596,5532,50.0,0.1,0.10243432152325861,17,20,6489917,6.489917,True,HAMMING_CORRECTED
HAMMING,13-15,3,14,1364,10912,11064,16596,5532,50.0,0.1,0.10243432152325861,17,19,6481291,6.481291,True,HAMMING_CORRECTED
HAMMING,13-15,3,15,1364,10912,11064,16596,5532,50.0,0.1,0.10243432152325861,17,19,6494708,6.494708,True,HAMMING_CORRECTED
HAMMING,13-15,3,16,1364,10912,11064,16596,5532,50.0,0.1,0.10243432152325861,17,17,6522625,6.522625,True,HAMMING_CORRECTED
HAMMING,13-15,3,17,1364,10912,11064,16596,5532,50.0,0.1,0.10243432152325861,17,8,6462250,6.46225,True,HAMMING_CORRECTED
HAMMING,13-15,3,18,1364,10912,11064,16596,5532,50.0,0.1,0.10243432152325861,17,18,6507000,6.507,True,HAMMING_CORRECTED
HAMMING,13-15,3,19,1364,10912,11064,16596,5532,50.0,0.1,0.10243432152325861,17,21,6464625,6.464625,True,HAMMING_CORRECTED
HAMMING,13-15,3,20,1364,10912,11064,16596,5532,50.0,0.1,0.10243432152325861,17,15,6481875,6.481875,True,HAMMING_CORRECTED
HAMMING,13-15,3,21,1364,10912,11064,16596,5532,50.0,0.1,0.10243432152325861,17,20,6491166,6.491166,True,HAMMING_CORRECTED
HAMMING,13-15,3,22,1364,10912,11064,16596,5532,50.0,0.1,0.10243432152325861,17,18,6490666,6.490666,True,HAMMING_CORRECTED
HAMMING,13-15,3,23,1364,10912,11064,16596,5532,50.0,0.1,0.10243432152325861,17,14,6458000,6.458,True,HAMMING_CORRECTED
HAMMING,13-15,3,24,1364,10912,11064,16596,5532,50.0,0.1,0.10243432152325861,17,19,6457042,6.457042,True,HAMMING_CORRECTED
HAMMING,13-15,3,25,1364,10912,11064,16596,5532,50.0,0.1,0.10243432152325861,17,18,6471667,6.471667,True,HAMMING_CORRECTED
HAMMING,13-15,3,26,1364,10912,11064,16596,5532,50.0,0.1,0.10243432152325861,17,27,6496667,6.496667,True,HAMMING_CORRECTED
HAMMING,13-15,3,27,1364,10912,11064,16596,5532,50.0,0.1,0.10243432152325861,17,20,6444833,6.444833,True,HAMMING_CORRECTED
HAMMING,13-15,3,28,1364,10912,11064,16596,5532,50.0,0.1,0.10243432152325861,17,25,6512417,6.512417,True,HAMMING_CORRECTED
HAMMING,13-15,3,29,1364,10912,11064,16596,5532,50.0,0.1,0.10243432152325861,17,21,6418708,6.418708,True,HAMMING_CORRECTED
HAMMING,13-15,3,30,1364,10912,11064,16596,5532,50.0,0.1,0.10243432152325861,17,15,6446334,6.446334,True,HAMMING_CORRECTED
HAMMING,13-15,3,31,1364,10912,11064,16596,5532,50.0,0.1,0.10243432152325861,17,15,6457542,6.457542,True,HAMMING_CORRECTED
HAMMING,13-15,3,32,1364,10912,11064,16596,5532,50.0,0.1,0.10243432152325861,17,17,6488625,6.488625,False,HAMMING_RECOVERY_FAILED
HAMMING,13-15,3,33,1364,10912,11064,16596,5532,50.0,0.1,0.10243432152325861,17,15,6571333,6.571333,True,HAMMING_CORRECTED
HAMMING,13-15,3,34,1364,10912,11064,16596,5532,50.0,0.1,0.10243432152325861,17,14,6523541,6.523541,True,HAMMING_CORRECTED
HAMMING,13-15,3,35,1364,10912,11064,16596,5532,50.0,0.1,0.10243432152325861,17,24,6434875,6.434875,True,HAMMING_CORRECTED
HAMMING,13-15,3,36,1364,10912,11064,16596,5532,50.0,0.1,0.10243432152325861,17,20,6478375,6.478375,True,HAMMING_CORRECTED
HAMMING,13-15,3,37,1364,10912,11064,16596,5532,50.0,0.1,0.10243432152325861,17,30,6544875,6.544875,True,HAMMING_CORRECTED
HAMMING,13-15,3,38,1364,10912,11064,16596,5532,50.0,0.1,0.10243432152325861,17,15,6536083,6.536083,True,HAMMING_CORRECTED
HAMMING,13-15,3,39,1364,10912,11064,16596,5532,50.0,0.1,0.10243432152325861,17,7,6486333,6.486333,True,HAMMING_CORRECTED
HAMMING,13-15,3,40,1364,10912,11064,16596,5532,50.0,0.1,0.10243432152325861,17,9,6493375,6.493375,True,HAMMING_CORRECTED
HAMMING,13-15,3,41,1364,10912,11064,16596,5532,50.0,0.1,0.10243432152325861,17,21,6505417,6.505417,True,HAMMING_CORRECTED
HAMMING,13-15,3,42,1364,10912,11064,16596,5532,50.0,0.1,0.10243432152325861,17,13,6493125,6.493125,True,HAMMING_CORRECTED
HAMMING,13-15,3,43,1364,10912,11064,16596,5532,50.0,0.1,0.10243432152325861,17,6,6536542,6.536542,True,HAMMING_CORRECTED
HAMMING,13-15,3,44,1364,10912,11064,16596,5532,50.0,0.1,0.10243432152325861,17,21,6620459,6.620459,True,HAMMING_CORRECTED
HAMMING,13-15,3,45,1364,10912,11064,16596,5532,50.0,0.1,0.10243432152325861,17,21,6543000,6.543,True,HAMMING_CORRECTED
HAMMING,13-15,3,46,1364,10912,11064,16596,5532,50.0,0.1,0.10243432152325861,17,10,6501542,6.501542,True,HAMMING_CORRECTED
HAMMING,13-15,3,47,1364,10912,11064,16596,5532,50.0,0.1,0.10243432152325861,17,20,6467083,6.467083,False,HAMMING_RECOVERY_FAILED
HAMMING,13-15,3,48,1364,10912,11064,16596,5532,50.0,0.1,0.10243432152325861,17,16,6561791,6.561791,True,HAMMING_CORRECTED
HAMMING,13-15,3,49,1364,10912,11064,16596,5532,50.0,0.1,0.10243432152325861,17,17,6624833,6.624833,True,HAMMING_CORRECTED
HAMMING,13-15,3,50,1364,10912,11064,16596,5532,50.0,0.1,0.10243432152325861,17,13,6500500,6.5005,True,HAMMING_CORRECTED
HAMMING,13-15,3,51,1364,10912,11064,16596,5532,50.0,0.1,0.10243432152325861,17,11,6550958,6.550958,True,HAMMING_CORRECTED
HAMMING,13-15,3,52,1364,10912,11064,16596,5532,50.0,0.1,0.10243432152325861,17,20,6492083,6.492083,True,HAMMING_CORRECTED
HAMMING,13-15,3,53,1364,10912,11064,16596,5532,50.0,0.1,0.10243432152325861,17,20,6471917,6.471917,True,HAMMING_CORRECTED
HAMMING,13-15,3,54,1364,10912,11064,16596,5532,50.0,0.1,0.10243432152325861,17,17,6538500,6.5385,,HAMMING_RECOVERY_FAILED
HAMMING,13-15,3,55,1364,10912,11064,16596,5532,50.0,0.1,0.10243432152325861,17,24,6507083,6.507083,True,HAMMING_CORRECTED
HAMMING,13-15,3,56,1364,10912,11064,16596,5532,50.0,0.1,0.10243432152325861,17,8,6498000,6.498,True,HAMMING_CORRECTED
HAMMING,13-15,3,57,1364,10912,11064,16596,5532,50.0,0.1,0.10243432152325861,17,9,6591042,6.591042,True,HAMMING_CORRECTED
HAMMING,13-15,3,58,1364,10912,11064,16596,5532,50.0,0.1,0.10243432152325861,17,15,6480958,6.480958,True,HAMMING_CORRECTED
HAMMING,13-15,3,59,1364,10912,11064,16596,5532,50.0,0.1,0.10243432152325861,17,13,6531584,6.531584,True,HAMMING_CORRECTED
HAMMING,13-15,3,60,1364,10912,11064,16596,5532,50.0,0.1,0.10243432152325861,17,17,6483375,6.483375,True,HAMMING_CORRECTED
HAMMING,13-15,3,61,1364,10912,11064,16596,5532,50.0,0.1,0.10243432152325861,17,12,6432667,6.432667,True,HAMMING_CORRECTED
HAMMING,13-15,3,62,1364,10912,11064,16596,5532,50.0,0.1,0.10243432152325861,17,26,6551125,6.551125,False,HAMMING_RECOVERY_FAILED
HAMMING,13-15,3,63,1364,10912,11064,16596,5532,50.0,0.1,0.10243432152325861,17,23,6525459,6.525459,True,HAMMING_CORRECTED
HAMMING,13-15,3,64,1364,10912,11064,16596,5532,50.0,0.1,0.10243432152325861,17,16,6459042,6.459042,True,HAMMING_CORRECTED
HAMMING,13-15,3,65,1364,10912,11064,16596,5532,50.0,0.1,0.10243432152325861,17,16,6483958,6.483958,,HAMMING_RECOVERY_FAILED
HAMMING,13-15,3,66,1364,10912,11064,16596,5532,50.0,0.1,0.10243432152325861,17,16,6363958,6.363958,True,HAMMING_CORRECTED
HAMMING,13-15,3,67,1364,10912,11064,16596,5532,50.0,0.1,0.10243432152325861,17,18,6418833,6.418833,True,HAMMING_CORRECTED
HAMMING,13-15,3,68,1364,10912,11064,16596,5532,50.0,0.1,0.10243432152325861,17,20,6484875,6.484875,True,HAMMING_CORRECTED
HAMMING,13-15,3,69,1364,10912,11064,16596,5532,50.0,0.1,0.10243432152325861,17,12,6533833,6.533833,True,HAMMING_CORRECTED
HAMMING,13-15,3,70,1364,10912,11064,16596,5532,50.0,0.1,0.10243432152325861,17,22,6519625,6.519625,True,HAMMING_CORRECTED
HAMMING,13-15,3,71,1364,10912,11064,16596,5532,50.0,0.1,0.10243432152325861,17,15,6538500,6.5385,True,HAMMING_CORRECTED
HAMMING,13-15,3,72,1364,10912,11064,16596,5532,50.0,0.1,0.10243432152325861,17,17,6536625,6.536625,True,HAMMING_CORRECTED
HAMMING,13-15,3,73,1364,10912,11064,16596,5532,50.0,0.1,0.10243432152325861,17,19,6456833,6.456833,True,HAMMING_CORRECTED
HAMMING,13-15,3,74,1364,10912,11064,16596,5532,50.0,0.1,0.10243432152325861,17,18,6494208,6.494208,True,HAMMING_CORRECTED
HAMMING,13-15,3,75,1364,10912,11064,16596,5532,50.0,0.1,0.10243432152325861,17,20,6637791,6.637791,True,HAMMING_CORRECTED
HAMMING,13-15,3,76,1364,10912,11064,16596,5532,50.0,0.1,0.10243432152325861,17,17,6505750,6.50575,True,HAMMING_CORRECTED
HAMMING,13-15,3,77,1364,10912,11064,16596,5532,50.0,0.1,0.10243432152325861,17,23,6461458,6.461458,False,HAMMING_RECOVERY_FAILED
HAMMING,13-15,3,78,1364,10912,11064,16596,5532,50.0,0.1,0.10243432152325861,17,11,6519625,6.519625,False,HAMMING_RECOVERY_FAILED
HAMMING,13-15,3,79,1364,10912,11064,16596,5532,50.0,0.1,0.10243432152325861,17,16,6336000,6.336,True,HAMMING_CORRECTED
HAMMING,13-15,3,80,1364,10912,11064,16596,5532,50.0,0.1,0.10243432152325861,17,18,6439625,6.439625,True,HAMMING_CORRECTED
HAMMING,13-15,3,81,1364,10912,11064,16596,5532,50.0,0.1,0.10243432152325861,17,11,6468333,6.468333,True,HAMMING_CORRECTED
HAMMING,13-15,3,82,1364,10912,11064,16596,5532,50.0,0.1,0.10243432152325861,17,18,6486833,6.486833,True,HAMMING_CORRECTED
HAMMING,13-15,3,83,1364,10912,11064,16596,5532,50.0,0.1,0.10243432152325861,17,14,6464792,6.464792,True,HAMMING_CORRECTED
HAMMING,13-15,3,84,1364,10912,11064,16596,5532,50.0,0.1,0.10243432152325861,17,13,6527583,6.527583,True,HAMMING_CORRECTED
HAMMING,13-15,3,85,1364,10912,11064,16596,5532,50.0,0.1,0.10243432152325861,17,11,6430708,6.430708,True,HAMMING_CORRECTED
HAMMING,13-15,3,86,1364,10912,11064,16596,5532,50.0,0.1,0.10243432152325861,17,18,6468750,6.46875,True,HAMMING_CORRECTED
HAMMING,13-15,3,87,1364,10912,11064,16596,5532,50.0,0.1,0.10243432152325861,17,7,6486459,6.486459,True,HAMMING_CORRECTED
HAMMING,13-15,3,88,1364,10912,11064,16596,5532,50.0,0.1,0.10243432152325861,17,16,6479417,6.479417,True,HAMMING_CORRECTED
HAMMING,13-15,3,89,1364,10912,11064,16596,5532,50.0,0.1,0.10243432152325861,17,13,6448333,6.448333,True,HAMMING_CORRECTED
HAMMING,13-15,3,90,1364,10912,11064,16596,5532,50.0,0.1,0.10243432152325861,17,18,6382834,6.382834,True,HAMMING_CORRECTED
HAMMING,13-15,3,91,1364,10912,11064,16596,5532,50.0,0.1,0.10243432152325861,17,16,6431875,6.431875,True,HAMMING_CORRECTED
HAMMING,13-15,3,92,1364,10912,11064,16596,5532,50.0,0.1,0.10243432152325861,17,13,6543500,6.5435,True,HAMMING_CORRECTED
HAMMING,13-15,3,93,1364,10912,11064,16596,5532,50.0,0.1,0.10243432152325861,17,16,6485708,6.485708,True,HAMMING_CORRECTED
HAMMING,13-15,3,94,1364,10912,11064,16596,5532,50.0,0.1,0.10243432152325861,17,13,6471541,6.471541,True,HAMMING_CORRECTED
HAMMING,13-15,3,95,1364,10912,11064,16596,5532,50.0,0.1,0.10243432152325861,17,21,6506334,6.506334,True,HAMMING_CORRECTED
HAMMING,13-15,3,96,1364,10912,11064,16596,5532,50.0,0.1,0.10243432152325861,17,15,6448250,6.44825,False,HAMMING_RECOVERY_FAILED
HAMMING,13-15,3,97,1364,10912,11064,16596,5532,50.0,0.1,0.10243432152325861,17,16,6462500,6.4625,True,HAMMING_CORRECTED
HAMMING,13-15,3,98,1364,10912,11064,16596,5532,50.0,0.1,0.10243432152325861,17,24,6503209,6.503209,True,HAMMING_CORRECTED
HAMMING,13-15,3,99,1364,10912,11064,16596,5532,50.0,0.1,0.10243432152325861,17,20,7149166,7.149166,True,HAMMING_CORRECTED
HAMMING,13-15,3,100,1364,10912,11064,16596,5532,50.0,0.1,0.10243432152325861,17,19,6513125,6.513125,True,HAMMING_CORRECTED
HAMMING,13-15,3,1,1364,10912,11064,16596,5532,50.0,1.0,1.0002410219329958,166,163,6412084,6.412084,,HAMMING_RECOVERY_FAILED
HAMMING,13-15,3,2,1364,10912,11064,16596,5532,50.0,1.0,1.0002410219329958,166,161,6370125,6.370125,,HAMMING_RECOVERY_FAILED
HAMMING,13-15,3,3,1364,10912,11064,16596,5532,50.0,1.0,1.0002410219329958,166,155,6525625,6.525625,,HAMMING_RECOVERY_FAILED
HAMMING,13-15,3,4,1364,10912,11064,16596,5532,50.0,1.0,1.0002410219329958,166,164,6529334,6.529334,,HAMMING_RECOVERY_FAILED
HAMMING,13-15,3,5,1364,10912,11064,16596,5532,50.0,1.0,1.0002410219329958,166,159,6442875,6.442875,,HAMMING_RECOVERY_FAILED
HAMMING,13-15,3,6,1364,10912,11064,16596,5532,50.0,1.0,1.0002410219329958,166,156,6414291,6.414291,,HAMMING_RECOVERY_FAILED
HAMMING,13-15,3,7,1364,10912,11064,16596,5532,50.0,1.0,1.0002410219329958,166,181,6464208,6.464208,,HAMMING_RECOVERY_FAILED
HAMMING,13-15,3,8,1364,10912,11064,16596,5532,50.0,1.0,1.0002410219329958,166,162,6434292,6.434292,,HAMMING_RECOVERY_FAILED
HAMMING,13-15,3,9,1364,10912,11064,16596,5532,50.0,1.0,1.0002410219329958,166,186,6521417,6.521417,,HAMMING_RECOVERY_FAILED
HAMMING,13-15,3,10,1364,10912,11064,16596,5532,50.0,1.0,1.0002410219329958,166,156,6572250,6.57225,,HAMMING_RECOVERY_FAILED
HAMMING,13-15,3,11,1364,10912,11064,16596,5532,50.0,1.0,1.0002410219329958,166,184,6408458,6.408458,,HAMMING_RECOVERY_FAILED
HAMMING,13-15,3,12,1364,10912,11064,16596,5532,50.0,1.0,1.0002410219329958,166,153,6454167,6.454167,,HAMMING_RECOVERY_FAILED
HAMMING,13-15,3,13,1364,10912,11064,16596,5532,50.0,1.0,1.0002410219329958,166,157,6498834,6.498834,,HAMMING_RECOVERY_FAILED
HAMMING,13-15,3,14,1364,10912,11064,16596,5532,50.0,1.0,1.0002410219329958,166,201,6573666,6.573666,,HAMMING_RECOVERY_FAILED
HAMMING,13-15,3,15,1364,10912,11064,16596,5532,50.0,1.0,1.0002410219329958,166,167,6505875,6.505875,,HAMMING_RECOVERY_FAILED
HAMMING,13-15,3,16,1364,10912,11064,16596,5532,50.0,1.0,1.0002410219329958,166,165,6406208,6.406208,,HAMMING_RECOVERY_FAILED
HAMMING,13-15,3,17,1364,10912,11064,16596,5532,50.0,1.0,1.0002410219329958,166,176,6429292,6.429292,,HAMMING_RECOVERY_FAILED
HAMMING,13-15,3,18,1364,10912,11064,16596,5532,50.0,1.0,1.0002410219329958,166,184,6449833,6.449833,,HAMMING_RECOVERY_FAILED
HAMMING,13-15,3,19,1364,10912,11064,16596,5532,50.0,1.0,1.0002410219329958,166,177,6653625,6.653625,,HAMMING_RECOVERY_FAILED
HAMMING,13-15,3,20,1364,10912,11064,16596,5532,50.0,1.0,1.0002410219329958,166,161,6796250,6.79625,,HAMMING_RECOVERY_FAILED
HAMMING,13-15,3,21,1364,10912,11064,16596,5532,50.0,1.0,1.0002410219329958,166,165,6390750,6.39075,,HAMMING_RECOVERY_FAILED
HAMMING,13-15,3,22,1364,10912,11064,16596,5532,50.0,1.0,1.0002410219329958,166,164,6494167,6.494167,,HAMMING_RECOVERY_FAILED
HAMMING,13-15,3,23,1364,10912,11064,16596,5532,50.0,1.0,1.0002410219329958,166,169,6401042,6.401042,,HAMMING_RECOVERY_FAILED
HAMMING,13-15,3,24,1364,10912,11064,16596,5532,50.0,1.0,1.0002410219329958,166,152,6488750,6.48875,,HAMMING_RECOVERY_FAILED
HAMMING,13-15,3,25,1364,10912,11064,16596,5532,50.0,1.0,1.0002410219329958,166,174,6451834,6.451834,,HAMMING_RECOVERY_FAILED
HAMMING,13-15,3,26,1364,10912,11064,16596,5532,50.0,1.0,1.0002410219329958,166,174,6475625,6.475625,,HAMMING_RECOVERY_FAILED
HAMMING,13-15,3,27,1364,10912,11064,16596,5532,50.0,1.0,1.0002410219329958,166,166,6461083,6.461083,,HAMMING_RECOVERY_FAILED
HAMMING,13-15,3,28,1364,10912,11064,16596,5532,50.0,1.0,1.0002410219329958,166,178,6452125,6.452125,,HAMMING_RECOVERY_FAILED
HAMMING,13-15,3,29,1364,10912,11064,16596,5532,50.0,1.0,1.0002410219329958,166,184,6446625,6.446625,,HAMMING_RECOVERY_FAILED
HAMMING,13-15,3,30,1364,10912,11064,16596,5532,50.0,1.0,1.0002410219329958,166,198,6399458,6.399458,,HAMMING_RECOVERY_FAILED
HAMMING,13-15,3,31,1364,10912,11064,16596,5532,50.0,1.0,1.0002410219329958,166,157,6411125,6.411125,,HAMMING_RECOVERY_FAILED
HAMMING,13-15,3,32,1364,10912,11064,16596,5532,50.0,1.0,1.0002410219329958,166,175,6440833,6.440833,,HAMMING_RECOVERY_FAILED
HAMMING,13-15,3,33,1364,10912,11064,16596,5532,50.0,1.0,1.0002410219329958,166,156,6517958,6.517958,,HAMMING_RECOVERY_FAILED
HAMMING,13-15,3,34,1364,10912,11064,16596,5532,50.0,1.0,1.0002410219329958,166,168,6675167,6.675167,,HAMMING_RECOVERY_FAILED
HAMMING,13-15,3,35,1364,10912,11064,16596,5532,50.0,1.0,1.0002410219329958,166,151,6467833,6.467833,,HAMMING_RECOVERY_FAILED
HAMMING,13-15,3,36,1364,10912,11064,16596,5532,50.0,1.0,1.0002410219329958,166,160,6377791,6.377791,,HAMMING_RECOVERY_FAILED
HAMMING,13-15,3,37,1364,10912,11064,16596,5532,50.0,1.0,1.0002410219329958,166,169,6432625,6.432625,,HAMMING_RECOVERY_FAILED
HAMMING,13-15,3,38,1364,10912,11064,16596,5532,50.0,1.0,1.0002410219329958,166,153,6351625,6.351625,,HAMMING_RECOVERY_FAILED
HAMMING,13-15,3,39,1364,10912,11064,16596,5532,50.0,1.0,1.0002410219329958,166,168,6217083,6.217083,,HAMMING_RECOVERY_FAILED
HAMMING,13-15,3,40,1364,10912,11064,16596,5532,50.0,1.0,1.0002410219329958,166,168,6430792,6.430792,,HAMMING_RECOVERY_FAILED
HAMMING,13-15,3,41,1364,10912,11064,16596,5532,50.0,1.0,1.0002410219329958,166,146,6314000,6.314,,HAMMING_RECOVERY_FAILED
HAMMING,13-15,3,42,1364,10912,11064,16596,5532,50.0,1.0,1.0002410219329958,166,153,6281208,6.281208,,HAMMING_RECOVERY_FAILED
HAMMING,13-15,3,43,1364,10912,11064,16596,5532,50.0,1.0,1.0002410219329958,166,161,6423792,6.423792,,HAMMING_RECOVERY_FAILED
HAMMING,13-15,3,44,1364,10912,11064,16596,5532,50.0,1.0,1.0002410219329958,166,183,6388500,6.3885,,HAMMING_RECOVERY_FAILED
HAMMING,13-15,3,45,1364,10912,11064,16596,5532,50.0,1.0,1.0002410219329958,166,171,6424000,6.424,,HAMMING_RECOVERY_FAILED
HAMMING,13-15,3,46,1364,10912,11064,16596,5532,50.0,1.0,1.0002410219329958,166,173,6434458,6.434458,,HAMMING_RECOVERY_FAILED
HAMMING,13-15,3,47,1364,10912,11064,16596,5532,50.0,1.0,1.0002410219329958,166,165,6391167,6.391167,,HAMMING_RECOVERY_FAILED
HAMMING,13-15,3,48,1364,10912,11064,16596,5532,50.0,1.0,1.0002410219329958,166,156,6423500,6.4235,,HAMMING_RECOVERY_FAILED
HAMMING,13-15,3,49,1364,10912,11064,16596,5532,50.0,1.0,1.0002410219329958,166,155,6408292,6.408292,,HAMMING_RECOVERY_FAILED
HAMMING,13-15,3,50,1364,10912,11064,16596,5532,50.0,1.0,1.0002410219329958,166,150,6397583,6.397583,,HAMMING_RECOVERY_FAILED
HAMMING,13-15,3,51,1364,10912,11064,16596,5532,50.0,1.0,1.0002410219329958,166,172,6384750,6.38475,,HAMMING_RECOVERY_FAILED
HAMMING,13-15,3,52,1364,10912,11064,16596,5532,50.0,1.0,1.0002410219329958,166,171,6368250,6.36825,,HAMMING_RECOVERY_FAILED
HAMMING,13-15,3,53,1364,10912,11064,16596,5532,50.0,1.0,1.0002410219329958,166,185,6742458,6.742458,,HAMMING_RECOVERY_FAILED
HAMMING,13-15,3,54,1364,10912,11064,16596,5532,50.0,1.0,1.0002410219329958,166,168,6356084,6.356084,,HAMMING_RECOVERY_FAILED
HAMMING,13-15,3,55,1364,10912,11064,16596,5532,50.0,1.0,1.0002410219329958,166,161,6427042,6.427042,,HAMMING_RECOVERY_FAILED
HAMMING,13-15,3,56,1364,10912,11064,16596,5532,50.0,1.0,1.0002410219329958,166,166,6479917,6.479917,,HAMMING_RECOVERY_FAILED
HAMMING,13-15,3,57,1364,10912,11064,16596,5532,50.0,1.0,1.0002410219329958,166,174,6359875,6.359875,,HAMMING_RECOVERY_FAILED
HAMMING,13-15,3,58,1364,10912,11064,16596,5532,50.0,1.0,1.0002410219329958,166,155,6456792,6.456792,,HAMMING_RECOVERY_FAILED
HAMMING,13-15,3,59,1364,10912,11064,16596,5532,50.0,1.0,1.0002410219329958,166,173,6461833,6.461833,,HAMMING_RECOVERY_FAILED
HAMMING,13-15,3,60,1364,10912,11064,16596,5532,50.0,1.0,1.0002410219329958,166,169,6423833,6.423833,,HAMMING_RECOVERY_FAILED
HAMMING,13-15,3,61,1364,10912,11064,16596,5532,50.0,1.0,1.0002410219329958,166,191,6428958,6.428958,,HAMMING_RECOVERY_FAILED
HAMMING,13-15,3,62,1364,10912,11064,16596,5532,50.0,1.0,1.0002410219329958,166,151,6420625,6.420625,,HAMMING_RECOVERY_FAILED
HAMMING,13-15,3,63,1364,10912,11064,16596,5532,50.0,1.0,1.0002410219329958,166,167,6323417,6.323417,,HAMMING_RECOVERY_FAILED
HAMMING,13-15,3,64,1364,10912,11064,16596,5532,50.0,1.0,1.0002410219329958,166,146,6426125,6.426125,,HAMMING_RECOVERY_FAILED
HAMMING,13-15,3,65,1364,10912,11064,16596,5532,50.0,1.0,1.0002410219329958,166,157,6525208,6.525208,,HAMMING_RECOVERY_FAILED
HAMMING,13-15,3,66,1364,10912,11064,16596,5532,50.0,1.0,1.0002410219329958,166,149,6538083,6.538083,,HAMMING_RECOVERY_FAILED
HAMMING,13-15,3,67,1364,10912,11064,16596,5532,50.0,1.0,1.0002410219329958,166,187,6474292,6.474292,,HAMMING_RECOVERY_FAILED
HAMMING,13-15,3,68,1364,10912,11064,16596,5532,50.0,1.0,1.0002410219329958,166,152,6555791,6.555791,,HAMMING_RECOVERY_FAILED
HAMMING,13-15,3,69,1364,10912,11064,16596,5532,50.0,1.0,1.0002410219329958,166,169,6545750,6.54575,,HAMMING_RECOVERY_FAILED
HAMMING,13-15,3,70,1364,10912,11064,16596,5532,50.0,1.0,1.0002410219329958,166,176,6501292,6.501292,,HAMMING_RECOVERY_FAILED
HAMMING,13-15,3,71,1364,10912,11064,16596,5532,50.0,1.0,1.0002410219329958,166,183,6620750,6.62075,,HAMMING_RECOVERY_FAILED
HAMMING,13-15,3,72,1364,10912,11064,16596,5532,50.0,1.0,1.0002410219329958,166,159,6526792,6.526792,,HAMMING_RECOVERY_FAILED
HAMMING,13-15,3,73,1364,10912,11064,16596,5532,50.0,1.0,1.0002410219329958,166,169,6734000,6.734,,HAMMING_RECOVERY_FAILED
HAMMING,13-15,3,74,1364,10912,11064,16596,5532,50.0,1.0,1.0002410219329958,166,158,6526875,6.526875,,HAMMING_RECOVERY_FAILED
HAMMING,13-15,3,75,1364,10912,11064,16596,5532,50.0,1.0,1.0002410219329958,166,171,6450417,6.450417,,HAMMING_RECOVERY_FAILED
HAMMING,13-15,3,76,1364,10912,11064,16596,5532,50.0,1.0,1.0002410219329958,166,167,6497000,6.497,,HAMMING_RECOVERY_FAILED
HAMMING,13-15,3,77,1364,10912,11064,16596,5532,50.0,1.0,1.0002410219329958,166,180,6512625,6.512625,,HAMMING_RECOVERY_FAILED
HAMMING,13-15,3,78,1364,10912,11064,16596,5532,50.0,1.0,1.0002410219329958,166,159,6442000,6.442,,HAMMING_RECOVERY_FAILED
HAMMING,13-15,3,79,1364,10912,11064,16596,5532,50.0,1.0,1.0002410219329958,166,168,6470875,6.470875,,HAMMING_RECOVERY_FAILED
HAMMING,13-15,3,80,1364,10912,11064,16596,5532,50.0,1.0,1.0002410219329958,166,167,6467209,6.467209,,HAMMING_RECOVERY_FAILED
HAMMING,13-15,3,81,1364,10912,11064,16596,5532,50.0,1.0,1.0002410219329958,166,190,6479667,6.479667,,HAMMING_RECOVERY_FAILED
HAMMING,13-15,3,82,1364,10912,11064,16596,5532,50.0,1.0,1.0002410219329958,166,165,6449000,6.449,,HAMMING_RECOVERY_FAILED
HAMMING,13-15,3,83,1364,10912,11064,16596,5532,50.0,1.0,1.0002410219329958,166,163,6522875,6.522875,,HAMMING_RECOVERY_FAILED
HAMMING,13-15,3,84,1364,10912,11064,16596,5532,50.0,1.0,1.0002410219329958,166,172,6498417,6.498417,,HAMMING_RECOVERY_FAILED
HAMMING,13-15,3,85,1364,10912,11064,16596,5532,50.0,1.0,1.0002410219329958,166,180,6459417,6.459417,,HAMMING_RECOVERY_FAILED
HAMMING,13-15,3,86,1364,10912,11064,16596,5532,50.0,1.0,1.0002410219329958,166,154,6543750,6.54375,,HAMMING_RECOVERY_FAILED
HAMMING,13-15,3,87,1364,10912,11064,16596,5532,50.0,1.0,1.0002410219329958,166,176,6668625,6.668625,False,HAMMING_RECOVERY_FAILED
HAMMING,13-15,3,88,1364,10912,11064,16596,5532,50.0,1.0,1.0002410219329958,166,170,6563958,6.563958,,HAMMING_RECOVERY_FAILED
HAMMING,13-15,3,89,1364,10912,11064,16596,5532,50.0,1.0,1.0002410219329958,166,157,6503833,6.503833,,HAMMING_RECOVERY_FAILED
HAMMING,13-15,3,90,1364,10912,11064,16596,5532,50.0,1.0,1.0002410219329958,166,157,6560084,6.560084,,HAMMING_RECOVERY_FAILED
HAMMING,13-15,3,91,1364,10912,11064,16596,5532,50.0,1.0,1.0002410219329958,166,171,6500542,6.500542,,HAMMING_RECOVERY_FAILED
HAMMING,13-15,3,92,1364,10912,11064,16596,5532,50.0,1.0,1.0002410219329958,166,174,6655167,6.655167,False,HAMMING_RECOVERY_FAILED
HAMMING,13-15,3,93,1364,10912,11064,16596,5532,50.0,1.0,1.0002410219329958,166,163,6563208,6.563208,,HAMMING_RECOVERY_FAILED
HAMMING,13-15,3,94,1364,10912,11064,16596,5532,50.0,1.0,1.0002410219329958,166,173,6639542,6.639542,,HAMMING_RECOVERY_FAILED
HAMMING,13-15,3,95,1364,10912,11064,16596,5532,50.0,1.0,1.0002410219329958,166,201,6510042,6.510042,,HAMMING_RECOVERY_FAILED
HAMMING,13-15,3,96,1364,10912,11064,16596,5532,50.0,1.0,1.0002410219329958,166,171,7170334,7.170334,,HAMMING_RECOVERY_FAILED
HAMMING,13-15,3,97,1364,10912,11064,16596,5532,50.0,1.0,1.0002410219329958,166,149,6698334,6.698334,False,HAMMING_RECOVERY_FAILED
HAMMING,13-15,3,98,1364,10912,11064,16596,5532,50.0,1.0,1.0002410219329958,166,168,6590708,6.590708,,HAMMING_RECOVERY_FAILED
HAMMING,13-15,3,99,1364,10912,11064,16596,5532,50.0,1.0,1.0002410219329958,166,174,6528750,6.52875,,HAMMING_RECOVERY_FAILED
HAMMING,13-15,3,100,1364,10912,11064,16596,5532,50.0,1.0,1.0002410219329958,166,149,6399208,6.399208,,HAMMING_RECOVERY_FAILED
HAMMING,13-16,4,1,2206,17648,17800,26700,8900,50.0,0.0,0.0,0,0,9808333,9.808333,True,CLEAN
HAMMING,13-16,4,2,2206,17648,17800,26700,8900,50.0,0.0,0.0,0,0,9810167,9.810167,True,CLEAN
HAMMING,13-16,4,3,2206,17648,17800,26700,8900,50.0,0.0,0.0,0,0,9825667,9.825667,True,CLEAN
HAMMING,13-16,4,4,2206,17648,17800,26700,8900,50.0,0.0,0.0,0,0,9935833,9.935833,True,CLEAN
HAMMING,13-16,4,5,2206,17648,17800,26700,8900,50.0,0.0,0.0,0,0,9817458,9.817458,True,CLEAN
HAMMING,13-16,4,6,2206,17648,17800,26700,8900,50.0,0.0,0.0,0,0,9523500,9.5235,True,CLEAN
HAMMING,13-16,4,7,2206,17648,17800,26700,8900,50.0,0.0,0.0,0,0,9760625,9.760625,True,CLEAN
HAMMING,13-16,4,8,2206,17648,17800,26700,8900,50.0,0.0,0.0,0,0,9738458,9.738458,True,CLEAN
HAMMING,13-16,4,9,2206,17648,17800,26700,8900,50.0,0.0,0.0,0,0,9718541,9.718541,True,CLEAN
HAMMING,13-16,4,10,2206,17648,17800,26700,8900,50.0,0.0,0.0,0,0,9722375,9.722375,True,CLEAN
HAMMING,13-16,4,11,2206,17648,17800,26700,8900,50.0,0.0,0.0,0,0,9740834,9.740834,True,CLEAN
HAMMING,13-16,4,12,2206,17648,17800,26700,8900,50.0,0.0,0.0,0,0,9778500,9.7785,True,CLEAN
HAMMING,13-16,4,13,2206,17648,17800,26700,8900,50.0,0.0,0.0,0,0,9835875,9.835875,True,CLEAN
HAMMING,13-16,4,14,2206,17648,17800,26700,8900,50.0,0.0,0.0,0,0,9742625,9.742625,True,CLEAN
HAMMING,13-16,4,15,2206,17648,17800,26700,8900,50.0,0.0,0.0,0,0,9846084,9.846084,True,CLEAN
HAMMING,13-16,4,16,2206,17648,17800,26700,8900,50.0,0.0,0.0,0,0,9709417,9.709417,True,CLEAN
HAMMING,13-16,4,17,2206,17648,17800,26700,8900,50.0,0.0,0.0,0,0,9745292,9.745292,True,CLEAN
HAMMING,13-16,4,18,2206,17648,17800,26700,8900,50.0,0.0,0.0,0,0,9775667,9.775667,True,CLEAN
HAMMING,13-16,4,19,2206,17648,17800,26700,8900,50.0,0.0,0.0,0,0,9713792,9.713792,True,CLEAN
HAMMING,13-16,4,20,2206,17648,17800,26700,8900,50.0,0.0,0.0,0,0,9726625,9.726625,True,CLEAN
HAMMING,13-16,4,21,2206,17648,17800,26700,8900,50.0,0.0,0.0,0,0,9691625,9.691625,True,CLEAN
HAMMING,13-16,4,22,2206,17648,17800,26700,8900,50.0,0.0,0.0,0,0,9693584,9.693584,True,CLEAN
HAMMING,13-16,4,23,2206,17648,17800,26700,8900,50.0,0.0,0.0,0,0,9717042,9.717042,True,CLEAN
HAMMING,13-16,4,24,2206,17648,17800,26700,8900,50.0,0.0,0.0,0,0,9779042,9.779042,True,CLEAN
HAMMING,13-16,4,25,2206,17648,17800,26700,8900,50.0,0.0,0.0,0,0,9686750,9.68675,True,CLEAN
HAMMING,13-16,4,26,2206,17648,17800,26700,8900,50.0,0.0,0.0,0,0,9844041,9.844041,True,CLEAN
HAMMING,13-16,4,27,2206,17648,17800,26700,8900,50.0,0.0,0.0,0,0,9752042,9.752042,True,CLEAN
HAMMING,13-16,4,28,2206,17648,17800,26700,8900,50.0,0.0,0.0,0,0,9672666,9.672666,True,CLEAN
HAMMING,13-16,4,29,2206,17648,17800,26700,8900,50.0,0.0,0.0,0,0,9701916,9.701916,True,CLEAN
HAMMING,13-16,4,30,2206,17648,17800,26700,8900,50.0,0.0,0.0,0,0,9702500,9.7025,True,CLEAN
HAMMING,13-16,4,31,2206,17648,17800,26700,8900,50.0,0.0,0.0,0,0,9620417,9.620417,True,CLEAN
HAMMING,13-16,4,32,2206,17648,17800,26700,8900,50.0,0.0,0.0,0,0,9876291,9.876291,True,CLEAN
HAMMING,13-16,4,33,2206,17648,17800,26700,8900,50.0,0.0,0.0,0,0,9787958,9.787958,True,CLEAN
HAMMING,13-16,4,34,2206,17648,17800,26700,8900,50.0,0.0,0.0,0,0,9683375,9.683375,True,CLEAN
HAMMING,13-16,4,35,2206,17648,17800,26700,8900,50.0,0.0,0.0,0,0,9731833,9.731833,True,CLEAN
HAMMING,13-16,4,36,2206,17648,17800,26700,8900,50.0,0.0,0.0,0,0,9714542,9.714542,True,CLEAN
HAMMING,13-16,4,37,2206,17648,17800,26700,8900,50.0,0.0,0.0,0,0,9935166,9.935166,True,CLEAN
HAMMING,13-16,4,38,2206,17648,17800,26700,8900,50.0,0.0,0.0,0,0,9823708,9.823708,True,CLEAN
HAMMING,13-16,4,39,2206,17648,17800,26700,8900,50.0,0.0,0.0,0,0,9865042,9.865042,True,CLEAN
HAMMING,13-16,4,40,2206,17648,17800,26700,8900,50.0,0.0,0.0,0,0,9796917,9.796917,True,CLEAN
HAMMING,13-16,4,41,2206,17648,17800,26700,8900,50.0,0.0,0.0,0,0,9748625,9.748625,True,CLEAN
HAMMING,13-16,4,42,2206,17648,17800,26700,8900,50.0,0.0,0.0,0,0,9771875,9.771875,True,CLEAN
HAMMING,13-16,4,43,2206,17648,17800,26700,8900,50.0,0.0,0.0,0,0,9791916,9.791916,True,CLEAN
HAMMING,13-16,4,44,2206,17648,17800,26700,8900,50.0,0.0,0.0,0,0,9763792,9.763792,True,CLEAN
HAMMING,13-16,4,45,2206,17648,17800,26700,8900,50.0,0.0,0.0,0,0,9750709,9.750709,True,CLEAN
HAMMING,13-16,4,46,2206,17648,17800,26700,8900,50.0,0.0,0.0,0,0,9819416,9.819416,True,CLEAN
HAMMING,13-16,4,47,2206,17648,17800,26700,8900,50.0,0.0,0.0,0,0,9790875,9.790875,True,CLEAN
HAMMING,13-16,4,48,2206,17648,17800,26700,8900,50.0,0.0,0.0,0,0,9770041,9.770041,True,CLEAN
HAMMING,13-16,4,49,2206,17648,17800,26700,8900,50.0,0.0,0.0,0,0,9780500,9.7805,True,CLEAN
HAMMING,13-16,4,50,2206,17648,17800,26700,8900,50.0,0.0,0.0,0,0,9651750,9.65175,True,CLEAN
HAMMING,13-16,4,51,2206,17648,17800,26700,8900,50.0,0.0,0.0,0,0,9781250,9.78125,True,CLEAN
HAMMING,13-16,4,52,2206,17648,17800,26700,8900,50.0,0.0,0.0,0,0,9747041,9.747041,True,CLEAN
HAMMING,13-16,4,53,2206,17648,17800,26700,8900,50.0,0.0,0.0,0,0,9751042,9.751042,True,CLEAN
HAMMING,13-16,4,54,2206,17648,17800,26700,8900,50.0,0.0,0.0,0,0,9786417,9.786417,True,CLEAN
HAMMING,13-16,4,55,2206,17648,17800,26700,8900,50.0,0.0,0.0,0,0,9731209,9.731209,True,CLEAN
HAMMING,13-16,4,56,2206,17648,17800,26700,8900,50.0,0.0,0.0,0,0,9809042,9.809042,True,CLEAN
HAMMING,13-16,4,57,2206,17648,17800,26700,8900,50.0,0.0,0.0,0,0,9827625,9.827625,True,CLEAN
HAMMING,13-16,4,58,2206,17648,17800,26700,8900,50.0,0.0,0.0,0,0,9843750,9.84375,True,CLEAN
HAMMING,13-16,4,59,2206,17648,17800,26700,8900,50.0,0.0,0.0,0,0,9649042,9.649042,True,CLEAN
HAMMING,13-16,4,60,2206,17648,17800,26700,8900,50.0,0.0,0.0,0,0,9744375,9.744375,True,CLEAN
HAMMING,13-16,4,61,2206,17648,17800,26700,8900,50.0,0.0,0.0,0,0,9812500,9.8125,True,CLEAN
HAMMING,13-16,4,62,2206,17648,17800,26700,8900,50.0,0.0,0.0,0,0,9740750,9.74075,True,CLEAN
HAMMING,13-16,4,63,2206,17648,17800,26700,8900,50.0,0.0,0.0,0,0,9819167,9.819167,True,CLEAN
HAMMING,13-16,4,64,2206,17648,17800,26700,8900,50.0,0.0,0.0,0,0,9824750,9.82475,True,CLEAN
HAMMING,13-16,4,65,2206,17648,17800,26700,8900,50.0,0.0,0.0,0,0,9926708,9.926708,True,CLEAN
HAMMING,13-16,4,66,2206,17648,17800,26700,8900,50.0,0.0,0.0,0,0,9741542,9.741542,True,CLEAN
HAMMING,13-16,4,67,2206,17648,17800,26700,8900,50.0,0.0,0.0,0,0,9882917,9.882917,True,CLEAN
HAMMING,13-16,4,68,2206,17648,17800,26700,8900,50.0,0.0,0.0,0,0,10052417,10.052417,True,CLEAN
HAMMING,13-16,4,69,2206,17648,17800,26700,8900,50.0,0.0,0.0,0,0,10103459,10.103459,True,CLEAN
HAMMING,13-16,4,70,2206,17648,17800,26700,8900,50.0,0.0,0.0,0,0,12169958,12.169958,True,CLEAN
HAMMING,13-16,4,71,2206,17648,17800,26700,8900,50.0,0.0,0.0,0,0,10100125,10.100125,True,CLEAN
HAMMING,13-16,4,72,2206,17648,17800,26700,8900,50.0,0.0,0.0,0,0,13405208,13.405208,True,CLEAN
HAMMING,13-16,4,73,2206,17648,17800,26700,8900,50.0,0.0,0.0,0,0,9919417,9.919417,True,CLEAN
HAMMING,13-16,4,74,2206,17648,17800,26700,8900,50.0,0.0,0.0,0,0,9813292,9.813292,True,CLEAN
HAMMING,13-16,4,75,2206,17648,17800,26700,8900,50.0,0.0,0.0,0,0,9779958,9.779958,True,CLEAN
HAMMING,13-16,4,76,2206,17648,17800,26700,8900,50.0,0.0,0.0,0,0,9783750,9.78375,True,CLEAN
HAMMING,13-16,4,77,2206,17648,17800,26700,8900,50.0,0.0,0.0,0,0,9715208,9.715208,True,CLEAN
HAMMING,13-16,4,78,2206,17648,17800,26700,8900,50.0,0.0,0.0,0,0,9860833,9.860833,True,CLEAN
HAMMING,13-16,4,79,2206,17648,17800,26700,8900,50.0,0.0,0.0,0,0,9772709,9.772709,True,CLEAN
HAMMING,13-16,4,80,2206,17648,17800,26700,8900,50.0,0.0,0.0,0,0,9887000,9.887,True,CLEAN
HAMMING,13-16,4,81,2206,17648,17800,26700,8900,50.0,0.0,0.0,0,0,9963625,9.963625,True,CLEAN
HAMMING,13-16,4,82,2206,17648,17800,26700,8900,50.0,0.0,0.0,0,0,9765709,9.765709,True,CLEAN
HAMMING,13-16,4,83,2206,17648,17800,26700,8900,50.0,0.0,0.0,0,0,9816208,9.816208,True,CLEAN
HAMMING,13-16,4,84,2206,17648,17800,26700,8900,50.0,0.0,0.0,0,0,9771541,9.771541,True,CLEAN
HAMMING,13-16,4,85,2206,17648,17800,26700,8900,50.0,0.0,0.0,0,0,9808667,9.808667,True,CLEAN
HAMMING,13-16,4,86,2206,17648,17800,26700,8900,50.0,0.0,0.0,0,0,9708375,9.708375,True,CLEAN
HAMMING,13-16,4,87,2206,17648,17800,26700,8900,50.0,0.0,0.0,0,0,9875167,9.875167,True,CLEAN
HAMMING,13-16,4,88,2206,17648,17800,26700,8900,50.0,0.0,0.0,0,0,9752875,9.752875,True,CLEAN
HAMMING,13-16,4,89,2206,17648,17800,26700,8900,50.0,0.0,0.0,0,0,9785917,9.785917,True,CLEAN
HAMMING,13-16,4,90,2206,17648,17800,26700,8900,50.0,0.0,0.0,0,0,9743750,9.74375,True,CLEAN
HAMMING,13-16,4,91,2206,17648,17800,26700,8900,50.0,0.0,0.0,0,0,9770333,9.770333,True,CLEAN
HAMMING,13-16,4,92,2206,17648,17800,26700,8900,50.0,0.0,0.0,0,0,9771875,9.771875,True,CLEAN
HAMMING,13-16,4,93,2206,17648,17800,26700,8900,50.0,0.0,0.0,0,0,9830291,9.830291,True,CLEAN
HAMMING,13-16,4,94,2206,17648,17800,26700,8900,50.0,0.0,0.0,0,0,9745709,9.745709,True,CLEAN
HAMMING,13-16,4,95,2206,17648,17800,26700,8900,50.0,0.0,0.0,0,0,9757292,9.757292,True,CLEAN
HAMMING,13-16,4,96,2206,17648,17800,26700,8900,50.0,0.0,0.0,0,0,9816959,9.816959,True,CLEAN
HAMMING,13-16,4,97,2206,17648,17800,26700,8900,50.0,0.0,0.0,0,0,9698250,9.69825,True,CLEAN
HAMMING,13-16,4,98,2206,17648,17800,26700,8900,50.0,0.0,0.0,0,0,9821416,9.821416,True,CLEAN
HAMMING,13-16,4,99,2206,17648,17800,26700,8900,50.0,0.0,0.0,0,0,9840542,9.840542,True,CLEAN
HAMMING,13-16,4,100,2206,17648,17800,26700,8900,50.0,0.0,0.0,0,0,9860209,9.860209,True,CLEAN
HAMMING,13-16,4,1,2206,17648,17800,26700,8900,50.0,0.01,0.011235955056179775,3,0,10272292,10.272292,True,CLEAN
HAMMING,13-16,4,2,2206,17648,17800,26700,8900,50.0,0.01,0.011235955056179775,3,3,10533000,10.533,True,HAMMING_CORRECTED
HAMMING,13-16,4,3,2206,17648,17800,26700,8900,50.0,0.01,0.011235955056179775,3,1,10242250,10.24225,True,HAMMING_CORRECTED
HAMMING,13-16,4,4,2206,17648,17800,26700,8900,50.0,0.01,0.011235955056179775,3,4,10164750,10.16475,True,HAMMING_CORRECTED
HAMMING,13-16,4,5,2206,17648,17800,26700,8900,50.0,0.01,0.011235955056179775,3,1,10282375,10.282375,True,HAMMING_CORRECTED
HAMMING,13-16,4,6,2206,17648,17800,26700,8900,50.0,0.01,0.011235955056179775,3,2,10112250,10.11225,True,HAMMING_CORRECTED
HAMMING,13-16,4,7,2206,17648,17800,26700,8900,50.0,0.01,0.011235955056179775,3,1,10239583,10.239583,True,HAMMING_CORRECTED
HAMMING,13-16,4,8,2206,17648,17800,26700,8900,50.0,0.01,0.011235955056179775,3,1,10109625,10.109625,True,HAMMING_CORRECTED
HAMMING,13-16,4,9,2206,17648,17800,26700,8900,50.0,0.01,0.011235955056179775,3,2,10193500,10.1935,True,HAMMING_CORRECTED
HAMMING,13-16,4,10,2206,17648,17800,26700,8900,50.0,0.01,0.011235955056179775,3,4,10090334,10.090334,True,HAMMING_CORRECTED
HAMMING,13-16,4,11,2206,17648,17800,26700,8900,50.0,0.01,0.011235955056179775,3,1,9851334,9.851334,True,HAMMING_CORRECTED
HAMMING,13-16,4,12,2206,17648,17800,26700,8900,50.0,0.01,0.011235955056179775,3,1,10010583,10.010583,True,HAMMING_CORRECTED
HAMMING,13-16,4,13,2206,17648,17800,26700,8900,50.0,0.01,0.011235955056179775,3,4,9829958,9.829958,True,HAMMING_CORRECTED
HAMMING,13-16,4,14,2206,17648,17800,26700,8900,50.0,0.01,0.011235955056179775,3,1,9898209,9.898209,True,HAMMING_CORRECTED
HAMMING,13-16,4,15,2206,17648,17800,26700,8900,50.0,0.01,0.011235955056179775,3,1,9773958,9.773958,True,HAMMING_CORRECTED
HAMMING,13-16,4,16,2206,17648,17800,26700,8900,50.0,0.01,0.011235955056179775,3,1,9800541,9.800541,True,HAMMING_CORRECTED
HAMMING,13-16,4,17,2206,17648,17800,26700,8900,50.0,0.01,0.011235955056179775,3,3,9835500,9.8355,True,HAMMING_CORRECTED
HAMMING,13-16,4,18,2206,17648,17800,26700,8900,50.0,0.01,0.011235955056179775,3,1,9751208,9.751208,True,HAMMING_CORRECTED
HAMMING,13-16,4,19,2206,17648,17800,26700,8900,50.0,0.01,0.011235955056179775,3,6,9805417,9.805417,True,HAMMING_CORRECTED
HAMMING,13-16,4,20,2206,17648,17800,26700,8900,50.0,0.01,0.011235955056179775,3,2,9756042,9.756042,True,HAMMING_CORRECTED
HAMMING,13-16,4,21,2206,17648,17800,26700,8900,50.0,0.01,0.011235955056179775,3,3,9757208,9.757208,True,HAMMING_CORRECTED
HAMMING,13-16,4,22,2206,17648,17800,26700,8900,50.0,0.01,0.011235955056179775,3,7,9787083,9.787083,True,HAMMING_CORRECTED
HAMMING,13-16,4,23,2206,17648,17800,26700,8900,50.0,0.01,0.011235955056179775,3,1,9827833,9.827833,True,HAMMING_CORRECTED
HAMMING,13-16,4,24,2206,17648,17800,26700,8900,50.0,0.01,0.011235955056179775,3,0,9827292,9.827292,True,CLEAN
HAMMING,13-16,4,25,2206,17648,17800,26700,8900,50.0,0.01,0.011235955056179775,3,5,9772458,9.772458,True,HAMMING_CORRECTED
HAMMING,13-16,4,26,2206,17648,17800,26700,8900,50.0,0.01,0.011235955056179775,3,2,9736084,9.736084,True,HAMMING_CORRECTED
HAMMING,13-16,4,27,2206,17648,17800,26700,8900,50.0,0.01,0.011235955056179775,3,2,9806000,9.806,True,HAMMING_CORRECTED
HAMMING,13-16,4,28,2206,17648,17800,26700,8900,50.0,0.01,0.011235955056179775,3,1,9773708,9.773708,True,HAMMING_CORRECTED
HAMMING,13-16,4,29,2206,17648,17800,26700,8900,50.0,0.01,0.011235955056179775,3,2,10236292,10.236292,True,HAMMING_CORRECTED
HAMMING,13-16,4,30,2206,17648,17800,26700,8900,50.0,0.01,0.011235955056179775,3,3,9959791,9.959791,True,HAMMING_CORRECTED
HAMMING,13-16,4,31,2206,17648,17800,26700,8900,50.0,0.01,0.011235955056179775,3,2,9859083,9.859083,True,HAMMING_CORRECTED
HAMMING,13-16,4,32,2206,17648,17800,26700,8900,50.0,0.01,0.011235955056179775,3,3,9927959,9.927959,True,HAMMING_CORRECTED
HAMMING,13-16,4,33,2206,17648,17800,26700,8900,50.0,0.01,0.011235955056179775,3,5,9811166,9.811166,True,HAMMING_CORRECTED
HAMMING,13-16,4,34,2206,17648,17800,26700,8900,50.0,0.01,0.011235955056179775,3,1,9829583,9.829583,True,HAMMING_CORRECTED
HAMMING,13-16,4,35,2206,17648,17800,26700,8900,50.0,0.01,0.011235955056179775,3,5,9986583,9.986583,True,HAMMING_CORRECTED
HAMMING,13-16,4,36,2206,17648,17800,26700,8900,50.0,0.01,0.011235955056179775,3,4,9778500,9.7785,True,HAMMING_CORRECTED
HAMMING,13-16,4,37,2206,17648,17800,26700,8900,50.0,0.01,0.011235955056179775,3,2,9663333,9.663333,True,HAMMING_CORRECTED
HAMMING,13-16,4,38,2206,17648,17800,26700,8900,50.0,0.01,0.011235955056179775,3,3,9780458,9.780458,True,HAMMING_CORRECTED
HAMMING,13-16,4,39,2206,17648,17800,26700,8900,50.0,0.01,0.011235955056179775,3,3,9640833,9.640833,True,HAMMING_CORRECTED
HAMMING,13-16,4,40,2206,17648,17800,26700,8900,50.0,0.01,0.011235955056179775,3,5,9735916,9.735916,True,HAMMING_CORRECTED
HAMMING,13-16,4,41,2206,17648,17800,26700,8900,50.0,0.01,0.011235955056179775,3,2,9807459,9.807459,True,HAMMING_CORRECTED
HAMMING,13-16,4,42,2206,17648,17800,26700,8900,50.0,0.01,0.011235955056179775,3,5,9764667,9.764667,True,HAMMING_CORRECTED
HAMMING,13-16,4,43,2206,17648,17800,26700,8900,50.0,0.01,0.011235955056179775,3,4,9693375,9.693375,True,HAMMING_CORRECTED
HAMMING,13-16,4,44,2206,17648,17800,26700,8900,50.0,0.01,0.011235955056179775,3,3,9817625,9.817625,True,HAMMING_CORRECTED
HAMMING,13-16,4,45,2206,17648,17800,26700,8900,50.0,0.01,0.011235955056179775,3,4,9729833,9.729833,True,HAMMING_CORRECTED
HAMMING,13-16,4,46,2206,17648,17800,26700,8900,50.0,0.01,0.011235955056179775,3,3,9842250,9.84225,True,HAMMING_CORRECTED
HAMMING,13-16,4,47,2206,17648,17800,26700,8900,50.0,0.01,0.011235955056179775,3,2,9731625,9.731625,True,HAMMING_CORRECTED
HAMMING,13-16,4,48,2206,17648,17800,26700,8900,50.0,0.01,0.011235955056179775,3,0,9738791,9.738791,True,CLEAN
HAMMING,13-16,4,49,2206,17648,17800,26700,8900,50.0,0.01,0.011235955056179775,3,4,9706834,9.706834,True,HAMMING_CORRECTED
HAMMING,13-16,4,50,2206,17648,17800,26700,8900,50.0,0.01,0.011235955056179775,3,5,9665542,9.665542,True,HAMMING_CORRECTED
HAMMING,13-16,4,51,2206,17648,17800,26700,8900,50.0,0.01,0.011235955056179775,3,5,9803250,9.80325,True,HAMMING_CORRECTED
HAMMING,13-16,4,52,2206,17648,17800,26700,8900,50.0,0.01,0.011235955056179775,3,3,9751708,9.751708,True,HAMMING_CORRECTED
HAMMING,13-16,4,53,2206,17648,17800,26700,8900,50.0,0.01,0.011235955056179775,3,4,9783334,9.783334,True,HAMMING_CORRECTED
HAMMING,13-16,4,54,2206,17648,17800,26700,8900,50.0,0.01,0.011235955056179775,3,2,9776042,9.776042,True,HAMMING_CORRECTED
HAMMING,13-16,4,55,2206,17648,17800,26700,8900,50.0,0.01,0.011235955056179775,3,4,9756250,9.75625,True,HAMMING_CORRECTED
HAMMING,13-16,4,56,2206,17648,17800,26700,8900,50.0,0.01,0.011235955056179775,3,2,9812333,9.812333,True,HAMMING_CORRECTED
HAMMING,13-16,4,57,2206,17648,17800,26700,8900,50.0,0.01,0.011235955056179775,3,8,9755459,9.755459,True,HAMMING_CORRECTED
HAMMING,13-16,4,58,2206,17648,17800,26700,8900,50.0,0.01,0.011235955056179775,3,5,9799834,9.799834,True,HAMMING_CORRECTED
HAMMING,13-16,4,59,2206,17648,17800,26700,8900,50.0,0.01,0.011235955056179775,3,0,9811667,9.811667,True,CLEAN
HAMMING,13-16,4,60,2206,17648,17800,26700,8900,50.0,0.01,0.011235955056179775,3,6,9783375,9.783375,True,HAMMING_CORRECTED
HAMMING,13-16,4,61,2206,17648,17800,26700,8900,50.0,0.01,0.011235955056179775,3,2,9779959,9.779959,True,HAMMING_CORRECTED
HAMMING,13-16,4,62,2206,17648,17800,26700,8900,50.0,0.01,0.011235955056179775,3,4,9701042,9.701042,True,HAMMING_CORRECTED
HAMMING,13-16,4,63,2206,17648,17800,26700,8900,50.0,0.01,0.011235955056179775,3,4,9801542,9.801542,True,HAMMING_CORRECTED
HAMMING,13-16,4,64,2206,17648,17800,26700,8900,50.0,0.01,0.011235955056179775,3,4,9761542,9.761542,True,HAMMING_CORRECTED
HAMMING,13-16,4,65,2206,17648,17800,26700,8900,50.0,0.01,0.011235955056179775,3,2,9765250,9.76525,True,HAMMING_CORRECTED
HAMMING,13-16,4,66,2206,17648,17800,26700,8900,50.0,0.01,0.011235955056179775,3,1,9734750,9.73475,True,HAMMING_CORRECTED
HAMMING,13-16,4,67,2206,17648,17800,26700,8900,50.0,0.01,0.011235955056179775,3,3,9925417,9.925417,True,HAMMING_CORRECTED
HAMMING,13-16,4,68,2206,17648,17800,26700,8900,50.0,0.01,0.011235955056179775,3,0,9775833,9.775833,True,CLEAN
HAMMING,13-16,4,69,2206,17648,17800,26700,8900,50.0,0.01,0.011235955056179775,3,1,9830459,9.830459,True,HAMMING_CORRECTED
HAMMING,13-16,4,70,2206,17648,17800,26700,8900,50.0,0.01,0.011235955056179775,3,6,9786667,9.786667,True,HAMMING_CORRECTED
HAMMING,13-16,4,71,2206,17648,17800,26700,8900,50.0,0.01,0.011235955056179775,3,1,9709292,9.709292,True,HAMMING_CORRECTED
HAMMING,13-16,4,72,2206,17648,17800,26700,8900,50.0,0.01,0.011235955056179775,3,3,9801042,9.801042,True,HAMMING_CORRECTED
HAMMING,13-16,4,73,2206,17648,17800,26700,8900,50.0,0.01,0.011235955056179775,3,2,9802584,9.802584,True,HAMMING_CORRECTED
HAMMING,13-16,4,74,2206,17648,17800,26700,8900,50.0,0.01,0.011235955056179775,3,3,9743792,9.743792,True,HAMMING_CORRECTED
HAMMING,13-16,4,75,2206,17648,17800,26700,8900,50.0,0.01,0.011235955056179775,3,3,9772667,9.772667,True,HAMMING_CORRECTED
HAMMING,13-16,4,76,2206,17648,17800,26700,8900,50.0,0.01,0.011235955056179775,3,6,9730125,9.730125,True,HAMMING_CORRECTED
HAMMING,13-16,4,77,2206,17648,17800,26700,8900,50.0,0.01,0.011235955056179775,3,3,9852333,9.852333,True,HAMMING_CORRECTED
HAMMING,13-16,4,78,2206,17648,17800,26700,8900,50.0,0.01,0.011235955056179775,3,4,9815125,9.815125,True,HAMMING_CORRECTED
HAMMING,13-16,4,79,2206,17648,17800,26700,8900,50.0,0.01,0.011235955056179775,3,2,9851167,9.851167,True,HAMMING_CORRECTED
HAMMING,13-16,4,80,2206,17648,17800,26700,8900,50.0,0.01,0.011235955056179775,3,0,9739375,9.739375,True,CLEAN
HAMMING,13-16,4,81,2206,17648,17800,26700,8900,50.0,0.01,0.011235955056179775,3,1,9772125,9.772125,True,HAMMING_CORRECTED
HAMMING,13-16,4,82,2206,17648,17800,26700,8900,50.0,0.01,0.011235955056179775,3,4,9819042,9.819042,True,HAMMING_CORRECTED
HAMMING,13-16,4,83,2206,17648,17800,26700,8900,50.0,0.01,0.011235955056179775,3,2,9846458,9.846458,True,HAMMING_CORRECTED
HAMMING,13-16,4,84,2206,17648,17800,26700,8900,50.0,0.01,0.011235955056179775,3,5,9799458,9.799458,True,HAMMING_CORRECTED
HAMMING,13-16,4,85,2206,17648,17800,26700,8900,50.0,0.01,0.011235955056179775,3,3,9808125,9.808125,True,HAMMING_CORRECTED
HAMMING,13-16,4,86,2206,17648,17800,26700,8900,50.0,0.01,0.011235955056179775,3,2,9760875,9.760875,True,HAMMING_CORRECTED
HAMMING,13-16,4,87,2206,17648,17800,26700,8900,50.0,0.01,0.011235955056179775,3,1,9764042,9.764042,True,HAMMING_CORRECTED
HAMMING,13-16,4,88,2206,17648,17800,26700,8900,50.0,0.01,0.011235955056179775,3,1,9805667,9.805667,True,HAMMING_CORRECTED
HAMMING,13-16,4,89,2206,17648,17800,26700,8900,50.0,0.01,0.011235955056179775,3,6,9776333,9.776333,True,HAMMING_CORRECTED
HAMMING,13-16,4,90,2206,17648,17800,26700,8900,50.0,0.01,0.011235955056179775,3,4,9765708,9.765708,True,HAMMING_CORRECTED
HAMMING,13-16,4,91,2206,17648,17800,26700,8900,50.0,0.01,0.011235955056179775,3,0,9741291,9.741291,True,CLEAN
HAMMING,13-16,4,92,2206,17648,17800,26700,8900,50.0,0.01,0.011235955056179775,3,3,9754625,9.754625,True,HAMMING_CORRECTED
HAMMING,13-16,4,93,2206,17648,17800,26700,8900,50.0,0.01,0.011235955056179775,3,6,9680333,9.680333,True,HAMMING_CORRECTED
HAMMING,13-16,4,94,2206,17648,17800,26700,8900,50.0,0.01,0.011235955056179775,3,2,9750042,9.750042,True,HAMMING_CORRECTED
HAMMING,13-16,4,95,2206,17648,17800,26700,8900,50.0,0.01,0.011235955056179775,3,4,9786500,9.7865,True,HAMMING_CORRECTED
HAMMING,13-16,4,96,2206,17648,17800,26700,8900,50.0,0.01,0.011235955056179775,3,5,9751166,9.751166,True,HAMMING_CORRECTED
HAMMING,13-16,4,97,2206,17648,17800,26700,8900,50.0,0.01,0.011235955056179775,3,3,9822000,9.822,True,HAMMING_CORRECTED
HAMMING,13-16,4,98,2206,17648,17800,26700,8900,50.0,0.01,0.011235955056179775,3,3,9854833,9.854833,True,HAMMING_CORRECTED
HAMMING,13-16,4,99,2206,17648,17800,26700,8900,50.0,0.01,0.011235955056179775,3,1,9812208,9.812208,True,HAMMING_CORRECTED
HAMMING,13-16,4,100,2206,17648,17800,26700,8900,50.0,0.01,0.011235955056179775,3,4,9728292,9.728292,True,HAMMING_CORRECTED
HAMMING,13-16,4,1,2206,17648,17800,26700,8900,50.0,0.1,0.10112359550561799,27,26,9631542,9.631542,,HAMMING_RECOVERY_FAILED
HAMMING,13-16,4,2,2206,17648,17800,26700,8900,50.0,0.1,0.10112359550561799,27,19,9775500,9.7755,True,HAMMING_CORRECTED
HAMMING,13-16,4,3,2206,17648,17800,26700,8900,50.0,0.1,0.10112359550561799,27,29,9949208,9.949208,True,HAMMING_CORRECTED
HAMMING,13-16,4,4,2206,17648,17800,26700,8900,50.0,0.1,0.10112359550561799,27,38,9865875,9.865875,True,HAMMING_CORRECTED
HAMMING,13-16,4,5,2206,17648,17800,26700,8900,50.0,0.1,0.10112359550561799,27,36,9798625,9.798625,True,HAMMING_CORRECTED
HAMMING,13-16,4,6,2206,17648,17800,26700,8900,50.0,0.1,0.10112359550561799,27,34,9868417,9.868417,True,HAMMING_CORRECTED
HAMMING,13-16,4,7,2206,17648,17800,26700,8900,50.0,0.1,0.10112359550561799,27,26,9893542,9.893542,True,HAMMING_CORRECTED
HAMMING,13-16,4,8,2206,17648,17800,26700,8900,50.0,0.1,0.10112359550561799,27,33,9932250,9.93225,True,HAMMING_CORRECTED
HAMMING,13-16,4,9,2206,17648,17800,26700,8900,50.0,0.1,0.10112359550561799,27,30,9730375,9.730375,,HAMMING_RECOVERY_FAILED
HAMMING,13-16,4,10,2206,17648,17800,26700,8900,50.0,0.1,0.10112359550561799,27,27,9740583,9.740583,True,HAMMING_CORRECTED
HAMMING,13-16,4,11,2206,17648,17800,26700,8900,50.0,0.1,0.10112359550561799,27,33,9722333,9.722333,False,HAMMING_RECOVERY_FAILED
HAMMING,13-16,4,12,2206,17648,17800,26700,8900,50.0,0.1,0.10112359550561799,27,17,9842250,9.84225,,HAMMING_RECOVERY_FAILED
HAMMING,13-16,4,13,2206,17648,17800,26700,8900,50.0,0.1,0.10112359550561799,27,26,9729333,9.729333,True,HAMMING_CORRECTED
HAMMING,13-16,4,14,2206,17648,17800,26700,8900,50.0,0.1,0.10112359550561799,27,25,9916417,9.916417,True,HAMMING_CORRECTED
HAMMING,13-16,4,15,2206,17648,17800,26700,8900,50.0,0.1,0.10112359550561799,27,30,9815875,9.815875,False,HAMMING_RECOVERY_FAILED
HAMMING,13-16,4,16,2206,17648,17800,26700,8900,50.0,0.1,0.10112359550561799,27,20,9758416,9.758416,True,HAMMING_CORRECTED
HAMMING,13-16,4,17,2206,17648,17800,26700,8900,50.0,0.1,0.10112359550561799,27,25,9778750,9.77875,True,HAMMING_CORRECTED
HAMMING,13-16,4,18,2206,17648,17800,26700,8900,50.0,0.1,0.10112359550561799,27,26,9773167,9.773167,True,HAMMING_CORRECTED
HAMMING,13-16,4,19,2206,17648,17800,26700,8900,50.0,0.1,0.10112359550561799,27,23,9800458,9.800458,True,HAMMING_CORRECTED
HAMMING,13-16,4,20,2206,17648,17800,26700,8900,50.0,0.1,0.10112359550561799,27,31,9807083,9.807083,True,HAMMING_CORRECTED
HAMMING,13-16,4,21,2206,17648,17800,26700,8900,50.0,0.1,0.10112359550561799,27,22,9841292,9.841292,True,HAMMING_CORRECTED
HAMMING,13-16,4,22,2206,17648,17800,26700,8900,50.0,0.1,0.10112359550561799,27,34,9800708,9.800708,True,HAMMING_CORRECTED
HAMMING,13-16,4,23,2206,17648,17800,26700,8900,50.0,0.1,0.10112359550561799,27,22,9803750,9.80375,True,HAMMING_CORRECTED
HAMMING,13-16,4,24,2206,17648,17800,26700,8900,50.0,0.1,0.10112359550561799,27,28,9815625,9.815625,True,HAMMING_CORRECTED
HAMMING,13-16,4,25,2206,17648,17800,26700,8900,50.0,0.1,0.10112359550561799,27,22,9847666,9.847666,True,HAMMING_CORRECTED
HAMMING,13-16,4,26,2206,17648,17800,26700,8900,50.0,0.1,0.10112359550561799,27,29,9792542,9.792542,True,HAMMING_CORRECTED
HAMMING,13-16,4,27,2206,17648,17800,26700,8900,50.0,0.1,0.10112359550561799,27,22,9759041,9.759041,True,HAMMING_CORRECTED
HAMMING,13-16,4,28,2206,17648,17800,26700,8900,50.0,0.1,0.10112359550561799,27,32,9810666,9.810666,True,HAMMING_CORRECTED
HAMMING,13-16,4,29,2206,17648,17800,26700,8900,50.0,0.1,0.10112359550561799,27,24,9898042,9.898042,True,HAMMING_CORRECTED
HAMMING,13-16,4,30,2206,17648,17800,26700,8900,50.0,0.1,0.10112359550561799,27,17,10014417,10.014417,True,HAMMING_CORRECTED
HAMMING,13-16,4,31,2206,17648,17800,26700,8900,50.0,0.1,0.10112359550561799,27,31,9801000,9.801,True,HAMMING_CORRECTED
HAMMING,13-16,4,32,2206,17648,17800,26700,8900,50.0,0.1,0.10112359550561799,27,24,9738000,9.738,True,HAMMING_CORRECTED
HAMMING,13-16,4,33,2206,17648,17800,26700,8900,50.0,0.1,0.10112359550561799,27,27,9817917,9.817917,True,HAMMING_CORRECTED
HAMMING,13-16,4,34,2206,17648,17800,26700,8900,50.0,0.1,0.10112359550561799,27,27,9766375,9.766375,True,HAMMING_CORRECTED
HAMMING,13-16,4,35,2206,17648,17800,26700,8900,50.0,0.1,0.10112359550561799,27,33,9857250,9.85725,True,HAMMING_CORRECTED
HAMMING,13-16,4,36,2206,17648,17800,26700,8900,50.0,0.1,0.10112359550561799,27,31,9815833,9.815833,True,HAMMING_CORRECTED
HAMMING,13-16,4,37,2206,17648,17800,26700,8900,50.0,0.1,0.10112359550561799,27,22,9650958,9.650958,True,HAMMING_CORRECTED
HAMMING,13-16,4,38,2206,17648,17800,26700,8900,50.0,0.1,0.10112359550561799,27,31,9785459,9.785459,True,HAMMING_CORRECTED
HAMMING,13-16,4,39,2206,17648,17800,26700,8900,50.0,0.1,0.10112359550561799,27,28,9796125,9.796125,True,HAMMING_CORRECTED
HAMMING,13-16,4,40,2206,17648,17800,26700,8900,50.0,0.1,0.10112359550561799,27,29,9804208,9.804208,True,HAMMING_CORRECTED
HAMMING,13-16,4,41,2206,17648,17800,26700,8900,50.0,0.1,0.10112359550561799,27,32,9814167,9.814167,False,HAMMING_RECOVERY_FAILED
HAMMING,13-16,4,42,2206,17648,17800,26700,8900,50.0,0.1,0.10112359550561799,27,32,9716083,9.716083,False,HAMMING_RECOVERY_FAILED
HAMMING,13-16,4,43,2206,17648,17800,26700,8900,50.0,0.1,0.10112359550561799,27,31,9777291,9.777291,True,HAMMING_CORRECTED
HAMMING,13-16,4,44,2206,17648,17800,26700,8900,50.0,0.1,0.10112359550561799,27,31,9814667,9.814667,False,HAMMING_RECOVERY_FAILED
HAMMING,13-16,4,45,2206,17648,17800,26700,8900,50.0,0.1,0.10112359550561799,27,28,9818459,9.818459,True,HAMMING_CORRECTED
HAMMING,13-16,4,46,2206,17648,17800,26700,8900,50.0,0.1,0.10112359550561799,27,34,9833958,9.833958,True,HAMMING_CORRECTED
HAMMING,13-16,4,47,2206,17648,17800,26700,8900,50.0,0.1,0.10112359550561799,27,30,9734709,9.734709,True,HAMMING_CORRECTED
HAMMING,13-16,4,48,2206,17648,17800,26700,8900,50.0,0.1,0.10112359550561799,27,31,9633625,9.633625,False,HAMMING_RECOVERY_FAILED
HAMMING,13-16,4,49,2206,17648,17800,26700,8900,50.0,0.1,0.10112359550561799,27,28,9700958,9.700958,True,HAMMING_CORRECTED
HAMMING,13-16,4,50,2206,17648,17800,26700,8900,50.0,0.1,0.10112359550561799,27,34,9826250,9.82625,True,HAMMING_CORRECTED
HAMMING,13-16,4,51,2206,17648,17800,26700,8900,50.0,0.1,0.10112359550561799,27,25,9799417,9.799417,True,HAMMING_CORRECTED
HAMMING,13-16,4,52,2206,17648,17800,26700,8900,50.0,0.1,0.10112359550561799,27,36,9739500,9.7395,True,HAMMING_CORRECTED
HAMMING,13-16,4,53,2206,17648,17800,26700,8900,50.0,0.1,0.10112359550561799,27,30,9768458,9.768458,True,HAMMING_CORRECTED
HAMMING,13-16,4,54,2206,17648,17800,26700,8900,50.0,0.1,0.10112359550561799,27,25,9840166,9.840166,,HAMMING_RECOVERY_FAILED
HAMMING,13-16,4,55,2206,17648,17800,26700,8900,50.0,0.1,0.10112359550561799,27,29,9924167,9.924167,True,HAMMING_CORRECTED
HAMMING,13-16,4,56,2206,17648,17800,26700,8900,50.0,0.1,0.10112359550561799,27,24,9985333,9.985333,True,HAMMING_CORRECTED
HAMMING,13-16,4,57,2206,17648,17800,26700,8900,50.0,0.1,0.10112359550561799,27,33,10051917,10.051917,True,HAMMING_CORRECTED
HAMMING,13-16,4,58,2206,17648,17800,26700,8900,50.0,0.1,0.10112359550561799,27,22,9768250,9.76825,True,HAMMING_CORRECTED
HAMMING,13-16,4,59,2206,17648,17800,26700,8900,50.0,0.1,0.10112359550561799,27,28,9740333,9.740333,True,HAMMING_CORRECTED
HAMMING,13-16,4,60,2206,17648,17800,26700,8900,50.0,0.1,0.10112359550561799,27,35,9779667,9.779667,False,HAMMING_RECOVERY_FAILED
HAMMING,13-16,4,61,2206,17648,17800,26700,8900,50.0,0.1,0.10112359550561799,27,30,9814083,9.814083,True,HAMMING_CORRECTED
HAMMING,13-16,4,62,2206,17648,17800,26700,8900,50.0,0.1,0.10112359550561799,27,17,9744917,9.744917,True,HAMMING_CORRECTED
HAMMING,13-16,4,63,2206,17648,17800,26700,8900,50.0,0.1,0.10112359550561799,27,35,9774334,9.774334,False,HAMMING_RECOVERY_FAILED
HAMMING,13-16,4,64,2206,17648,17800,26700,8900,50.0,0.1,0.10112359550561799,27,23,10217500,10.2175,True,HAMMING_CORRECTED
HAMMING,13-16,4,65,2206,17648,17800,26700,8900,50.0,0.1,0.10112359550561799,27,30,9713833,9.713833,False,HAMMING_RECOVERY_FAILED
HAMMING,13-16,4,66,2206,17648,17800,26700,8900,50.0,0.1,0.10112359550561799,27,18,9793333,9.793333,True,HAMMING_CORRECTED
HAMMING,13-16,4,67,2206,17648,17800,26700,8900,50.0,0.1,0.10112359550561799,27,25,9756917,9.756917,True,HAMMING_CORRECTED
HAMMING,13-16,4,68,2206,17648,17800,26700,8900,50.0,0.1,0.10112359550561799,27,23,10071833,10.071833,True,HAMMING_CORRECTED
HAMMING,13-16,4,69,2206,17648,17800,26700,8900,50.0,0.1,0.10112359550561799,27,28,9724125,9.724125,True,HAMMING_CORRECTED
HAMMING,13-16,4,70,2206,17648,17800,26700,8900,50.0,0.1,0.10112359550561799,27,26,9784833,9.784833,True,HAMMING_CORRECTED
HAMMING,13-16,4,71,2206,17648,17800,26700,8900,50.0,0.1,0.10112359550561799,27,32,9791792,9.791792,True,HAMMING_CORRECTED
HAMMING,13-16,4,72,2206,17648,17800,26700,8900,50.0,0.1,0.10112359550561799,27,24,9718916,9.718916,False,HAMMING_RECOVERY_FAILED
HAMMING,13-16,4,73,2206,17648,17800,26700,8900,50.0,0.1,0.10112359550561799,27,31,9794917,9.794917,True,HAMMING_CORRECTED
HAMMING,13-16,4,74,2206,17648,17800,26700,8900,50.0,0.1,0.10112359550561799,27,18,9641167,9.641167,,HAMMING_RECOVERY_FAILED
HAMMING,13-16,4,75,2206,17648,17800,26700,8900,50.0,0.1,0.10112359550561799,27,24,9849750,9.84975,True,HAMMING_CORRECTED
HAMMING,13-16,4,76,2206,17648,17800,26700,8900,50.0,0.1,0.10112359550561799,27,26,9772333,9.772333,True,HAMMING_CORRECTED
HAMMING,13-16,4,77,2206,17648,17800,26700,8900,50.0,0.1,0.10112359550561799,27,24,9751417,9.751417,True,HAMMING_CORRECTED
HAMMING,13-16,4,78,2206,17648,17800,26700,8900,50.0,0.1,0.10112359550561799,27,25,9838750,9.83875,True,HAMMING_CORRECTED
HAMMING,13-16,4,79,2206,17648,17800,26700,8900,50.0,0.1,0.10112359550561799,27,27,9787959,9.787959,True,HAMMING_CORRECTED
HAMMING,13-16,4,80,2206,17648,17800,26700,8900,50.0,0.1,0.10112359550561799,27,25,9804583,9.804583,True,HAMMING_CORRECTED
HAMMING,13-16,4,81,2206,17648,17800,26700,8900,50.0,0.1,0.10112359550561799,27,41,9626375,9.626375,,HAMMING_RECOVERY_FAILED
HAMMING,13-16,4,82,2206,17648,17800,26700,8900,50.0,0.1,0.10112359550561799,27,26,9810333,9.810333,True,HAMMING_CORRECTED
HAMMING,13-16,4,83,2206,17648,17800,26700,8900,50.0,0.1,0.10112359550561799,27,21,9727417,9.727417,True,HAMMING_CORRECTED
HAMMING,13-16,4,84,2206,17648,17800,26700,8900,50.0,0.1,0.10112359550561799,27,29,9774375,9.774375,True,HAMMING_CORRECTED
HAMMING,13-16,4,85,2206,17648,17800,26700,8900,50.0,0.1,0.10112359550561799,27,26,9809166,9.809166,True,HAMMING_CORRECTED
HAMMING,13-16,4,86,2206,17648,17800,26700,8900,50.0,0.1,0.10112359550561799,27,36,9827792,9.827792,False,HAMMING_RECOVERY_FAILED
HAMMING,13-16,4,87,2206,17648,17800,26700,8900,50.0,0.1,0.10112359550561799,27,46,9648042,9.648042,,HAMMING_RECOVERY_FAILED
HAMMING,13-16,4,88,2206,17648,17800,26700,8900,50.0,0.1,0.10112359550561799,27,28,9887500,9.8875,True,HAMMING_CORRECTED
HAMMING,13-16,4,89,2206,17648,17800,26700,8900,50.0,0.1,0.10112359550561799,27,19,9787500,9.7875,True,HAMMING_CORRECTED
HAMMING,13-16,4,90,2206,17648,17800,26700,8900,50.0,0.1,0.10112359550561799,27,23,9746500,9.7465,True,HAMMING_CORRECTED
HAMMING,13-16,4,91,2206,17648,17800,26700,8900,50.0,0.1,0.10112359550561799,27,31,9634334,9.634334,True,HAMMING_CORRECTED
HAMMING,13-16,4,92,2206,17648,17800,26700,8900,50.0,0.1,0.10112359550561799,27,30,9803375,9.803375,True,HAMMING_CORRECTED
HAMMING,13-16,4,93,2206,17648,17800,26700,8900,50.0,0.1,0.10112359550561799,27,21,9771375,9.771375,True,HAMMING_CORRECTED
HAMMING,13-16,4,94,2206,17648,17800,26700,8900,50.0,0.1,0.10112359550561799,27,34,9795584,9.795584,True,HAMMING_CORRECTED
HAMMING,13-16,4,95,2206,17648,17800,26700,8900,50.0,0.1,0.10112359550561799,27,32,9857917,9.857917,False,HAMMING_RECOVERY_FAILED
HAMMING,13-16,4,96,2206,17648,17800,26700,8900,50.0,0.1,0.10112359550561799,27,24,9783667,9.783667,True,HAMMING_CORRECTED
HAMMING,13-16,4,97,2206,17648,17800,26700,8900,50.0,0.1,0.10112359550561799,27,27,9790375,9.790375,,HAMMING_RECOVERY_FAILED
HAMMING,13-16,4,98,2206,17648,17800,26700,8900,50.0,0.1,0.10112359550561799,27,24,9797750,9.79775,True,HAMMING_CORRECTED
HAMMING,13-16,4,99,2206,17648,17800,26700,8900,50.0,0.1,0.10112359550561799,27,33,9916250,9.91625,True,HAMMING_CORRECTED
HAMMING,13-16,4,100,2206,17648,17800,26700,8900,50.0,0.1,0.10112359550561799,27,21,9852375,9.852375,True,HAMMING_CORRECTED
HAMMING,13-16,4,1,2206,17648,17800,26700,8900,50.0,1.0,1.0,267,263,9734291,9.734291,,HAMMING_RECOVERY_FAILED
HAMMING,13-16,4,2,2206,17648,17800,26700,8900,50.0,1.0,1.0,267,257,9642667,9.642667,,HAMMING_RECOVERY_FAILED
HAMMING,13-16,4,3,2206,17648,17800,26700,8900,50.0,1.0,1.0,267,272,9653417,9.653417,,HAMMING_RECOVERY_FAILED
HAMMING,13-16,4,4,2206,17648,17800,26700,8900,50.0,1.0,1.0,267,304,9782958,9.782958,,HAMMING_RECOVERY_FAILED
HAMMING,13-16,4,5,2206,17648,17800,26700,8900,50.0,1.0,1.0,267,253,9656459,9.656459,,HAMMING_RECOVERY_FAILED
HAMMING,13-16,4,6,2206,17648,17800,26700,8900,50.0,1.0,1.0,267,292,9648916,9.648916,,HAMMING_RECOVERY_FAILED
HAMMING,13-16,4,7,2206,17648,17800,26700,8900,50.0,1.0,1.0,267,284,9623125,9.623125,,HAMMING_RECOVERY_FAILED
HAMMING,13-16,4,8,2206,17648,17800,26700,8900,50.0,1.0,1.0,267,267,9441958,9.441958,,HAMMING_RECOVERY_FAILED
HAMMING,13-16,4,9,2206,17648,17800,26700,8900,50.0,1.0,1.0,267,281,9598625,9.598625,,HAMMING_RECOVERY_FAILED
HAMMING,13-16,4,10,2206,17648,17800,26700,8900,50.0,1.0,1.0,267,259,9594750,9.59475,,HAMMING_RECOVERY_FAILED
HAMMING,13-16,4,11,2206,17648,17800,26700,8900,50.0,1.0,1.0,267,275,9538792,9.538792,,HAMMING_RECOVERY_FAILED
HAMMING,13-16,4,12,2206,17648,17800,26700,8900,50.0,1.0,1.0,267,246,9605000,9.605,,HAMMING_RECOVERY_FAILED
HAMMING,13-16,4,13,2206,17648,17800,26700,8900,50.0,1.0,1.0,267,283,9648542,9.648542,,HAMMING_RECOVERY_FAILED
HAMMING,13-16,4,14,2206,17648,17800,26700,8900,50.0,1.0,1.0,267,256,9686916,9.686916,,HAMMING_RECOVERY_FAILED
HAMMING,13-16,4,15,2206,17648,17800,26700,8900,50.0,1.0,1.0,267,259,9702208,9.702208,,HAMMING_RECOVERY_FAILED
HAMMING,13-16,4,16,2206,17648,17800,26700,8900,50.0,1.0,1.0,267,287,9574417,9.574417,,HAMMING_RECOVERY_FAILED
HAMMING,13-16,4,17,2206,17648,17800,26700,8900,50.0,1.0,1.0,267,272,9643500,9.6435,,HAMMING_RECOVERY_FAILED
HAMMING,13-16,4,18,2206,17648,17800,26700,8900,50.0,1.0,1.0,267,273,9607667,9.607667,,HAMMING_RECOVERY_FAILED
HAMMING,13-16,4,19,2206,17648,17800,26700,8900,50.0,1.0,1.0,267,262,9676333,9.676333,,HAMMING_RECOVERY_FAILED
HAMMING,13-16,4,20,2206,17648,17800,26700,8900,50.0,1.0,1.0,267,279,9577375,9.577375,,HAMMING_RECOVERY_FAILED
HAMMING,13-16,4,21,2206,17648,17800,26700,8900,50.0,1.0,1.0,267,291,9705750,9.70575,,HAMMING_RECOVERY_FAILED
HAMMING,13-16,4,22,2206,17648,17800,26700,8900,50.0,1.0,1.0,267,282,9628542,9.628542,,HAMMING_RECOVERY_FAILED
HAMMING,13-16,4,23,2206,17648,17800,26700,8900,50.0,1.0,1.0,267,255,9656333,9.656333,,HAMMING_RECOVERY_FAILED
HAMMING,13-16,4,24,2206,17648,17800,26700,8900,50.0,1.0,1.0,267,263,9664208,9.664208,,HAMMING_RECOVERY_FAILED
HAMMING,13-16,4,25,2206,17648,17800,26700,8900,50.0,1.0,1.0,267,252,9531667,9.531667,,HAMMING_RECOVERY_FAILED
HAMMING,13-16,4,26,2206,17648,17800,26700,8900,50.0,1.0,1.0,267,258,9688875,9.688875,,HAMMING_RECOVERY_FAILED
HAMMING,13-16,4,27,2206,17648,17800,26700,8900,50.0,1.0,1.0,267,265,9614416,9.614416,,HAMMING_RECOVERY_FAILED
HAMMING,13-16,4,28,2206,17648,17800,26700,8900,50.0,1.0,1.0,267,253,9631875,9.631875,,HAMMING_RECOVERY_FAILED
HAMMING,13-16,4,29,2206,17648,17800,26700,8900,50.0,1.0,1.0,267,271,9705542,9.705542,,HAMMING_RECOVERY_FAILED
HAMMING,13-16,4,30,2206,17648,17800,26700,8900,50.0,1.0,1.0,267,261,9608666,9.608666,,HAMMING_RECOVERY_FAILED
HAMMING,13-16,4,31,2206,17648,17800,26700,8900,50.0,1.0,1.0,267,273,9598166,9.598166,,HAMMING_RECOVERY_FAILED
HAMMING,13-16,4,32,2206,17648,17800,26700,8900,50.0,1.0,1.0,267,276,9680583,9.680583,,HAMMING_RECOVERY_FAILED
HAMMING,13-16,4,33,2206,17648,17800,26700,8900,50.0,1.0,1.0,267,256,9660875,9.660875,,HAMMING_RECOVERY_FAILED
HAMMING,13-16,4,34,2206,17648,17800,26700,8900,50.0,1.0,1.0,267,276,9568334,9.568334,,HAMMING_RECOVERY_FAILED
HAMMING,13-16,4,35,2206,17648,17800,26700,8900,50.0,1.0,1.0,267,281,9679958,9.679958,,HAMMING_RECOVERY_FAILED
HAMMING,13-16,4,36,2206,17648,17800,26700,8900,50.0,1.0,1.0,267,273,9834042,9.834042,,HAMMING_RECOVERY_FAILED
HAMMING,13-16,4,37,2206,17648,17800,26700,8900,50.0,1.0,1.0,267,269,9680667,9.680667,,HAMMING_RECOVERY_FAILED
HAMMING,13-16,4,38,2206,17648,17800,26700,8900,50.0,1.0,1.0,267,242,9668708,9.668708,,HAMMING_RECOVERY_FAILED
HAMMING,13-16,4,39,2206,17648,17800,26700,8900,50.0,1.0,1.0,267,245,9637125,9.637125,,HAMMING_RECOVERY_FAILED
HAMMING,13-16,4,40,2206,17648,17800,26700,8900,50.0,1.0,1.0,267,272,9692666,9.692666,,HAMMING_RECOVERY_FAILED
HAMMING,13-16,4,41,2206,17648,17800,26700,8900,50.0,1.0,1.0,267,270,9651625,9.651625,,HAMMING_RECOVERY_FAILED
HAMMING,13-16,4,42,2206,17648,17800,26700,8900,50.0,1.0,1.0,267,266,9685417,9.685417,,HAMMING_RECOVERY_FAILED
HAMMING,13-16,4,43,2206,17648,17800,26700,8900,50.0,1.0,1.0,267,245,9587417,9.587417,,HAMMING_RECOVERY_FAILED
HAMMING,13-16,4,44,2206,17648,17800,26700,8900,50.0,1.0,1.0,267,277,9584833,9.584833,,HAMMING_RECOVERY_FAILED
HAMMING,13-16,4,45,2206,17648,17800,26700,8900,50.0,1.0,1.0,267,245,9685167,9.685167,,HAMMING_RECOVERY_FAILED
HAMMING,13-16,4,46,2206,17648,17800,26700,8900,50.0,1.0,1.0,267,285,9693042,9.693042,,HAMMING_RECOVERY_FAILED
HAMMING,13-16,4,47,2206,17648,17800,26700,8900,50.0,1.0,1.0,267,229,9662916,9.662916,,HAMMING_RECOVERY_FAILED
HAMMING,13-16,4,48,2206,17648,17800,26700,8900,50.0,1.0,1.0,267,272,9624500,9.6245,,HAMMING_RECOVERY_FAILED
HAMMING,13-16,4,49,2206,17648,17800,26700,8900,50.0,1.0,1.0,267,248,9496542,9.496542,,HAMMING_RECOVERY_FAILED
HAMMING,13-16,4,50,2206,17648,17800,26700,8900,50.0,1.0,1.0,267,266,9581042,9.581042,,HAMMING_RECOVERY_FAILED
HAMMING,13-16,4,51,2206,17648,17800,26700,8900,50.0,1.0,1.0,267,270,9697042,9.697042,,HAMMING_RECOVERY_FAILED
HAMMING,13-16,4,52,2206,17648,17800,26700,8900,50.0,1.0,1.0,267,292,9661458,9.661458,,HAMMING_RECOVERY_FAILED
HAMMING,13-16,4,53,2206,17648,17800,26700,8900,50.0,1.0,1.0,267,262,9677541,9.677541,,HAMMING_RECOVERY_FAILED
HAMMING,13-16,4,54,2206,17648,17800,26700,8900,50.0,1.0,1.0,267,265,9533917,9.533917,,HAMMING_RECOVERY_FAILED
HAMMING,13-16,4,55,2206,17648,17800,26700,8900,50.0,1.0,1.0,267,260,9784375,9.784375,False,HAMMING_RECOVERY_FAILED
HAMMING,13-16,4,56,2206,17648,17800,26700,8900,50.0,1.0,1.0,267,254,9610084,9.610084,,HAMMING_RECOVERY_FAILED
HAMMING,13-16,4,57,2206,17648,17800,26700,8900,50.0,1.0,1.0,267,278,9679834,9.679834,,HAMMING_RECOVERY_FAILED
HAMMING,13-16,4,58,2206,17648,17800,26700,8900,50.0,1.0,1.0,267,257,9711083,9.711083,,HAMMING_RECOVERY_FAILED
HAMMING,13-16,4,59,2206,17648,17800,26700,8900,50.0,1.0,1.0,267,244,9603667,9.603667,,HAMMING_RECOVERY_FAILED
HAMMING,13-16,4,60,2206,17648,17800,26700,8900,50.0,1.0,1.0,267,271,9612625,9.612625,,HAMMING_RECOVERY_FAILED
HAMMING,13-16,4,61,2206,17648,17800,26700,8900,50.0,1.0,1.0,267,293,9648291,9.648291,,HAMMING_RECOVERY_FAILED
HAMMING,13-16,4,62,2206,17648,17800,26700,8900,50.0,1.0,1.0,267,278,9638708,9.638708,,HAMMING_RECOVERY_FAILED
HAMMING,13-16,4,63,2206,17648,17800,26700,8900,50.0,1.0,1.0,267,260,9635791,9.635791,,HAMMING_RECOVERY_FAILED
HAMMING,13-16,4,64,2206,17648,17800,26700,8900,50.0,1.0,1.0,267,272,9779833,9.779833,,HAMMING_RECOVERY_FAILED
HAMMING,13-16,4,65,2206,17648,17800,26700,8900,50.0,1.0,1.0,267,247,9515000,9.515,,HAMMING_RECOVERY_FAILED
HAMMING,13-16,4,66,2206,17648,17800,26700,8900,50.0,1.0,1.0,267,262,9677834,9.677834,,HAMMING_RECOVERY_FAILED
HAMMING,13-16,4,67,2206,17648,17800,26700,8900,50.0,1.0,1.0,267,294,9697000,9.697,,HAMMING_RECOVERY_FAILED
HAMMING,13-16,4,68,2206,17648,17800,26700,8900,50.0,1.0,1.0,267,264,9673166,9.673166,,HAMMING_RECOVERY_FAILED
HAMMING,13-16,4,69,2206,17648,17800,26700,8900,50.0,1.0,1.0,267,269,9706709,9.706709,,HAMMING_RECOVERY_FAILED
HAMMING,13-16,4,70,2206,17648,17800,26700,8900,50.0,1.0,1.0,267,285,9639167,9.639167,,HAMMING_RECOVERY_FAILED
HAMMING,13-16,4,71,2206,17648,17800,26700,8900,50.0,1.0,1.0,267,252,9765291,9.765291,,HAMMING_RECOVERY_FAILED
HAMMING,13-16,4,72,2206,17648,17800,26700,8900,50.0,1.0,1.0,267,267,9781250,9.78125,,HAMMING_RECOVERY_FAILED
HAMMING,13-16,4,73,2206,17648,17800,26700,8900,50.0,1.0,1.0,267,260,9739583,9.739583,,HAMMING_RECOVERY_FAILED
HAMMING,13-16,4,74,2206,17648,17800,26700,8900,50.0,1.0,1.0,267,282,9750500,9.7505,,HAMMING_RECOVERY_FAILED
HAMMING,13-16,4,75,2206,17648,17800,26700,8900,50.0,1.0,1.0,267,280,9643541,9.643541,,HAMMING_RECOVERY_FAILED
HAMMING,13-16,4,76,2206,17648,17800,26700,8900,50.0,1.0,1.0,267,276,9628959,9.628959,,HAMMING_RECOVERY_FAILED
HAMMING,13-16,4,77,2206,17648,17800,26700,8900,50.0,1.0,1.0,267,246,9605417,9.605417,,HAMMING_RECOVERY_FAILED
HAMMING,13-16,4,78,2206,17648,17800,26700,8900,50.0,1.0,1.0,267,290,9750958,9.750958,,HAMMING_RECOVERY_FAILED
HAMMING,13-16,4,79,2206,17648,17800,26700,8900,50.0,1.0,1.0,267,249,9813125,9.813125,,HAMMING_RECOVERY_FAILED
HAMMING,13-16,4,80,2206,17648,17800,26700,8900,50.0,1.0,1.0,267,255,9654041,9.654041,,HAMMING_RECOVERY_FAILED
HAMMING,13-16,4,81,2206,17648,17800,26700,8900,50.0,1.0,1.0,267,280,9742709,9.742709,,HAMMING_RECOVERY_FAILED
HAMMING,13-16,4,82,2206,17648,17800,26700,8900,50.0,1.0,1.0,267,269,9601334,9.601334,,HAMMING_RECOVERY_FAILED
HAMMING,13-16,4,83,2206,17648,17800,26700,8900,50.0,1.0,1.0,267,229,9639792,9.639792,,HAMMING_RECOVERY_FAILED
HAMMING,13-16,4,84,2206,17648,17800,26700,8900,50.0,1.0,1.0,267,290,9670375,9.670375,,HAMMING_RECOVERY_FAILED
HAMMING,13-16,4,85,2206,17648,17800,26700,8900,50.0,1.0,1.0,267,291,9633458,9.633458,,HAMMING_RECOVERY_FAILED
HAMMING,13-16,4,86,2206,17648,17800,26700,8900,50.0,1.0,1.0,267,279,9631292,9.631292,,HAMMING_RECOVERY_FAILED
HAMMING,13-16,4,87,2206,17648,17800,26700,8900,50.0,1.0,1.0,267,278,9613375,9.613375,,HAMMING_RECOVERY_FAILED
HAMMING,13-16,4,88,2206,17648,17800,26700,8900,50.0,1.0,1.0,267,259,9555458,9.555458,,HAMMING_RECOVERY_FAILED
HAMMING,13-16,4,89,2206,17648,17800,26700,8900,50.0,1.0,1.0,267,254,9682375,9.682375,,HAMMING_RECOVERY_FAILED
HAMMING,13-16,4,90,2206,17648,17800,26700,8900,50.0,1.0,1.0,267,262,9610500,9.6105,,HAMMING_RECOVERY_FAILED
HAMMING,13-16,4,91,2206,17648,17800,26700,8900,50.0,1.0,1.0,267,252,9645041,9.645041,,HAMMING_RECOVERY_FAILED
HAMMING,13-16,4,92,2206,17648,17800,26700,8900,50.0,1.0,1.0,267,288,9573000,9.573,,HAMMING_RECOVERY_FAILED
HAMMING,13-16,4,93,2206,17648,17800,26700,8900,50.0,1.0,1.0,267,291,9815125,9.815125,,HAMMING_RECOVERY_FAILED
HAMMING,13-16,4,94,2206,17648,17800,26700,8900,50.0,1.0,1.0,267,269,9591209,9.591209,,HAMMING_RECOVERY_FAILED
HAMMING,13-16,4,95,2206,17648,17800,26700,8900,50.0,1.0,1.0,267,292,9657708,9.657708,,HAMMING_RECOVERY_FAILED
HAMMING,13-16,4,96,2206,17648,17800,26700,8900,50.0,1.0,1.0,267,265,9413041,9.413041,,HAMMING_RECOVERY_FAILED
HAMMING,13-16,4,97,2206,17648,17800,26700,8900,50.0,1.0,1.0,267,278,9473000,9.473,,HAMMING_RECOVERY_FAILED
HAMMING,13-16,4,98,2206,17648,17800,26700,8900,50.0,1.0,1.0,267,270,9659458,9.659458,,HAMMING_RECOVERY_FAILED
HAMMING,13-16,4,99,2206,17648,17800,26700,8900,50.0,1.0,1.0,267,268,9632708,9.632708,,HAMMING_RECOVERY_FAILED
HAMMING,13-16,4,100,2206,17648,17800,26700,8900,50.0,1.0,1.0,267,259,9668291,9.668291,,HAMMING_RECOVERY_FAILED
HAMMING,13-17,5,1,2901,23208,23360,35040,11680,50.0,0.0,0.0,0,0,13420792,13.420792,True,CLEAN
HAMMING,13-17,5,2,2901,23208,23360,35040,11680,50.0,0.0,0.0,0,0,13443459,13.443459,True,CLEAN
HAMMING,13-17,5,3,2901,23208,23360,35040,11680,50.0,0.0,0.0,0,0,13469250,13.46925,True,CLEAN
HAMMING,13-17,5,4,2901,23208,23360,35040,11680,50.0,0.0,0.0,0,0,13426916,13.426916,True,CLEAN
HAMMING,13-17,5,5,2901,23208,23360,35040,11680,50.0,0.0,0.0,0,0,13426000,13.426,True,CLEAN
HAMMING,13-17,5,6,2901,23208,23360,35040,11680,50.0,0.0,0.0,0,0,13514250,13.51425,True,CLEAN
HAMMING,13-17,5,7,2901,23208,23360,35040,11680,50.0,0.0,0.0,0,0,13362083,13.362083,True,CLEAN
HAMMING,13-17,5,8,2901,23208,23360,35040,11680,50.0,0.0,0.0,0,0,13295792,13.295792,True,CLEAN
HAMMING,13-17,5,9,2901,23208,23360,35040,11680,50.0,0.0,0.0,0,0,13312208,13.312208,True,CLEAN
HAMMING,13-17,5,10,2901,23208,23360,35040,11680,50.0,0.0,0.0,0,0,13394291,13.394291,True,CLEAN
HAMMING,13-17,5,11,2901,23208,23360,35040,11680,50.0,0.0,0.0,0,0,13438625,13.438625,True,CLEAN
HAMMING,13-17,5,12,2901,23208,23360,35040,11680,50.0,0.0,0.0,0,0,13366458,13.366458,True,CLEAN
HAMMING,13-17,5,13,2901,23208,23360,35040,11680,50.0,0.0,0.0,0,0,13361750,13.36175,True,CLEAN
HAMMING,13-17,5,14,2901,23208,23360,35040,11680,50.0,0.0,0.0,0,0,13371000,13.371,True,CLEAN
HAMMING,13-17,5,15,2901,23208,23360,35040,11680,50.0,0.0,0.0,0,0,13396750,13.39675,True,CLEAN
HAMMING,13-17,5,16,2901,23208,23360,35040,11680,50.0,0.0,0.0,0,0,13597958,13.597958,True,CLEAN
HAMMING,13-17,5,17,2901,23208,23360,35040,11680,50.0,0.0,0.0,0,0,13447792,13.447792,True,CLEAN
HAMMING,13-17,5,18,2901,23208,23360,35040,11680,50.0,0.0,0.0,0,0,13818917,13.818917,True,CLEAN
HAMMING,13-17,5,19,2901,23208,23360,35040,11680,50.0,0.0,0.0,0,0,13701417,13.701417,True,CLEAN
HAMMING,13-17,5,20,2901,23208,23360,35040,11680,50.0,0.0,0.0,0,0,13412708,13.412708,True,CLEAN
HAMMING,13-17,5,21,2901,23208,23360,35040,11680,50.0,0.0,0.0,0,0,13451375,13.451375,True,CLEAN
HAMMING,13-17,5,22,2901,23208,23360,35040,11680,50.0,0.0,0.0,0,0,13401708,13.401708,True,CLEAN
HAMMING,13-17,5,23,2901,23208,23360,35040,11680,50.0,0.0,0.0,0,0,13471375,13.471375,True,CLEAN
HAMMING,13-17,5,24,2901,23208,23360,35040,11680,50.0,0.0,0.0,0,0,13386291,13.386291,True,CLEAN
HAMMING,13-17,5,25,2901,23208,23360,35040,11680,50.0,0.0,0.0,0,0,13383750,13.38375,True,CLEAN
HAMMING,13-17,5,26,2901,23208,23360,35040,11680,50.0,0.0,0.0,0,0,13678750,13.67875,True,CLEAN
HAMMING,13-17,5,27,2901,23208,23360,35040,11680,50.0,0.0,0.0,0,0,15055958,15.055958,True,CLEAN
HAMMING,13-17,5,28,2901,23208,23360,35040,11680,50.0,0.0,0.0,0,0,15302875,15.302875,True,CLEAN
HAMMING,13-17,5,29,2901,23208,23360,35040,11680,50.0,0.0,0.0,0,0,13538666,13.538666,True,CLEAN
HAMMING,13-17,5,30,2901,23208,23360,35040,11680,50.0,0.0,0.0,0,0,13496583,13.496583,True,CLEAN
HAMMING,13-17,5,31,2901,23208,23360,35040,11680,50.0,0.0,0.0,0,0,13305209,13.305209,True,CLEAN
HAMMING,13-17,5,32,2901,23208,23360,35040,11680,50.0,0.0,0.0,0,0,13576667,13.576667,True,CLEAN
HAMMING,13-17,5,33,2901,23208,23360,35040,11680,50.0,0.0,0.0,0,0,13324667,13.324667,True,CLEAN
HAMMING,13-17,5,34,2901,23208,23360,35040,11680,50.0,0.0,0.0,0,0,13850333,13.850333,True,CLEAN
HAMMING,13-17,5,35,2901,23208,23360,35040,11680,50.0,0.0,0.0,0,0,13940709,13.940709,True,CLEAN
HAMMING,13-17,5,36,2901,23208,23360,35040,11680,50.0,0.0,0.0,0,0,13403166,13.403166,True,CLEAN
HAMMING,13-17,5,37,2901,23208,23360,35040,11680,50.0,0.0,0.0,0,0,13501416,13.501416,True,CLEAN
HAMMING,13-17,5,38,2901,23208,23360,35040,11680,50.0,0.0,0.0,0,0,13410125,13.410125,True,CLEAN
HAMMING,13-17,5,39,2901,23208,23360,35040,11680,50.0,0.0,0.0,0,0,13414250,13.41425,True,CLEAN
HAMMING,13-17,5,40,2901,23208,23360,35040,11680,50.0,0.0,0.0,0,0,13362666,13.362666,True,CLEAN
HAMMING,13-17,5,41,2901,23208,23360,35040,11680,50.0,0.0,0.0,0,0,13450292,13.450292,True,CLEAN
HAMMING,13-17,5,42,2901,23208,23360,35040,11680,50.0,0.0,0.0,0,0,13386833,13.386833,True,CLEAN
HAMMING,13-17,5,43,2901,23208,23360,35040,11680,50.0,0.0,0.0,0,0,13715667,13.715667,True,CLEAN
HAMMING,13-17,5,44,2901,23208,23360,35040,11680,50.0,0.0,0.0,0,0,13785000,13.785,True,CLEAN
HAMMING,13-17,5,45,2901,23208,23360,35040,11680,50.0,0.0,0.0,0,0,13760584,13.760584,True,CLEAN
HAMMING,13-17,5,46,2901,23208,23360,35040,11680,50.0,0.0,0.0,0,0,13871042,13.871042,True,CLEAN
HAMMING,13-17,5,47,2901,23208,23360,35040,11680,50.0,0.0,0.0,0,0,13631791,13.631791,True,CLEAN
HAMMING,13-17,5,48,2901,23208,23360,35040,11680,50.0,0.0,0.0,0,0,13480000,13.48,True,CLEAN
HAMMING,13-17,5,49,2901,23208,23360,35040,11680,50.0,0.0,0.0,0,0,13370000,13.37,True,CLEAN
HAMMING,13-17,5,50,2901,23208,23360,35040,11680,50.0,0.0,0.0,0,0,13406250,13.40625,True,CLEAN
HAMMING,13-17,5,51,2901,23208,23360,35040,11680,50.0,0.0,0.0,0,0,13462458,13.462458,True,CLEAN
HAMMING,13-17,5,52,2901,23208,23360,35040,11680,50.0,0.0,0.0,0,0,13942292,13.942292,True,CLEAN
HAMMING,13-17,5,53,2901,23208,23360,35040,11680,50.0,0.0,0.0,0,0,13603583,13.603583,True,CLEAN
HAMMING,13-17,5,54,2901,23208,23360,35040,11680,50.0,0.0,0.0,0,0,13579000,13.579,True,CLEAN
HAMMING,13-17,5,55,2901,23208,23360,35040,11680,50.0,0.0,0.0,0,0,13745792,13.745792,True,CLEAN
HAMMING,13-17,5,56,2901,23208,23360,35040,11680,50.0,0.0,0.0,0,0,13794000,13.794,True,CLEAN
HAMMING,13-17,5,57,2901,23208,23360,35040,11680,50.0,0.0,0.0,0,0,14115000,14.115,True,CLEAN
HAMMING,13-17,5,58,2901,23208,23360,35040,11680,50.0,0.0,0.0,0,0,13780417,13.780417,True,CLEAN
HAMMING,13-17,5,59,2901,23208,23360,35040,11680,50.0,0.0,0.0,0,0,13592250,13.59225,True,CLEAN
HAMMING,13-17,5,60,2901,23208,23360,35040,11680,50.0,0.0,0.0,0,0,13529875,13.529875,True,CLEAN
HAMMING,13-17,5,61,2901,23208,23360,35040,11680,50.0,0.0,0.0,0,0,13392292,13.392292,True,CLEAN
HAMMING,13-17,5,62,2901,23208,23360,35040,11680,50.0,0.0,0.0,0,0,13413083,13.413083,True,CLEAN
HAMMING,13-17,5,63,2901,23208,23360,35040,11680,50.0,0.0,0.0,0,0,13547833,13.547833,True,CLEAN
HAMMING,13-17,5,64,2901,23208,23360,35040,11680,50.0,0.0,0.0,0,0,13544708,13.544708,True,CLEAN
HAMMING,13-17,5,65,2901,23208,23360,35040,11680,50.0,0.0,0.0,0,0,13443833,13.443833,True,CLEAN
HAMMING,13-17,5,66,2901,23208,23360,35040,11680,50.0,0.0,0.0,0,0,13394125,13.394125,True,CLEAN
HAMMING,13-17,5,67,2901,23208,23360,35040,11680,50.0,0.0,0.0,0,0,13427791,13.427791,True,CLEAN
HAMMING,13-17,5,68,2901,23208,23360,35040,11680,50.0,0.0,0.0,0,0,13458750,13.45875,True,CLEAN
HAMMING,13-17,5,69,2901,23208,23360,35040,11680,50.0,0.0,0.0,0,0,13423042,13.423042,True,CLEAN
HAMMING,13-17,5,70,2901,23208,23360,35040,11680,50.0,0.0,0.0,0,0,13394041,13.394041,True,CLEAN
HAMMING,13-17,5,71,2901,23208,23360,35040,11680,50.0,0.0,0.0,0,0,13456000,13.456,True,CLEAN
HAMMING,13-17,5,72,2901,23208,23360,35040,11680,50.0,0.0,0.0,0,0,13374500,13.3745,True,CLEAN
HAMMING,13-17,5,73,2901,23208,23360,35040,11680,50.0,0.0,0.0,0,0,13666417,13.666417,True,CLEAN
HAMMING,13-17,5,74,2901,23208,23360,35040,11680,50.0,0.0,0.0,0,0,13328583,13.328583,True,CLEAN
HAMMING,13-17,5,75,2901,23208,23360,35040,11680,50.0,0.0,0.0,0,0,13465042,13.465042,True,CLEAN
HAMMING,13-17,5,76,2901,23208,23360,35040,11680,50.0,0.0,0.0,0,0,13403667,13.403667,True,CLEAN
HAMMING,13-17,5,77,2901,23208,23360,35040,11680,50.0,0.0,0.0,0,0,13406250,13.40625,True,CLEAN
HAMMING,13-17,5,78,2901,23208,23360,35040,11680,50.0,0.0,0.0,0,0,13488166,13.488166,True,CLEAN
HAMMING,13-17,5,79,2901,23208,23360,35040,11680,50.0,0.0,0.0,0,0,13451333,13.451333,True,CLEAN
HAMMING,13-17,5,80,2901,23208,23360,35040,11680,50.0,0.0,0.0,0,0,13426958,13.426958,True,CLEAN
HAMMING,13-17,5,81,2901,23208,23360,35040,11680,50.0,0.0,0.0,0,0,13445500,13.4455,True,CLEAN
HAMMING,13-17,5,82,2901,23208,23360,35040,11680,50.0,0.0,0.0,0,0,13378292,13.378292,True,CLEAN
HAMMING,13-17,5,83,2901,23208,23360,35040,11680,50.0,0.0,0.0,0,0,13362875,13.362875,True,CLEAN
HAMMING,13-17,5,84,2901,23208,23360,35040,11680,50.0,0.0,0.0,0,0,13460208,13.460208,True,CLEAN
HAMMING,13-17,5,85,2901,23208,23360,35040,11680,50.0,0.0,0.0,0,0,13288958,13.288958,True,CLEAN
HAMMING,13-17,5,86,2901,23208,23360,35040,11680,50.0,0.0,0.0,0,0,13399125,13.399125,True,CLEAN
HAMMING,13-17,5,87,2901,23208,23360,35040,11680,50.0,0.0,0.0,0,0,13472042,13.472042,True,CLEAN
HAMMING,13-17,5,88,2901,23208,23360,35040,11680,50.0,0.0,0.0,0,0,13437333,13.437333,True,CLEAN
HAMMING,13-17,5,89,2901,23208,23360,35040,11680,50.0,0.0,0.0,0,0,13348541,13.348541,True,CLEAN
HAMMING,13-17,5,90,2901,23208,23360,35040,11680,50.0,0.0,0.0,0,0,13391000,13.391,True,CLEAN
HAMMING,13-17,5,91,2901,23208,23360,35040,11680,50.0,0.0,0.0,0,0,13485541,13.485541,True,CLEAN
HAMMING,13-17,5,92,2901,23208,23360,35040,11680,50.0,0.0,0.0,0,0,13343916,13.343916,True,CLEAN
HAMMING,13-17,5,93,2901,23208,23360,35040,11680,50.0,0.0,0.0,0,0,13292208,13.292208,True,CLEAN
HAMMING,13-17,5,94,2901,23208,23360,35040,11680,50.0,0.0,0.0,0,0,13421583,13.421583,True,CLEAN
HAMMING,13-17,5,95,2901,23208,23360,35040,11680,50.0,0.0,0.0,0,0,13448958,13.448958,True,CLEAN
HAMMING,13-17,5,96,2901,23208,23360,35040,11680,50.0,0.0,0.0,0,0,13363125,13.363125,True,CLEAN
HAMMING,13-17,5,97,2901,23208,23360,35040,11680,50.0,0.0,0.0,0,0,13308250,13.30825,True,CLEAN
HAMMING,13-17,5,98,2901,23208,23360,35040,11680,50.0,0.0,0.0,0,0,13369875,13.369875,True,CLEAN
HAMMING,13-17,5,99,2901,23208,23360,35040,11680,50.0,0.0,0.0,0,0,13326584,13.326584,True,CLEAN
HAMMING,13-17,5,100,2901,23208,23360,35040,11680,50.0,0.0,0.0,0,0,13389500,13.3895,True,CLEAN
HAMMING,13-17,5,1,2901,23208,23360,35040,11680,50.0,0.01,0.01141552511415525,4,3,13315334,13.315334,True,HAMMING_CORRECTED
HAMMING,13-17,5,2,2901,23208,23360,35040,11680,50.0,0.01,0.01141552511415525,4,2,13344000,13.344,True,HAMMING_CORRECTED
HAMMING,13-17,5,3,2901,23208,23360,35040,11680,50.0,0.01,0.01141552511415525,4,5,13415459,13.415459,True,HAMMING_CORRECTED
HAMMING,13-17,5,4,2901,23208,23360,35040,11680,50.0,0.01,0.01141552511415525,4,4,13469875,13.469875,True,HAMMING_CORRECTED
HAMMING,13-17,5,5,2901,23208,23360,35040,11680,50.0,0.01,0.01141552511415525,4,5,13442958,13.442958,True,HAMMING_CORRECTED
HAMMING,13-17,5,6,2901,23208,23360,35040,11680,50.0,0.01,0.01141552511415525,4,3,13434000,13.434,True,HAMMING_CORRECTED
HAMMING,13-17,5,7,2901,23208,23360,35040,11680,50.0,0.01,0.01141552511415525,4,2,13485708,13.485708,True,HAMMING_CORRECTED
HAMMING,13-17,5,8,2901,23208,23360,35040,11680,50.0,0.01,0.01141552511415525,4,2,13543458,13.543458,True,HAMMING_CORRECTED
HAMMING,13-17,5,9,2901,23208,23360,35040,11680,50.0,0.01,0.01141552511415525,4,3,13337083,13.337083,True,HAMMING_CORRECTED
HAMMING,13-17,5,10,2901,23208,23360,35040,11680,50.0,0.01,0.01141552511415525,4,3,13353792,13.353792,True,HAMMING_CORRECTED
HAMMING,13-17,5,11,2901,23208,23360,35040,11680,50.0,0.01,0.01141552511415525,4,4,13576584,13.576584,True,HAMMING_CORRECTED
HAMMING,13-17,5,12,2901,23208,23360,35040,11680,50.0,0.01,0.01141552511415525,4,4,13438625,13.438625,True,HAMMING_CORRECTED
HAMMING,13-17,5,13,2901,23208,23360,35040,11680,50.0,0.01,0.01141552511415525,4,6,13544125,13.544125,True,HAMMING_CORRECTED
HAMMING,13-17,5,14,2901,23208,23360,35040,11680,50.0,0.01,0.01141552511415525,4,7,13459333,13.459333,True,HAMMING_CORRECTED
HAMMING,13-17,5,15,2901,23208,23360,35040,11680,50.0,0.01,0.01141552511415525,4,2,13513833,13.513833,True,HAMMING_CORRECTED
HAMMING,13-17,5,16,2901,23208,23360,35040,11680,50.0,0.01,0.01141552511415525,4,4,13413291,13.413291,True,HAMMING_CORRECTED
HAMMING,13-17,5,17,2901,23208,23360,35040,11680,50.0,0.01,0.01141552511415525,4,6,13575416,13.575416,True,HAMMING_CORRECTED
HAMMING,13-17,5,18,2901,23208,23360,35040,11680,50.0,0.01,0.01141552511415525,4,4,13586792,13.586792,True,HAMMING_CORRECTED
HAMMING,13-17,5,19,2901,23208,23360,35040,11680,50.0,0.01,0.01141552511415525,4,4,13511542,13.511542,True,HAMMING_CORRECTED
HAMMING,13-17,5,20,2901,23208,23360,35040,11680,50.0,0.01,0.01141552511415525,4,2,13431125,13.431125,True,HAMMING_CORRECTED
HAMMING,13-17,5,21,2901,23208,23360,35040,11680,50.0,0.01,0.01141552511415525,4,5,13358917,13.358917,True,HAMMING_CORRECTED
HAMMING,13-17,5,22,2901,23208,23360,35040,11680,50.0,0.01,0.01141552511415525,4,5,13533333,13.533333,True,HAMMING_CORRECTED
HAMMING,13-17,5,23,2901,23208,23360,35040,11680,50.0,0.01,0.01141552511415525,4,3,13282833,13.282833,True,HAMMING_CORRECTED
HAMMING,13-17,5,24,2901,23208,23360,35040,11680,50.0,0.01,0.01141552511415525,4,3,13286125,13.286125,True,HAMMING_CORRECTED
HAMMING,13-17,5,25,2901,23208,23360,35040,11680,50.0,0.01,0.01141552511415525,4,6,13378708,13.378708,True,HAMMING_CORRECTED
HAMMING,13-17,5,26,2901,23208,23360,35040,11680,50.0,0.01,0.01141552511415525,4,6,13317834,13.317834,True,HAMMING_CORRECTED
HAMMING,13-17,5,27,2901,23208,23360,35040,11680,50.0,0.01,0.01141552511415525,4,2,13684417,13.684417,True,HAMMING_CORRECTED
HAMMING,13-17,5,28,2901,23208,23360,35040,11680,50.0,0.01,0.01141552511415525,4,3,13373708,13.373708,True,HAMMING_CORRECTED
HAMMING,13-17,5,29,2901,23208,23360,35040,11680,50.0,0.01,0.01141552511415525,4,4,13431041,13.431041,True,HAMMING_CORRECTED
HAMMING,13-17,5,30,2901,23208,23360,35040,11680,50.0,0.01,0.01141552511415525,4,4,13415458,13.415458,True,HAMMING_CORRECTED
HAMMING,13-17,5,31,2901,23208,23360,35040,11680,50.0,0.01,0.01141552511415525,4,7,13489542,13.489542,True,HAMMING_CORRECTED
HAMMING,13-17,5,32,2901,23208,23360,35040,11680,50.0,0.01,0.01141552511415525,4,5,13395292,13.395292,True,HAMMING_CORRECTED
HAMMING,13-17,5,33,2901,23208,23360,35040,11680,50.0,0.01,0.01141552511415525,4,4,13410958,13.410958,True,HAMMING_CORRECTED
HAMMING,13-17,5,34,2901,23208,23360,35040,11680,50.0,0.01,0.01141552511415525,4,3,13468750,13.46875,True,HAMMING_CORRECTED
HAMMING,13-17,5,35,2901,23208,23360,35040,11680,50.0,0.01,0.01141552511415525,4,5,13475625,13.475625,True,HAMMING_CORRECTED
HAMMING,13-17,5,36,2901,23208,23360,35040,11680,50.0,0.01,0.01141552511415525,4,4,13669958,13.669958,True,HAMMING_CORRECTED
HAMMING,13-17,5,37,2901,23208,23360,35040,11680,50.0,0.01,0.01141552511415525,4,5,14012333,14.012333,True,HAMMING_CORRECTED
HAMMING,13-17,5,38,2901,23208,23360,35040,11680,50.0,0.01,0.01141552511415525,4,4,13685792,13.685792,True,HAMMING_CORRECTED
HAMMING,13-17,5,39,2901,23208,23360,35040,11680,50.0,0.01,0.01141552511415525,4,1,13415166,13.415166,True,HAMMING_CORRECTED
HAMMING,13-17,5,40,2901,23208,23360,35040,11680,50.0,0.01,0.01141552511415525,4,4,13446042,13.446042,True,HAMMING_CORRECTED
HAMMING,13-17,5,41,2901,23208,23360,35040,11680,50.0,0.01,0.01141552511415525,4,6,13495292,13.495292,True,HAMMING_CORRECTED
HAMMING,13-17,5,42,2901,23208,23360,35040,11680,50.0,0.01,0.01141552511415525,4,4,13331625,13.331625,True,HAMMING_CORRECTED
HAMMING,13-17,5,43,2901,23208,23360,35040,11680,50.0,0.01,0.01141552511415525,4,2,13473417,13.473417,True,HAMMING_CORRECTED
HAMMING,13-17,5,44,2901,23208,23360,35040,11680,50.0,0.01,0.01141552511415525,4,6,13397833,13.397833,True,HAMMING_CORRECTED
HAMMING,13-17,5,45,2901,23208,23360,35040,11680,50.0,0.01,0.01141552511415525,4,3,13589042,13.589042,True,HAMMING_CORRECTED
HAMMING,13-17,5,46,2901,23208,23360,35040,11680,50.0,0.01,0.01141552511415525,4,5,13933375,13.933375,True,HAMMING_CORRECTED
HAMMING,13-17,5,47,2901,23208,23360,35040,11680,50.0,0.01,0.01141552511415525,4,5,13789916,13.789916,True,HAMMING_CORRECTED
HAMMING,13-17,5,48,2901,23208,23360,35040,11680,50.0,0.01,0.01141552511415525,4,7,13922667,13.922667,True,HAMMING_CORRECTED
HAMMING,13-17,5,49,2901,23208,23360,35040,11680,50.0,0.01,0.01141552511415525,4,1,13883583,13.883583,True,HAMMING_CORRECTED
HAMMING,13-17,5,50,2901,23208,23360,35040,11680,50.0,0.01,0.01141552511415525,4,3,13724708,13.724708,True,HAMMING_CORRECTED
HAMMING,13-17,5,51,2901,23208,23360,35040,11680,50.0,0.01,0.01141552511415525,4,1,13889125,13.889125,True,HAMMING_CORRECTED
HAMMING,13-17,5,52,2901,23208,23360,35040,11680,50.0,0.01,0.01141552511415525,4,7,13895959,13.895959,True,HAMMING_CORRECTED
HAMMING,13-17,5,53,2901,23208,23360,35040,11680,50.0,0.01,0.01141552511415525,4,5,13492458,13.492458,True,HAMMING_CORRECTED
HAMMING,13-17,5,54,2901,23208,23360,35040,11680,50.0,0.01,0.01141552511415525,4,1,13435458,13.435458,True,HAMMING_CORRECTED
HAMMING,13-17,5,55,2901,23208,23360,35040,11680,50.0,0.01,0.01141552511415525,4,5,13374875,13.374875,True,HAMMING_CORRECTED
HAMMING,13-17,5,56,2901,23208,23360,35040,11680,50.0,0.01,0.01141552511415525,4,3,13371584,13.371584,True,HAMMING_CORRECTED
HAMMING,13-17,5,57,2901,23208,23360,35040,11680,50.0,0.01,0.01141552511415525,4,4,13395750,13.39575,True,HAMMING_CORRECTED
HAMMING,13-17,5,58,2901,23208,23360,35040,11680,50.0,0.01,0.01141552511415525,4,1,13538459,13.538459,True,HAMMING_CORRECTED
HAMMING,13-17,5,59,2901,23208,23360,35040,11680,50.0,0.01,0.01141552511415525,4,4,13614125,13.614125,True,HAMMING_CORRECTED
HAMMING,13-17,5,60,2901,23208,23360,35040,11680,50.0,0.01,0.01141552511415525,4,1,13477667,13.477667,True,HAMMING_CORRECTED
HAMMING,13-17,5,61,2901,23208,23360,35040,11680,50.0,0.01,0.01141552511415525,4,2,13603167,13.603167,True,HAMMING_CORRECTED
HAMMING,13-17,5,62,2901,23208,23360,35040,11680,50.0,0.01,0.01141552511415525,4,2,13615959,13.615959,True,HAMMING_CORRECTED
HAMMING,13-17,5,63,2901,23208,23360,35040,11680,50.0,0.01,0.01141552511415525,4,2,13531542,13.531542,True,HAMMING_CORRECTED
HAMMING,13-17,5,64,2901,23208,23360,35040,11680,50.0,0.01,0.01141552511415525,4,4,13500083,13.500083,True,HAMMING_CORRECTED
HAMMING,13-17,5,65,2901,23208,23360,35040,11680,50.0,0.01,0.01141552511415525,4,4,13450208,13.450208,True,HAMMING_CORRECTED
HAMMING,13-17,5,66,2901,23208,23360,35040,11680,50.0,0.01,0.01141552511415525,4,3,13502209,13.502209,True,HAMMING_CORRECTED
HAMMING,13-17,5,67,2901,23208,23360,35040,11680,50.0,0.01,0.01141552511415525,4,6,13447167,13.447167,True,HAMMING_CORRECTED
HAMMING,13-17,5,68,2901,23208,23360,35040,11680,50.0,0.01,0.01141552511415525,4,3,13410500,13.4105,True,HAMMING_CORRECTED
HAMMING,13-17,5,69,2901,23208,23360,35040,11680,50.0,0.01,0.01141552511415525,4,5,13470084,13.470084,True,HAMMING_CORRECTED
HAMMING,13-17,5,70,2901,23208,23360,35040,11680,50.0,0.01,0.01141552511415525,4,3,13411500,13.4115,True,HAMMING_CORRECTED
HAMMING,13-17,5,71,2901,23208,23360,35040,11680,50.0,0.01,0.01141552511415525,4,5,13428292,13.428292,True,HAMMING_CORRECTED
HAMMING,13-17,5,72,2901,23208,23360,35040,11680,50.0,0.01,0.01141552511415525,4,2,13394000,13.394,True,HAMMING_CORRECTED
HAMMING,13-17,5,73,2901,23208,23360,35040,11680,50.0,0.01,0.01141552511415525,4,6,13514667,13.514667,False,HAMMING_RECOVERY_FAILED
HAMMING,13-17,5,74,2901,23208,23360,35040,11680,50.0,0.01,0.01141552511415525,4,4,13598000,13.598,True,HAMMING_CORRECTED
HAMMING,13-17,5,75,2901,23208,23360,35040,11680,50.0,0.01,0.01141552511415525,4,4,13427584,13.427584,True,HAMMING_CORRECTED
HAMMING,13-17,5,76,2901,23208,23360,35040,11680,50.0,0.01,0.01141552511415525,4,4,13354500,13.3545,,HAMMING_RECOVERY_FAILED
HAMMING,13-17,5,77,2901,23208,23360,35040,11680,50.0,0.01,0.01141552511415525,4,2,13475916,13.475916,True,HAMMING_CORRECTED
HAMMING,13-17,5,78,2901,23208,23360,35040,11680,50.0,0.01,0.01141552511415525,4,8,13479958,13.479958,True,HAMMING_CORRECTED
HAMMING,13-17,5,79,2901,23208,23360,35040,11680,50.0,0.01,0.01141552511415525,4,1,13518292,13.518292,True,HAMMING_CORRECTED
HAMMING,13-17,5,80,2901,23208,23360,35040,11680,50.0,0.01,0.01141552511415525,4,7,13384709,13.384709,True,HAMMING_CORRECTED
HAMMING,13-17,5,81,2901,23208,23360,35040,11680,50.0,0.01,0.01141552511415525,4,6,13566833,13.566833,True,HAMMING_CORRECTED
HAMMING,13-17,5,82,2901,23208,23360,35040,11680,50.0,0.01,0.01141552511415525,4,6,13461625,13.461625,True,HAMMING_CORRECTED
HAMMING,13-17,5,83,2901,23208,23360,35040,11680,50.0,0.01,0.01141552511415525,4,5,13352208,13.352208,True,HAMMING_CORRECTED
HAMMING,13-17,5,84,2901,23208,23360,35040,11680,50.0,0.01,0.01141552511415525,4,3,13433500,13.4335,True,HAMMING_CORRECTED
HAMMING,13-17,5,85,2901,23208,23360,35040,11680,50.0,0.01,0.01141552511415525,4,2,13381333,13.381333,True,HAMMING_CORRECTED
HAMMING,13-17,5,86,2901,23208,23360,35040,11680,50.0,0.01,0.01141552511415525,4,7,13532833,13.532833,True,HAMMING_CORRECTED
HAMMING,13-17,5,87,2901,23208,23360,35040,11680,50.0,0.01,0.01141552511415525,4,4,13461583,13.461583,True,HAMMING_CORRECTED
HAMMING,13-17,5,88,2901,23208,23360,35040,11680,50.0,0.01,0.01141552511415525,4,5,13390917,13.390917,True,HAMMING_CORRECTED
HAMMING,13-17,5,89,2901,23208,23360,35040,11680,50.0,0.01,0.01141552511415525,4,4,13349875,13.349875,True,HAMMING_CORRECTED
HAMMING,13-17,5,90,2901,23208,23360,35040,11680,50.0,0.01,0.01141552511415525,4,3,13459667,13.459667,True,HAMMING_CORRECTED
HAMMING,13-17,5,91,2901,23208,23360,35040,11680,50.0,0.01,0.01141552511415525,4,6,13606458,13.606458,True,HAMMING_CORRECTED
HAMMING,13-17,5,92,2901,23208,23360,35040,11680,50.0,0.01,0.01141552511415525,4,0,13392708,13.392708,True,CLEAN
HAMMING,13-17,5,93,2901,23208,23360,35040,11680,50.0,0.01,0.01141552511415525,4,7,13370250,13.37025,True,HAMMING_CORRECTED
HAMMING,13-17,5,94,2901,23208,23360,35040,11680,50.0,0.01,0.01141552511415525,4,8,13410500,13.4105,True,HAMMING_CORRECTED
HAMMING,13-17,5,95,2901,23208,23360,35040,11680,50.0,0.01,0.01141552511415525,4,2,13390042,13.390042,True,HAMMING_CORRECTED
HAMMING,13-17,5,96,2901,23208,23360,35040,11680,50.0,0.01,0.01141552511415525,4,3,13413875,13.413875,True,HAMMING_CORRECTED
HAMMING,13-17,5,97,2901,23208,23360,35040,11680,50.0,0.01,0.01141552511415525,4,5,13484708,13.484708,True,HAMMING_CORRECTED
HAMMING,13-17,5,98,2901,23208,23360,35040,11680,50.0,0.01,0.01141552511415525,4,4,13442125,13.442125,True,HAMMING_CORRECTED
HAMMING,13-17,5,99,2901,23208,23360,35040,11680,50.0,0.01,0.01141552511415525,4,3,13399167,13.399167,True,HAMMING_CORRECTED
HAMMING,13-17,5,100,2901,23208,23360,35040,11680,50.0,0.01,0.01141552511415525,4,4,13373625,13.373625,True,HAMMING_CORRECTED
HAMMING,13-17,5,1,2901,23208,23360,35040,11680,50.0,0.1,0.09988584474885845,35,45,13476125,13.476125,False,HAMMING_RECOVERY_FAILED
HAMMING,13-17,5,2,2901,23208,23360,35040,11680,50.0,0.1,0.09988584474885845,35,39,13476250,13.47625,True,HAMMING_CORRECTED
HAMMING,13-17,5,3,2901,23208,23360,35040,11680,50.0,0.1,0.09988584474885845,35,39,13416084,13.416084,True,HAMMING_CORRECTED
HAMMING,13-17,5,4,2901,23208,23360,35040,11680,50.0,0.1,0.09988584474885845,35,33,13485084,13.485084,True,HAMMING_CORRECTED
HAMMING,13-17,5,5,2901,23208,23360,35040,11680,50.0,0.1,0.09988584474885845,35,36,13329584,13.329584,False,HAMMING_RECOVERY_FAILED
HAMMING,13-17,5,6,2901,23208,23360,35040,11680,50.0,0.1,0.09988584474885845,35,36,13522459,13.522459,True,HAMMING_CORRECTED
HAMMING,13-17,5,7,2901,23208,23360,35040,11680,50.0,0.1,0.09988584474885845,35,32,13485375,13.485375,True,HAMMING_CORRECTED
HAMMING,13-17,5,8,2901,23208,23360,35040,11680,50.0,0.1,0.09988584474885845,35,35,13397958,13.397958,True,HAMMING_CORRECTED
HAMMING,13-17,5,9,2901,23208,23360,35040,11680,50.0,0.1,0.09988584474885845,35,32,13465417,13.465417,False,HAMMING_RECOVERY_FAILED
HAMMING,13-17,5,10,2901,23208,23360,35040,11680,50.0,0.1,0.09988584474885845,35,29,13549375,13.549375,True,HAMMING_CORRECTED
HAMMING,13-17,5,11,2901,23208,23360,35040,11680,50.0,0.1,0.09988584474885845,35,21,13438625,13.438625,True,HAMMING_CORRECTED
HAMMING,13-17,5,12,2901,23208,23360,35040,11680,50.0,0.1,0.09988584474885845,35,40,13426500,13.4265,False,HAMMING_RECOVERY_FAILED
HAMMING,13-17,5,13,2901,23208,23360,35040,11680,50.0,0.1,0.09988584474885845,35,29,13519084,13.519084,True,HAMMING_CORRECTED
HAMMING,13-17,5,14,2901,23208,23360,35040,11680,50.0,0.1,0.09988584474885845,35,35,13509709,13.509709,True,HAMMING_CORRECTED
HAMMING,13-17,5,15,2901,23208,23360,35040,11680,50.0,0.1,0.09988584474885845,35,39,13537250,13.53725,False,HAMMING_RECOVERY_FAILED
HAMMING,13-17,5,16,2901,23208,23360,35040,11680,50.0,0.1,0.09988584474885845,35,37,13442250,13.44225,True,HAMMING_CORRECTED
HAMMING,13-17,5,17,2901,23208,23360,35040,11680,50.0,0.1,0.09988584474885845,35,24,13506208,13.506208,True,HAMMING_CORRECTED
HAMMING,13-17,5,18,2901,23208,23360,35040,11680,50.0,0.1,0.09988584474885845,35,45,13418458,13.418458,False,HAMMING_RECOVERY_FAILED
HAMMING,13-17,5,19,2901,23208,23360,35040,11680,50.0,0.1,0.09988584474885845,35,30,13435542,13.435542,True,HAMMING_CORRECTED
HAMMING,13-17,5,20,2901,23208,23360,35040,11680,50.0,0.1,0.09988584474885845,35,32,13450125,13.450125,False,HAMMING_RECOVERY_FAILED
HAMMING,13-17,5,21,2901,23208,23360,35040,11680,50.0,0.1,0.09988584474885845,35,49,13492458,13.492458,True,HAMMING_CORRECTED
HAMMING,13-17,5,22,2901,23208,23360,35040,11680,50.0,0.1,0.09988584474885845,35,37,13439041,13.439041,True,HAMMING_CORRECTED
HAMMING,13-17,5,23,2901,23208,23360,35040,11680,50.0,0.1,0.09988584474885845,35,32,13481667,13.481667,False,HAMMING_RECOVERY_FAILED
HAMMING,13-17,5,24,2901,23208,23360,35040,11680,50.0,0.1,0.09988584474885845,35,31,13468375,13.468375,True,HAMMING_CORRECTED
HAMMING,13-17,5,25,2901,23208,23360,35040,11680,50.0,0.1,0.09988584474885845,35,30,13535083,13.535083,True,HAMMING_CORRECTED
HAMMING,13-17,5,26,2901,23208,23360,35040,11680,50.0,0.1,0.09988584474885845,35,45,13544208,13.544208,False,HAMMING_RECOVERY_FAILED
HAMMING,13-17,5,27,2901,23208,23360,35040,11680,50.0,0.1,0.09988584474885845,35,32,13494167,13.494167,True,HAMMING_CORRECTED
HAMMING,13-17,5,28,2901,23208,23360,35040,11680,50.0,0.1,0.09988584474885845,35,33,13486541,13.486541,True,HAMMING_CORRECTED
HAMMING,13-17,5,29,2901,23208,23360,35040,11680,50.0,0.1,0.09988584474885845,35,33,13395750,13.39575,True,HAMMING_CORRECTED
HAMMING,13-17,5,30,2901,23208,23360,35040,11680,50.0,0.1,0.09988584474885845,35,43,13460875,13.460875,True,HAMMING_CORRECTED
HAMMING,13-17,5,31,2901,23208,23360,35040,11680,50.0,0.1,0.09988584474885845,35,26,13561458,13.561458,True,HAMMING_CORRECTED
HAMMING,13-17,5,32,2901,23208,23360,35040,11680,50.0,0.1,0.09988584474885845,35,33,13596458,13.596458,True,HAMMING_CORRECTED
HAMMING,13-17,5,33,2901,23208,23360,35040,11680,50.0,0.1,0.09988584474885845,35,36,13525667,13.525667,True,HAMMING_CORRECTED
HAMMING,13-17,5,34,2901,23208,23360,35040,11680,50.0,0.1,0.09988584474885845,35,33,13516500,13.5165,True,HAMMING_CORRECTED
HAMMING,13-17,5,35,2901,23208,23360,35040,11680,50.0,0.1,0.09988584474885845,35,45,13446292,13.446292,True,HAMMING_CORRECTED
HAMMING,13-17,5,36,2901,23208,23360,35040,11680,50.0,0.1,0.09988584474885845,35,35,13481500,13.4815,True,HAMMING_CORRECTED
HAMMING,13-17,5,37,2901,23208,23360,35040,11680,50.0,0.1,0.09988584474885845,35,33,13548000,13.548,True,HAMMING_CORRECTED
HAMMING,13-17,5,38,2901,23208,23360,35040,11680,50.0,0.1,0.09988584474885845,35,28,13511250,13.51125,True,HAMMING_CORRECTED
HAMMING,13-17,5,39,2901,23208,23360,35040,11680,50.0,0.1,0.09988584474885845,35,34,13483875,13.483875,True,HAMMING_CORRECTED
HAMMING,13-17,5,40,2901,23208,23360,35040,11680,50.0,0.1,0.09988584474885845,35,40,13440167,13.440167,True,HAMMING_CORRECTED
HAMMING,13-17,5,41,2901,23208,23360,35040,11680,50.0,0.1,0.09988584474885845,35,33,13553208,13.553208,True,HAMMING_CORRECTED
HAMMING,13-17,5,42,2901,23208,23360,35040,11680,50.0,0.1,0.09988584474885845,35,30,13445834,13.445834,True,HAMMING_CORRECTED
HAMMING,13-17,5,43,2901,23208,23360,35040,11680,50.0,0.1,0.09988584474885845,35,33,13499542,13.499542,True,HAMMING_CORRECTED
HAMMING,13-17,5,44,2901,23208,23360,35040,11680,50.0,0.1,0.09988584474885845,35,31,13423625,13.423625,True,HAMMING_CORRECTED
HAMMING,13-17,5,45,2901,23208,23360,35040,11680,50.0,0.1,0.09988584474885845,35,31,13424667,13.424667,True,HAMMING_CORRECTED
HAMMING,13-17,5,46,2901,23208,23360,35040,11680,50.0,0.1,0.09988584474885845,35,36,13615375,13.615375,False,HAMMING_RECOVERY_FAILED
HAMMING,13-17,5,47,2901,23208,23360,35040,11680,50.0,0.1,0.09988584474885845,35,36,13722750,13.72275,True,HAMMING_CORRECTED
HAMMING,13-17,5,48,2901,23208,23360,35040,11680,50.0,0.1,0.09988584474885845,35,56,13649458,13.649458,True,HAMMING_CORRECTED
HAMMING,13-17,5,49,2901,23208,23360,35040,11680,50.0,0.1,0.09988584474885845,35,37,13504458,13.504458,True,HAMMING_CORRECTED
HAMMING,13-17,5,50,2901,23208,23360,35040,11680,50.0,0.1,0.09988584474885845,35,35,13396791,13.396791,True,HAMMING_CORRECTED
HAMMING,13-17,5,51,2901,23208,23360,35040,11680,50.0,0.1,0.09988584474885845,35,32,13467209,13.467209,True,HAMMING_CORRECTED
HAMMING,13-17,5,52,2901,23208,23360,35040,11680,50.0,0.1,0.09988584474885845,35,39,13449375,13.449375,,HAMMING_RECOVERY_FAILED
HAMMING,13-17,5,53,2901,23208,23360,35040,11680,50.0,0.1,0.09988584474885845,35,37,13469084,13.469084,True,HAMMING_CORRECTED
HAMMING,13-17,5,54,2901,23208,23360,35040,11680,50.0,0.1,0.09988584474885845,35,36,13986291,13.986291,True,HAMMING_CORRECTED
HAMMING,13-17,5,55,2901,23208,23360,35040,11680,50.0,0.1,0.09988584474885845,35,35,13456084,13.456084,True,HAMMING_CORRECTED
HAMMING,13-17,5,56,2901,23208,23360,35040,11680,50.0,0.1,0.09988584474885845,35,37,13414667,13.414667,True,HAMMING_CORRECTED
HAMMING,13-17,5,57,2901,23208,23360,35040,11680,50.0,0.1,0.09988584474885845,35,33,13494917,13.494917,True,HAMMING_CORRECTED
HAMMING,13-17,5,58,2901,23208,23360,35040,11680,50.0,0.1,0.09988584474885845,35,39,13491083,13.491083,True,HAMMING_CORRECTED
HAMMING,13-17,5,59,2901,23208,23360,35040,11680,50.0,0.1,0.09988584474885845,35,37,13374916,13.374916,True,HAMMING_CORRECTED
HAMMING,13-17,5,60,2901,23208,23360,35040,11680,50.0,0.1,0.09988584474885845,35,36,13486542,13.486542,True,HAMMING_CORRECTED
HAMMING,13-17,5,61,2901,23208,23360,35040,11680,50.0,0.1,0.09988584474885845,35,39,13604750,13.60475,True,HAMMING_CORRECTED
HAMMING,13-17,5,62,2901,23208,23360,35040,11680,50.0,0.1,0.09988584474885845,35,48,13421000,13.421,True,HAMMING_CORRECTED
HAMMING,13-17,5,63,2901,23208,23360,35040,11680,50.0,0.1,0.09988584474885845,35,30,13380041,13.380041,True,HAMMING_CORRECTED
HAMMING,13-17,5,64,2901,23208,23360,35040,11680,50.0,0.1,0.09988584474885845,35,49,13428291,13.428291,True,HAMMING_CORRECTED
HAMMING,13-17,5,65,2901,23208,23360,35040,11680,50.0,0.1,0.09988584474885845,35,30,13465375,13.465375,True,HAMMING_CORRECTED
HAMMING,13-17,5,66,2901,23208,23360,35040,11680,50.0,0.1,0.09988584474885845,35,19,13418416,13.418416,True,HAMMING_CORRECTED
HAMMING,13-17,5,67,2901,23208,23360,35040,11680,50.0,0.1,0.09988584474885845,35,29,13386000,13.386,True,HAMMING_CORRECTED
HAMMING,13-17,5,68,2901,23208,23360,35040,11680,50.0,0.1,0.09988584474885845,35,42,13397042,13.397042,True,HAMMING_CORRECTED
HAMMING,13-17,5,69,2901,23208,23360,35040,11680,50.0,0.1,0.09988584474885845,35,45,13494500,13.4945,True,HAMMING_CORRECTED
HAMMING,13-17,5,70,2901,23208,23360,35040,11680,50.0,0.1,0.09988584474885845,35,33,13439792,13.439792,,HAMMING_RECOVERY_FAILED
HAMMING,13-17,5,71,2901,23208,23360,35040,11680,50.0,0.1,0.09988584474885845,35,38,13448166,13.448166,False,HAMMING_RECOVERY_FAILED
HAMMING,13-17,5,72,2901,23208,23360,35040,11680,50.0,0.1,0.09988584474885845,35,44,13345625,13.345625,True,HAMMING_CORRECTED
HAMMING,13-17,5,73,2901,23208,23360,35040,11680,50.0,0.1,0.09988584474885845,35,34,13539917,13.539917,True,HAMMING_CORRECTED
HAMMING,13-17,5,74,2901,23208,23360,35040,11680,50.0,0.1,0.09988584474885845,35,40,13513458,13.513458,True,HAMMING_CORRECTED
HAMMING,13-17,5,75,2901,23208,23360,35040,11680,50.0,0.1,0.09988584474885845,35,27,13416000,13.416,True,HAMMING_CORRECTED
HAMMING,13-17,5,76,2901,23208,23360,35040,11680,50.0,0.1,0.09988584474885845,35,31,13388750,13.38875,True,HAMMING_CORRECTED
HAMMING,13-17,5,77,2901,23208,23360,35040,11680,50.0,0.1,0.09988584474885845,35,40,13437250,13.43725,True,HAMMING_CORRECTED
HAMMING,13-17,5,78,2901,23208,23360,35040,11680,50.0,0.1,0.09988584474885845,35,28,13494583,13.494583,True,HAMMING_CORRECTED
HAMMING,13-17,5,79,2901,23208,23360,35040,11680,50.0,0.1,0.09988584474885845,35,28,13518167,13.518167,True,HAMMING_CORRECTED
HAMMING,13-17,5,80,2901,23208,23360,35040,11680,50.0,0.1,0.09988584474885845,35,34,13367875,13.367875,True,HAMMING_CORRECTED
HAMMING,13-17,5,81,2901,23208,23360,35040,11680,50.0,0.1,0.09988584474885845,35,39,13460958,13.460958,False,HAMMING_RECOVERY_FAILED
HAMMING,13-17,5,82,2901,23208,23360,35040,11680,50.0,0.1,0.09988584474885845,35,32,13412417,13.412417,True,HAMMING_CORRECTED
HAMMING,13-17,5,83,2901,23208,23360,35040,11680,50.0,0.1,0.09988584474885845,35,30,13476834,13.476834,,HAMMING_RECOVERY_FAILED
HAMMING,13-17,5,84,2901,23208,23360,35040,11680,50.0,0.1,0.09988584474885845,35,28,13562834,13.562834,True,HAMMING_CORRECTED
HAMMING,13-17,5,85,2901,23208,23360,35040,11680,50.0,0.1,0.09988584474885845,35,38,13442459,13.442459,True,HAMMING_CORRECTED
HAMMING,13-17,5,86,2901,23208,23360,35040,11680,50.0,0.1,0.09988584474885845,35,40,13406583,13.406583,True,HAMMING_CORRECTED
HAMMING,13-17,5,87,2901,23208,23360,35040,11680,50.0,0.1,0.09988584474885845,35,41,13412792,13.412792,True,HAMMING_CORRECTED
HAMMING,13-17,5,88,2901,23208,23360,35040,11680,50.0,0.1,0.09988584474885845,35,26,13312917,13.312917,True,HAMMING_CORRECTED
HAMMING,13-17,5,89,2901,23208,23360,35040,11680,50.0,0.1,0.09988584474885845,35,42,13435042,13.435042,True,HAMMING_CORRECTED
HAMMING,13-17,5,90,2901,23208,23360,35040,11680,50.0,0.1,0.09988584474885845,35,34,13456375,13.456375,True,HAMMING_CORRECTED
HAMMING,13-17,5,91,2901,23208,23360,35040,11680,50.0,0.1,0.09988584474885845,35,32,13360833,13.360833,True,HAMMING_CORRECTED
HAMMING,13-17,5,92,2901,23208,23360,35040,11680,50.0,0.1,0.09988584474885845,35,26,13419959,13.419959,True,HAMMING_CORRECTED
HAMMING,13-17,5,93,2901,23208,23360,35040,11680,50.0,0.1,0.09988584474885845,35,42,13478875,13.478875,True,HAMMING_CORRECTED
HAMMING,13-17,5,94,2901,23208,23360,35040,11680,50.0,0.1,0.09988584474885845,35,40,13441542,13.441542,True,HAMMING_CORRECTED
HAMMING,13-17,5,95,2901,23208,23360,35040,11680,50.0,0.1,0.09988584474885845,35,29,13407291,13.407291,True,HAMMING_CORRECTED
HAMMING,13-17,5,96,2901,23208,23360,35040,11680,50.0,0.1,0.09988584474885845,35,35,13334583,13.334583,True,HAMMING_CORRECTED
HAMMING,13-17,5,97,2901,23208,23360,35040,11680,50.0,0.1,0.09988584474885845,35,32,13385875,13.385875,True,HAMMING_CORRECTED
HAMMING,13-17,5,98,2901,23208,23360,35040,11680,50.0,0.1,0.09988584474885845,35,36,13461833,13.461833,False,HAMMING_RECOVERY_FAILED
HAMMING,13-17,5,99,2901,23208,23360,35040,11680,50.0,0.1,0.09988584474885845,35,28,13414750,13.41475,True,HAMMING_CORRECTED
HAMMING,13-17,5,100,2901,23208,23360,35040,11680,50.0,0.1,0.09988584474885845,35,37,13431875,13.431875,True,HAMMING_CORRECTED
HAMMING,13-17,5,1,2901,23208,23360,35040,11680,50.0,1.0,0.9988584474885844,350,346,13356917,13.356917,,HAMMING_RECOVERY_FAILED
HAMMING,13-17,5,2,2901,23208,23360,35040,11680,50.0,1.0,0.9988584474885844,350,353,13293250,13.29325,,HAMMING_RECOVERY_FAILED
HAMMING,13-17,5,3,2901,23208,23360,35040,11680,50.0,1.0,0.9988584474885844,350,367,13293042,13.293042,,HAMMING_RECOVERY_FAILED
HAMMING,13-17,5,4,2901,23208,23360,35040,11680,50.0,1.0,0.9988584474885844,350,342,13185916,13.185916,,HAMMING_RECOVERY_FAILED
HAMMING,13-17,5,5,2901,23208,23360,35040,11680,50.0,1.0,0.9988584474885844,350,354,13239292,13.239292,,HAMMING_RECOVERY_FAILED
HAMMING,13-17,5,6,2901,23208,23360,35040,11680,50.0,1.0,0.9988584474885844,350,325,13240416,13.240416,,HAMMING_RECOVERY_FAILED
HAMMING,13-17,5,7,2901,23208,23360,35040,11680,50.0,1.0,0.9988584474885844,350,340,13360250,13.36025,,HAMMING_RECOVERY_FAILED
HAMMING,13-17,5,8,2901,23208,23360,35040,11680,50.0,1.0,0.9988584474885844,350,346,13291916,13.291916,,HAMMING_RECOVERY_FAILED
HAMMING,13-17,5,9,2901,23208,23360,35040,11680,50.0,1.0,0.9988584474885844,350,334,13249542,13.249542,,HAMMING_RECOVERY_FAILED
HAMMING,13-17,5,10,2901,23208,23360,35040,11680,50.0,1.0,0.9988584474885844,350,371,13330875,13.330875,,HAMMING_RECOVERY_FAILED
HAMMING,13-17,5,11,2901,23208,23360,35040,11680,50.0,1.0,0.9988584474885844,350,340,13204958,13.204958,,HAMMING_RECOVERY_FAILED
HAMMING,13-17,5,12,2901,23208,23360,35040,11680,50.0,1.0,0.9988584474885844,350,385,13326459,13.326459,,HAMMING_RECOVERY_FAILED
HAMMING,13-17,5,13,2901,23208,23360,35040,11680,50.0,1.0,0.9988584474885844,350,336,13169833,13.169833,,HAMMING_RECOVERY_FAILED
HAMMING,13-17,5,14,2901,23208,23360,35040,11680,50.0,1.0,0.9988584474885844,350,323,13308125,13.308125,,HAMMING_RECOVERY_FAILED
HAMMING,13-17,5,15,2901,23208,23360,35040,11680,50.0,1.0,0.9988584474885844,350,353,14208167,14.208167,,HAMMING_RECOVERY_FAILED
HAMMING,13-17,5,16,2901,23208,23360,35040,11680,50.0,1.0,0.9988584474885844,350,343,13307541,13.307541,,HAMMING_RECOVERY_FAILED
HAMMING,13-17,5,17,2901,23208,23360,35040,11680,50.0,1.0,0.9988584474885844,350,361,13305875,13.305875,,HAMMING_RECOVERY_FAILED
HAMMING,13-17,5,18,2901,23208,23360,35040,11680,50.0,1.0,0.9988584474885844,350,331,13287459,13.287459,,HAMMING_RECOVERY_FAILED
HAMMING,13-17,5,19,2901,23208,23360,35040,11680,50.0,1.0,0.9988584474885844,350,353,13334334,13.334334,,HAMMING_RECOVERY_FAILED
HAMMING,13-17,5,20,2901,23208,23360,35040,11680,50.0,1.0,0.9988584474885844,350,335,13261166,13.261166,,HAMMING_RECOVERY_FAILED
HAMMING,13-17,5,21,2901,23208,23360,35040,11680,50.0,1.0,0.9988584474885844,350,340,13256417,13.256417,,HAMMING_RECOVERY_FAILED
HAMMING,13-17,5,22,2901,23208,23360,35040,11680,50.0,1.0,0.9988584474885844,350,331,13299500,13.2995,,HAMMING_RECOVERY_FAILED
HAMMING,13-17,5,23,2901,23208,23360,35040,11680,50.0,1.0,0.9988584474885844,350,335,13280250,13.28025,,HAMMING_RECOVERY_FAILED
HAMMING,13-17,5,24,2901,23208,23360,35040,11680,50.0,1.0,0.9988584474885844,350,359,13198875,13.198875,,HAMMING_RECOVERY_FAILED
HAMMING,13-17,5,25,2901,23208,23360,35040,11680,50.0,1.0,0.9988584474885844,350,353,13210791,13.210791,,HAMMING_RECOVERY_FAILED
HAMMING,13-17,5,26,2901,23208,23360,35040,11680,50.0,1.0,0.9988584474885844,350,372,13177333,13.177333,,HAMMING_RECOVERY_FAILED
HAMMING,13-17,5,27,2901,23208,23360,35040,11680,50.0,1.0,0.9988584474885844,350,350,13263833,13.263833,,HAMMING_RECOVERY_FAILED
HAMMING,13-17,5,28,2901,23208,23360,35040,11680,50.0,1.0,0.9988584474885844,350,363,13263250,13.26325,,HAMMING_RECOVERY_FAILED
HAMMING,13-17,5,29,2901,23208,23360,35040,11680,50.0,1.0,0.9988584474885844,350,364,13276042,13.276042,,HAMMING_RECOVERY_FAILED
HAMMING,13-17,5,30,2901,23208,23360,35040,11680,50.0,1.0,0.9988584474885844,350,325,13268125,13.268125,,HAMMING_RECOVERY_FAILED
HAMMING,13-17,5,31,2901,23208,23360,35040,11680,50.0,1.0,0.9988584474885844,350,382,13374959,13.374959,,HAMMING_RECOVERY_FAILED
HAMMING,13-17,5,32,2901,23208,23360,35040,11680,50.0,1.0,0.9988584474885844,350,348,13295667,13.295667,,HAMMING_RECOVERY_FAILED
HAMMING,13-17,5,33,2901,23208,23360,35040,11680,50.0,1.0,0.9988584474885844,350,345,13333792,13.333792,,HAMMING_RECOVERY_FAILED
HAMMING,13-17,5,34,2901,23208,23360,35040,11680,50.0,1.0,0.9988584474885844,350,370,13298125,13.298125,,HAMMING_RECOVERY_FAILED
HAMMING,13-17,5,35,2901,23208,23360,35040,11680,50.0,1.0,0.9988584474885844,350,347,13243750,13.24375,,HAMMING_RECOVERY_FAILED
HAMMING,13-17,5,36,2901,23208,23360,35040,11680,50.0,1.0,0.9988584474885844,350,413,13249667,13.249667,,HAMMING_RECOVERY_FAILED
HAMMING,13-17,5,37,2901,23208,23360,35040,11680,50.0,1.0,0.9988584474885844,350,364,13230709,13.230709,,HAMMING_RECOVERY_FAILED
HAMMING,13-17,5,38,2901,23208,23360,35040,11680,50.0,1.0,0.9988584474885844,350,359,13283708,13.283708,,HAMMING_RECOVERY_FAILED
HAMMING,13-17,5,39,2901,23208,23360,35040,11680,50.0,1.0,0.9988584474885844,350,388,13226708,13.226708,,HAMMING_RECOVERY_FAILED
HAMMING,13-17,5,40,2901,23208,23360,35040,11680,50.0,1.0,0.9988584474885844,350,379,13361916,13.361916,,HAMMING_RECOVERY_FAILED
HAMMING,13-17,5,41,2901,23208,23360,35040,11680,50.0,1.0,0.9988584474885844,350,335,13408958,13.408958,,HAMMING_RECOVERY_FAILED
HAMMING,13-17,5,42,2901,23208,23360,35040,11680,50.0,1.0,0.9988584474885844,350,321,13454833,13.454833,,HAMMING_RECOVERY_FAILED
HAMMING,13-17,5,43,2901,23208,23360,35040,11680,50.0,1.0,0.9988584474885844,350,355,13323333,13.323333,,HAMMING_RECOVERY_FAILED
HAMMING,13-17,5,44,2901,23208,23360,35040,11680,50.0,1.0,0.9988584474885844,350,327,13259334,13.259334,,HAMMING_RECOVERY_FAILED
HAMMING,13-17,5,45,2901,23208,23360,35040,11680,50.0,1.0,0.9988584474885844,350,378,13319625,13.319625,,HAMMING_RECOVERY_FAILED
HAMMING,13-17,5,46,2901,23208,23360,35040,11680,50.0,1.0,0.9988584474885844,350,359,13441500,13.4415,,HAMMING_RECOVERY_FAILED
HAMMING,13-17,5,47,2901,23208,23360,35040,11680,50.0,1.0,0.9988584474885844,350,350,13676500,13.6765,,HAMMING_RECOVERY_FAILED
HAMMING,13-17,5,48,2901,23208,23360,35040,11680,50.0,1.0,0.9988584474885844,350,374,13170709,13.170709,,HAMMING_RECOVERY_FAILED
HAMMING,13-17,5,49,2901,23208,23360,35040,11680,50.0,1.0,0.9988584474885844,350,355,13338250,13.33825,,HAMMING_RECOVERY_FAILED
HAMMING,13-17,5,50,2901,23208,23360,35040,11680,50.0,1.0,0.9988584474885844,350,332,13199250,13.19925,,HAMMING_RECOVERY_FAILED
HAMMING,13-17,5,51,2901,23208,23360,35040,11680,50.0,1.0,0.9988584474885844,350,357,13301167,13.301167,,HAMMING_RECOVERY_FAILED
HAMMING,13-17,5,52,2901,23208,23360,35040,11680,50.0,1.0,0.9988584474885844,350,359,13205458,13.205458,,HAMMING_RECOVERY_FAILED
HAMMING,13-17,5,53,2901,23208,23360,35040,11680,50.0,1.0,0.9988584474885844,350,389,13253000,13.253,,HAMMING_RECOVERY_FAILED
HAMMING,13-17,5,54,2901,23208,23360,35040,11680,50.0,1.0,0.9988584474885844,350,328,13210208,13.210208,,HAMMING_RECOVERY_FAILED
HAMMING,13-17,5,55,2901,23208,23360,35040,11680,50.0,1.0,0.9988584474885844,350,340,13359125,13.359125,,HAMMING_RECOVERY_FAILED
HAMMING,13-17,5,56,2901,23208,23360,35040,11680,50.0,1.0,0.9988584474885844,350,367,13242250,13.24225,,HAMMING_RECOVERY_FAILED
HAMMING,13-17,5,57,2901,23208,23360,35040,11680,50.0,1.0,0.9988584474885844,350,370,13159125,13.159125,,HAMMING_RECOVERY_FAILED
HAMMING,13-17,5,58,2901,23208,23360,35040,11680,50.0,1.0,0.9988584474885844,350,352,13257583,13.257583,,HAMMING_RECOVERY_FAILED
HAMMING,13-17,5,59,2901,23208,23360,35040,11680,50.0,1.0,0.9988584474885844,350,353,13432917,13.432917,,HAMMING_RECOVERY_FAILED
HAMMING,13-17,5,60,2901,23208,23360,35040,11680,50.0,1.0,0.9988584474885844,350,365,13182875,13.182875,,HAMMING_RECOVERY_FAILED
HAMMING,13-17,5,61,2901,23208,23360,35040,11680,50.0,1.0,0.9988584474885844,350,330,13287792,13.287792,,HAMMING_RECOVERY_FAILED
HAMMING,13-17,5,62,2901,23208,23360,35040,11680,50.0,1.0,0.9988584474885844,350,360,13246500,13.2465,,HAMMING_RECOVERY_FAILED
HAMMING,13-17,5,63,2901,23208,23360,35040,11680,50.0,1.0,0.9988584474885844,350,357,13123042,13.123042,,HAMMING_RECOVERY_FAILED
HAMMING,13-17,5,64,2901,23208,23360,35040,11680,50.0,1.0,0.9988584474885844,350,339,13281417,13.281417,,HAMMING_RECOVERY_FAILED
HAMMING,13-17,5,65,2901,23208,23360,35040,11680,50.0,1.0,0.9988584474885844,350,347,13228458,13.228458,,HAMMING_RECOVERY_FAILED
HAMMING,13-17,5,66,2901,23208,23360,35040,11680,50.0,1.0,0.9988584474885844,350,316,13256458,13.256458,,HAMMING_RECOVERY_FAILED
HAMMING,13-17,5,67,2901,23208,23360,35040,11680,50.0,1.0,0.9988584474885844,350,355,13209709,13.209709,,HAMMING_RECOVERY_FAILED
HAMMING,13-17,5,68,2901,23208,23360,35040,11680,50.0,1.0,0.9988584474885844,350,374,13253375,13.253375,,HAMMING_RECOVERY_FAILED
HAMMING,13-17,5,69,2901,23208,23360,35040,11680,50.0,1.0,0.9988584474885844,350,334,13204333,13.204333,,HAMMING_RECOVERY_FAILED
HAMMING,13-17,5,70,2901,23208,23360,35040,11680,50.0,1.0,0.9988584474885844,350,385,13289792,13.289792,,HAMMING_RECOVERY_FAILED
HAMMING,13-17,5,71,2901,23208,23360,35040,11680,50.0,1.0,0.9988584474885844,350,371,13291500,13.2915,,HAMMING_RECOVERY_FAILED
HAMMING,13-17,5,72,2901,23208,23360,35040,11680,50.0,1.0,0.9988584474885844,350,330,13337834,13.337834,,HAMMING_RECOVERY_FAILED
HAMMING,13-17,5,73,2901,23208,23360,35040,11680,50.0,1.0,0.9988584474885844,350,351,13124791,13.124791,,HAMMING_RECOVERY_FAILED
HAMMING,13-17,5,74,2901,23208,23360,35040,11680,50.0,1.0,0.9988584474885844,350,352,13315833,13.315833,,HAMMING_RECOVERY_FAILED
HAMMING,13-17,5,75,2901,23208,23360,35040,11680,50.0,1.0,0.9988584474885844,350,335,13220125,13.220125,,HAMMING_RECOVERY_FAILED
HAMMING,13-17,5,76,2901,23208,23360,35040,11680,50.0,1.0,0.9988584474885844,350,310,13227709,13.227709,,HAMMING_RECOVERY_FAILED
HAMMING,13-17,5,77,2901,23208,23360,35040,11680,50.0,1.0,0.9988584474885844,350,370,13251792,13.251792,,HAMMING_RECOVERY_FAILED
HAMMING,13-17,5,78,2901,23208,23360,35040,11680,50.0,1.0,0.9988584474885844,350,314,13201833,13.201833,,HAMMING_RECOVERY_FAILED
HAMMING,13-17,5,79,2901,23208,23360,35040,11680,50.0,1.0,0.9988584474885844,350,347,13212667,13.212667,,HAMMING_RECOVERY_FAILED
HAMMING,13-17,5,80,2901,23208,23360,35040,11680,50.0,1.0,0.9988584474885844,350,369,13249208,13.249208,,HAMMING_RECOVERY_FAILED
HAMMING,13-17,5,81,2901,23208,23360,35040,11680,50.0,1.0,0.9988584474885844,350,359,13287250,13.28725,,HAMMING_RECOVERY_FAILED
HAMMING,13-17,5,82,2901,23208,23360,35040,11680,50.0,1.0,0.9988584474885844,350,345,13272667,13.272667,,HAMMING_RECOVERY_FAILED
HAMMING,13-17,5,83,2901,23208,23360,35040,11680,50.0,1.0,0.9988584474885844,350,384,13235500,13.2355,,HAMMING_RECOVERY_FAILED
HAMMING,13-17,5,84,2901,23208,23360,35040,11680,50.0,1.0,0.9988584474885844,350,375,13187833,13.187833,,HAMMING_RECOVERY_FAILED
HAMMING,13-17,5,85,2901,23208,23360,35040,11680,50.0,1.0,0.9988584474885844,350,354,13257750,13.25775,,HAMMING_RECOVERY_FAILED
HAMMING,13-17,5,86,2901,23208,23360,35040,11680,50.0,1.0,0.9988584474885844,350,331,13342375,13.342375,,HAMMING_RECOVERY_FAILED
HAMMING,13-17,5,87,2901,23208,23360,35040,11680,50.0,1.0,0.9988584474885844,350,386,13376625,13.376625,,HAMMING_RECOVERY_FAILED
HAMMING,13-17,5,88,2901,23208,23360,35040,11680,50.0,1.0,0.9988584474885844,350,377,13345250,13.34525,,HAMMING_RECOVERY_FAILED
HAMMING,13-17,5,89,2901,23208,23360,35040,11680,50.0,1.0,0.9988584474885844,350,326,13466208,13.466208,,HAMMING_RECOVERY_FAILED
HAMMING,13-17,5,90,2901,23208,23360,35040,11680,50.0,1.0,0.9988584474885844,350,346,13317291,13.317291,,HAMMING_RECOVERY_FAILED
HAMMING,13-17,5,91,2901,23208,23360,35040,11680,50.0,1.0,0.9988584474885844,350,351,13291542,13.291542,,HAMMING_RECOVERY_FAILED
HAMMING,13-17,5,92,2901,23208,23360,35040,11680,50.0,1.0,0.9988584474885844,350,335,13298541,13.298541,,HAMMING_RECOVERY_FAILED
HAMMING,13-17,5,93,2901,23208,23360,35040,11680,50.0,1.0,0.9988584474885844,350,352,13375042,13.375042,,HAMMING_RECOVERY_FAILED
HAMMING,13-17,5,94,2901,23208,23360,35040,11680,50.0,1.0,0.9988584474885844,350,376,13267084,13.267084,,HAMMING_RECOVERY_FAILED
HAMMING,13-17,5,95,2901,23208,23360,35040,11680,50.0,1.0,0.9988584474885844,350,335,13363500,13.3635,,HAMMING_RECOVERY_FAILED
HAMMING,13-17,5,96,2901,23208,23360,35040,11680,50.0,1.0,0.9988584474885844,350,369,13276084,13.276084,,HAMMING_RECOVERY_FAILED
HAMMING,13-17,5,97,2901,23208,23360,35040,11680,50.0,1.0,0.9988584474885844,350,330,13249917,13.249917,,HAMMING_RECOVERY_FAILED
HAMMING,13-17,5,98,2901,23208,23360,35040,11680,50.0,1.0,0.9988584474885844,350,352,13217958,13.217958,,HAMMING_RECOVERY_FAILED
HAMMING,13-17,5,99,2901,23208,23360,35040,11680,50.0,1.0,0.9988584474885844,350,353,13394458,13.394458,,HAMMING_RECOVERY_FAILED
HAMMING,13-17,5,100,2901,23208,23360,35040,11680,50.0,1.0,0.9988584474885844,350,360,13584334,13.584334,,HAMMING_RECOVERY_FAILED
HAMMING,13-18,6,1,3184,25472,25624,38436,12812,50.0,0.0,0.0,0,0,14731834,14.731834,True,CLEAN
HAMMING,13-18,6,2,3184,25472,25624,38436,12812,50.0,0.0,0.0,0,0,14549000,14.549,True,CLEAN
HAMMING,13-18,6,3,3184,25472,25624,38436,12812,50.0,0.0,0.0,0,0,14619708,14.619708,True,CLEAN
HAMMING,13-18,6,4,3184,25472,25624,38436,12812,50.0,0.0,0.0,0,0,14503417,14.503417,True,CLEAN
HAMMING,13-18,6,5,3184,25472,25624,38436,12812,50.0,0.0,0.0,0,0,14806917,14.806917,True,CLEAN
HAMMING,13-18,6,6,3184,25472,25624,38436,12812,50.0,0.0,0.0,0,0,14977000,14.977,True,CLEAN
HAMMING,13-18,6,7,3184,25472,25624,38436,12812,50.0,0.0,0.0,0,0,14919042,14.919042,True,CLEAN
HAMMING,13-18,6,8,3184,25472,25624,38436,12812,50.0,0.0,0.0,0,0,14934791,14.934791,True,CLEAN
HAMMING,13-18,6,9,3184,25472,25624,38436,12812,50.0,0.0,0.0,0,0,14473500,14.4735,True,CLEAN
HAMMING,13-18,6,10,3184,25472,25624,38436,12812,50.0,0.0,0.0,0,0,14467666,14.467666,True,CLEAN
HAMMING,13-18,6,11,3184,25472,25624,38436,12812,50.0,0.0,0.0,0,0,14493125,14.493125,True,CLEAN
HAMMING,13-18,6,12,3184,25472,25624,38436,12812,50.0,0.0,0.0,0,0,14570917,14.570917,True,CLEAN
HAMMING,13-18,6,13,3184,25472,25624,38436,12812,50.0,0.0,0.0,0,0,14570333,14.570333,True,CLEAN
HAMMING,13-18,6,14,3184,25472,25624,38436,12812,50.0,0.0,0.0,0,0,14459334,14.459334,True,CLEAN
HAMMING,13-18,6,15,3184,25472,25624,38436,12812,50.0,0.0,0.0,0,0,14528250,14.52825,True,CLEAN
HAMMING,13-18,6,16,3184,25472,25624,38436,12812,50.0,0.0,0.0,0,0,14599250,14.59925,True,CLEAN
HAMMING,13-18,6,17,3184,25472,25624,38436,12812,50.0,0.0,0.0,0,0,14597666,14.597666,True,CLEAN
HAMMING,13-18,6,18,3184,25472,25624,38436,12812,50.0,0.0,0.0,0,0,14498709,14.498709,True,CLEAN
HAMMING,13-18,6,19,3184,25472,25624,38436,12812,50.0,0.0,0.0,0,0,14512125,14.512125,True,CLEAN
HAMMING,13-18,6,20,3184,25472,25624,38436,12812,50.0,0.0,0.0,0,0,14581375,14.581375,True,CLEAN
HAMMING,13-18,6,21,3184,25472,25624,38436,12812,50.0,0.0,0.0,0,0,14521208,14.521208,True,CLEAN
HAMMING,13-18,6,22,3184,25472,25624,38436,12812,50.0,0.0,0.0,0,0,14574458,14.574458,True,CLEAN
HAMMING,13-18,6,23,3184,25472,25624,38436,12812,50.0,0.0,0.0,0,0,14609541,14.609541,True,CLEAN
HAMMING,13-18,6,24,3184,25472,25624,38436,12812,50.0,0.0,0.0,0,0,14555875,14.555875,True,CLEAN
HAMMING,13-18,6,25,3184,25472,25624,38436,12812,50.0,0.0,0.0,0,0,14994667,14.994667,True,CLEAN
HAMMING,13-18,6,26,3184,25472,25624,38436,12812,50.0,0.0,0.0,0,0,14687792,14.687792,True,CLEAN
HAMMING,13-18,6,27,3184,25472,25624,38436,12812,50.0,0.0,0.0,0,0,14592125,14.592125,True,CLEAN
HAMMING,13-18,6,28,3184,25472,25624,38436,12812,50.0,0.0,0.0,0,0,14517541,14.517541,True,CLEAN
HAMMING,13-18,6,29,3184,25472,25624,38436,12812,50.0,0.0,0.0,0,0,14578083,14.578083,True,CLEAN
HAMMING,13-18,6,30,3184,25472,25624,38436,12812,50.0,0.0,0.0,0,0,14522959,14.522959,True,CLEAN
HAMMING,13-18,6,31,3184,25472,25624,38436,12812,50.0,0.0,0.0,0,0,14516416,14.516416,True,CLEAN
HAMMING,13-18,6,32,3184,25472,25624,38436,12812,50.0,0.0,0.0,0,0,14513042,14.513042,True,CLEAN
HAMMING,13-18,6,33,3184,25472,25624,38436,12812,50.0,0.0,0.0,0,0,14542000,14.542,True,CLEAN
HAMMING,13-18,6,34,3184,25472,25624,38436,12812,50.0,0.0,0.0,0,0,14549541,14.549541,True,CLEAN
HAMMING,13-18,6,35,3184,25472,25624,38436,12812,50.0,0.0,0.0,0,0,14475792,14.475792,True,CLEAN
HAMMING,13-18,6,36,3184,25472,25624,38436,12812,50.0,0.0,0.0,0,0,14527292,14.527292,True,CLEAN
HAMMING,13-18,6,37,3184,25472,25624,38436,12812,50.0,0.0,0.0,0,0,14504333,14.504333,True,CLEAN
HAMMING,13-18,6,38,3184,25472,25624,38436,12812,50.0,0.0,0.0,0,0,14626958,14.626958,True,CLEAN
HAMMING,13-18,6,39,3184,25472,25624,38436,12812,50.0,0.0,0.0,0,0,14499625,14.499625,True,CLEAN
HAMMING,13-18,6,40,3184,25472,25624,38436,12812,50.0,0.0,0.0,0,0,14492625,14.492625,True,CLEAN
HAMMING,13-18,6,41,3184,25472,25624,38436,12812,50.0,0.0,0.0,0,0,14634208,14.634208,True,CLEAN
HAMMING,13-18,6,42,3184,25472,25624,38436,12812,50.0,0.0,0.0,0,0,14771250,14.77125,True,CLEAN
HAMMING,13-18,6,43,3184,25472,25624,38436,12812,50.0,0.0,0.0,0,0,14521125,14.521125,True,CLEAN
HAMMING,13-18,6,44,3184,25472,25624,38436,12812,50.0,0.0,0.0,0,0,14504292,14.504292,True,CLEAN
HAMMING,13-18,6,45,3184,25472,25624,38436,12812,50.0,0.0,0.0,0,0,14483750,14.48375,True,CLEAN
HAMMING,13-18,6,46,3184,25472,25624,38436,12812,50.0,0.0,0.0,0,0,14477042,14.477042,True,CLEAN
HAMMING,13-18,6,47,3184,25472,25624,38436,12812,50.0,0.0,0.0,0,0,14788459,14.788459,True,CLEAN
HAMMING,13-18,6,48,3184,25472,25624,38436,12812,50.0,0.0,0.0,0,0,14616333,14.616333,True,CLEAN
HAMMING,13-18,6,49,3184,25472,25624,38436,12812,50.0,0.0,0.0,0,0,14625917,14.625917,True,CLEAN
HAMMING,13-18,6,50,3184,25472,25624,38436,12812,50.0,0.0,0.0,0,0,14411625,14.411625,True,CLEAN
HAMMING,13-18,6,51,3184,25472,25624,38436,12812,50.0,0.0,0.0,0,0,14649792,14.649792,True,CLEAN
HAMMING,13-18,6,52,3184,25472,25624,38436,12812,50.0,0.0,0.0,0,0,14675416,14.675416,True,CLEAN
HAMMING,13-18,6,53,3184,25472,25624,38436,12812,50.0,0.0,0.0,0,0,14588875,14.588875,True,CLEAN
HAMMING,13-18,6,54,3184,25472,25624,38436,12812,50.0,0.0,0.0,0,0,14659666,14.659666,True,CLEAN
HAMMING,13-18,6,55,3184,25472,25624,38436,12812,50.0,0.0,0.0,0,0,14585000,14.585,True,CLEAN
HAMMING,13-18,6,56,3184,25472,25624,38436,12812,50.0,0.0,0.0,0,0,14578833,14.578833,True,CLEAN
HAMMING,13-18,6,57,3184,25472,25624,38436,12812,50.0,0.0,0.0,0,0,14585583,14.585583,True,CLEAN
HAMMING,13-18,6,58,3184,25472,25624,38436,12812,50.0,0.0,0.0,0,0,14619750,14.61975,True,CLEAN
HAMMING,13-18,6,59,3184,25472,25624,38436,12812,50.0,0.0,0.0,0,0,14473375,14.473375,True,CLEAN
HAMMING,13-18,6,60,3184,25472,25624,38436,12812,50.0,0.0,0.0,0,0,14579917,14.579917,True,CLEAN
HAMMING,13-18,6,61,3184,25472,25624,38436,12812,50.0,0.0,0.0,0,0,14613416,14.613416,True,CLEAN
HAMMING,13-18,6,62,3184,25472,25624,38436,12812,50.0,0.0,0.0,0,0,14604292,14.604292,True,CLEAN
HAMMING,13-18,6,63,3184,25472,25624,38436,12812,50.0,0.0,0.0,0,0,14504666,14.504666,True,CLEAN
HAMMING,13-18,6,64,3184,25472,25624,38436,12812,50.0,0.0,0.0,0,0,14657708,14.657708,True,CLEAN
HAMMING,13-18,6,65,3184,25472,25624,38436,12812,50.0,0.0,0.0,0,0,14653583,14.653583,True,CLEAN
HAMMING,13-18,6,66,3184,25472,25624,38436,12812,50.0,0.0,0.0,0,0,14518959,14.518959,True,CLEAN
HAMMING,13-18,6,67,3184,25472,25624,38436,12812,50.0,0.0,0.0,0,0,14706208,14.706208,True,CLEAN
HAMMING,13-18,6,68,3184,25472,25624,38436,12812,50.0,0.0,0.0,0,0,14563375,14.563375,True,CLEAN
HAMMING,13-18,6,69,3184,25472,25624,38436,12812,50.0,0.0,0.0,0,0,14537125,14.537125,True,CLEAN
HAMMING,13-18,6,70,3184,25472,25624,38436,12812,50.0,0.0,0.0,0,0,14635375,14.635375,True,CLEAN
HAMMING,13-18,6,71,3184,25472,25624,38436,12812,50.0,0.0,0.0,0,0,14617709,14.617709,True,CLEAN
HAMMING,13-18,6,72,3184,25472,25624,38436,12812,50.0,0.0,0.0,0,0,14560708,14.560708,True,CLEAN
HAMMING,13-18,6,73,3184,25472,25624,38436,12812,50.0,0.0,0.0,0,0,14544583,14.544583,True,CLEAN
HAMMING,13-18,6,74,3184,25472,25624,38436,12812,50.0,0.0,0.0,0,0,14731833,14.731833,True,CLEAN
HAMMING,13-18,6,75,3184,25472,25624,38436,12812,50.0,0.0,0.0,0,0,14652541,14.652541,True,CLEAN
HAMMING,13-18,6,76,3184,25472,25624,38436,12812,50.0,0.0,0.0,0,0,14649667,14.649667,True,CLEAN
HAMMING,13-18,6,77,3184,25472,25624,38436,12812,50.0,0.0,0.0,0,0,14650958,14.650958,True,CLEAN
HAMMING,13-18,6,78,3184,25472,25624,38436,12812,50.0,0.0,0.0,0,0,14879750,14.87975,True,CLEAN
HAMMING,13-18,6,79,3184,25472,25624,38436,12812,50.0,0.0,0.0,0,0,15612583,15.612583,True,CLEAN
HAMMING,13-18,6,80,3184,25472,25624,38436,12812,50.0,0.0,0.0,0,0,15131292,15.131292,True,CLEAN
HAMMING,13-18,6,81,3184,25472,25624,38436,12812,50.0,0.0,0.0,0,0,29452666,29.452666,True,CLEAN
HAMMING,13-18,6,82,3184,25472,25624,38436,12812,50.0,0.0,0.0,0,0,14641500,14.6415,True,CLEAN
HAMMING,13-18,6,83,3184,25472,25624,38436,12812,50.0,0.0,0.0,0,0,14648416,14.648416,True,CLEAN
HAMMING,13-18,6,84,3184,25472,25624,38436,12812,50.0,0.0,0.0,0,0,14708333,14.708333,True,CLEAN
HAMMING,13-18,6,85,3184,25472,25624,38436,12812,50.0,0.0,0.0,0,0,15284584,15.284584,True,CLEAN
HAMMING,13-18,6,86,3184,25472,25624,38436,12812,50.0,0.0,0.0,0,0,14850042,14.850042,True,CLEAN
HAMMING,13-18,6,87,3184,25472,25624,38436,12812,50.0,0.0,0.0,0,0,14655166,14.655166,True,CLEAN
HAMMING,13-18,6,88,3184,25472,25624,38436,12812,50.0,0.0,0.0,0,0,14612708,14.612708,True,CLEAN
HAMMING,13-18,6,89,3184,25472,25624,38436,12812,50.0,0.0,0.0,0,0,14620416,14.620416,True,CLEAN
HAMMING,13-18,6,90,3184,25472,25624,38436,12812,50.0,0.0,0.0,0,0,14608250,14.60825,True,CLEAN
HAMMING,13-18,6,91,3184,25472,25624,38436,12812,50.0,0.0,0.0,0,0,14556458,14.556458,True,CLEAN
HAMMING,13-18,6,92,3184,25472,25624,38436,12812,50.0,0.0,0.0,0,0,14561417,14.561417,True,CLEAN
HAMMING,13-18,6,93,3184,25472,25624,38436,12812,50.0,0.0,0.0,0,0,14670125,14.670125,True,CLEAN
HAMMING,13-18,6,94,3184,25472,25624,38436,12812,50.0,0.0,0.0,0,0,14551083,14.551083,True,CLEAN
HAMMING,13-18,6,95,3184,25472,25624,38436,12812,50.0,0.0,0.0,0,0,14581542,14.581542,True,CLEAN
HAMMING,13-18,6,96,3184,25472,25624,38436,12812,50.0,0.0,0.0,0,0,14606917,14.606917,True,CLEAN
HAMMING,13-18,6,97,3184,25472,25624,38436,12812,50.0,0.0,0.0,0,0,14591042,14.591042,True,CLEAN
HAMMING,13-18,6,98,3184,25472,25624,38436,12812,50.0,0.0,0.0,0,0,14537250,14.53725,True,CLEAN
HAMMING,13-18,6,99,3184,25472,25624,38436,12812,50.0,0.0,0.0,0,0,14475208,14.475208,True,CLEAN
HAMMING,13-18,6,100,3184,25472,25624,38436,12812,50.0,0.0,0.0,0,0,14641042,14.641042,True,CLEAN
HAMMING,13-18,6,1,3184,25472,25624,38436,12812,50.0,0.01,0.010406910188365075,4,3,15327375,15.327375,True,HAMMING_CORRECTED
HAMMING,13-18,6,2,3184,25472,25624,38436,12812,50.0,0.01,0.010406910188365075,4,2,15036292,15.036292,True,HAMMING_CORRECTED
HAMMING,13-18,6,3,3184,25472,25624,38436,12812,50.0,0.01,0.010406910188365075,4,4,14754541,14.754541,True,HAMMING_CORRECTED
HAMMING,13-18,6,4,3184,25472,25624,38436,12812,50.0,0.01,0.010406910188365075,4,2,14580208,14.580208,True,HAMMING_CORRECTED
HAMMING,13-18,6,5,3184,25472,25624,38436,12812,50.0,0.01,0.010406910188365075,4,3,14553375,14.553375,True,HAMMING_CORRECTED
HAMMING,13-18,6,6,3184,25472,25624,38436,12812,50.0,0.01,0.010406910188365075,4,1,14471833,14.471833,True,HAMMING_CORRECTED
HAMMING,13-18,6,7,3184,25472,25624,38436,12812,50.0,0.01,0.010406910188365075,4,6,14442792,14.442792,True,HAMMING_CORRECTED
HAMMING,13-18,6,8,3184,25472,25624,38436,12812,50.0,0.01,0.010406910188365075,4,5,14438167,14.438167,True,HAMMING_CORRECTED
HAMMING,13-18,6,9,3184,25472,25624,38436,12812,50.0,0.01,0.010406910188365075,4,4,14625500,14.6255,True,HAMMING_CORRECTED
HAMMING,13-18,6,10,3184,25472,25624,38436,12812,50.0,0.01,0.010406910188365075,4,4,14425416,14.425416,True,HAMMING_CORRECTED
HAMMING,13-18,6,11,3184,25472,25624,38436,12812,50.0,0.01,0.010406910188365075,4,3,14617125,14.617125,True,HAMMING_CORRECTED
HAMMING,13-18,6,12,3184,25472,25624,38436,12812,50.0,0.01,0.010406910188365075,4,5,14677167,14.677167,True,HAMMING_CORRECTED
HAMMING,13-18,6,13,3184,25472,25624,38436,12812,50.0,0.01,0.010406910188365075,4,2,15007209,15.007209,True,HAMMING_CORRECTED
HAMMING,13-18,6,14,3184,25472,25624,38436,12812,50.0,0.01,0.010406910188365075,4,3,14534792,14.534792,True,HAMMING_CORRECTED
HAMMING,13-18,6,15,3184,25472,25624,38436,12812,50.0,0.01,0.010406910188365075,4,4,14531500,14.5315,True,HAMMING_CORRECTED
HAMMING,13-18,6,16,3184,25472,25624,38436,12812,50.0,0.01,0.010406910188365075,4,8,14467958,14.467958,True,HAMMING_CORRECTED
HAMMING,13-18,6,17,3184,25472,25624,38436,12812,50.0,0.01,0.010406910188365075,4,3,14536375,14.536375,True,HAMMING_CORRECTED
HAMMING,13-18,6,18,3184,25472,25624,38436,12812,50.0,0.01,0.010406910188365075,4,2,14388583,14.388583,True,HAMMING_CORRECTED
HAMMING,13-18,6,19,3184,25472,25624,38436,12812,50.0,0.01,0.010406910188365075,4,1,14670250,14.67025,True,HAMMING_CORRECTED
HAMMING,13-18,6,20,3184,25472,25624,38436,12812,50.0,0.01,0.010406910188365075,4,4,14730625,14.730625,True,HAMMING_CORRECTED
HAMMING,13-18,6,21,3184,25472,25624,38436,12812,50.0,0.01,0.010406910188365075,4,4,14811709,14.811709,True,HAMMING_CORRECTED
HAMMING,13-18,6,22,3184,25472,25624,38436,12812,50.0,0.01,0.010406910188365075,4,4,14644875,14.644875,True,HAMMING_CORRECTED
HAMMING,13-18,6,23,3184,25472,25624,38436,12812,50.0,0.01,0.010406910188365075,4,7,14594792,14.594792,True,HAMMING_CORRECTED
HAMMING,13-18,6,24,3184,25472,25624,38436,12812,50.0,0.01,0.010406910188365075,4,5,14590084,14.590084,True,HAMMING_CORRECTED
HAMMING,13-18,6,25,3184,25472,25624,38436,12812,50.0,0.01,0.010406910188365075,4,2,14637208,14.637208,True,HAMMING_CORRECTED
HAMMING,13-18,6,26,3184,25472,25624,38436,12812,50.0,0.01,0.010406910188365075,4,8,14640375,14.640375,True,HAMMING_CORRECTED
HAMMING,13-18,6,27,3184,25472,25624,38436,12812,50.0,0.01,0.010406910188365075,4,5,14624208,14.624208,True,HAMMING_CORRECTED
HAMMING,13-18,6,28,3184,25472,25624,38436,12812,50.0,0.01,0.010406910188365075,4,3,14634375,14.634375,True,HAMMING_CORRECTED
HAMMING,13-18,6,29,3184,25472,25624,38436,12812,50.0,0.01,0.010406910188365075,4,6,14763125,14.763125,True,HAMMING_CORRECTED
HAMMING,13-18,6,30,3184,25472,25624,38436,12812,50.0,0.01,0.010406910188365075,4,6,14632583,14.632583,True,HAMMING_CORRECTED
HAMMING,13-18,6,31,3184,25472,25624,38436,12812,50.0,0.01,0.010406910188365075,4,6,14540750,14.54075,True,HAMMING_CORRECTED
HAMMING,13-18,6,32,3184,25472,25624,38436,12812,50.0,0.01,0.010406910188365075,4,4,14598875,14.598875,True,HAMMING_CORRECTED
HAMMING,13-18,6,33,3184,25472,25624,38436,12812,50.0,0.01,0.010406910188365075,4,4,14580209,14.580209,True,HAMMING_CORRECTED
HAMMING,13-18,6,34,3184,25472,25624,38436,12812,50.0,0.01,0.010406910188365075,4,3,14576833,14.576833,True,HAMMING_CORRECTED
HAMMING,13-18,6,35,3184,25472,25624,38436,12812,50.0,0.01,0.010406910188365075,4,4,14639458,14.639458,True,HAMMING_CORRECTED
HAMMING,13-18,6,36,3184,25472,25624,38436,12812,50.0,0.01,0.010406910188365075,4,5,14560208,14.560208,True,HAMMING_CORRECTED
HAMMING,13-18,6,37,3184,25472,25624,38436,12812,50.0,0.01,0.010406910188365075,4,1,14654708,14.654708,True,HAMMING_CORRECTED
HAMMING,13-18,6,38,3184,25472,25624,38436,12812,50.0,0.01,0.010406910188365075,4,1,14598250,14.59825,True,HAMMING_CORRECTED
HAMMING,13-18,6,39,3184,25472,25624,38436,12812,50.0,0.01,0.010406910188365075,4,10,14567708,14.567708,True,HAMMING_CORRECTED
HAMMING,13-18,6,40,3184,25472,25624,38436,12812,50.0,0.01,0.010406910188365075,4,4,14635917,14.635917,True,HAMMING_CORRECTED
HAMMING,13-18,6,41,3184,25472,25624,38436,12812,50.0,0.01,0.010406910188365075,4,7,14574583,14.574583,True,HAMMING_CORRECTED
HAMMING,13-18,6,42,3184,25472,25624,38436,12812,50.0,0.01,0.010406910188365075,4,6,14556208,14.556208,True,HAMMING_CORRECTED
HAMMING,13-18,6,43,3184,25472,25624,38436,12812,50.0,0.01,0.010406910188365075,4,5,14587833,14.587833,True,HAMMING_CORRECTED
HAMMING,13-18,6,44,3184,25472,25624,38436,12812,50.0,0.01,0.010406910188365075,4,7,14574750,14.57475,True,HAMMING_CORRECTED
HAMMING,13-18,6,45,3184,25472,25624,38436,12812,50.0,0.01,0.010406910188365075,4,4,14644167,14.644167,True,HAMMING_CORRECTED
HAMMING,13-18,6,46,3184,25472,25624,38436,12812,50.0,0.01,0.010406910188365075,4,4,14507375,14.507375,True,HAMMING_CORRECTED
HAMMING,13-18,6,47,3184,25472,25624,38436,12812,50.0,0.01,0.010406910188365075,4,6,14575125,14.575125,True,HAMMING_CORRECTED
HAMMING,13-18,6,48,3184,25472,25624,38436,12812,50.0,0.01,0.010406910188365075,4,7,14547792,14.547792,True,HAMMING_CORRECTED
HAMMING,13-18,6,49,3184,25472,25624,38436,12812,50.0,0.01,0.010406910188365075,4,3,14658792,14.658792,True,HAMMING_CORRECTED
HAMMING,13-18,6,50,3184,25472,25624,38436,12812,50.0,0.01,0.010406910188365075,4,5,14580959,14.580959,True,HAMMING_CORRECTED
HAMMING,13-18,6,51,3184,25472,25624,38436,12812,50.0,0.01,0.010406910188365075,4,9,14787959,14.787959,True,HAMMING_CORRECTED
HAMMING,13-18,6,52,3184,25472,25624,38436,12812,50.0,0.01,0.010406910188365075,4,3,14819084,14.819084,True,HAMMING_CORRECTED
HAMMING,13-18,6,53,3184,25472,25624,38436,12812,50.0,0.01,0.010406910188365075,4,3,14591750,14.59175,True,HAMMING_CORRECTED
HAMMING,13-18,6,54,3184,25472,25624,38436,12812,50.0,0.01,0.010406910188365075,4,6,14512417,14.512417,True,HAMMING_CORRECTED
HAMMING,13-18,6,55,3184,25472,25624,38436,12812,50.0,0.01,0.010406910188365075,4,3,14549666,14.549666,True,HAMMING_CORRECTED
HAMMING,13-18,6,56,3184,25472,25624,38436,12812,50.0,0.01,0.010406910188365075,4,3,14534167,14.534167,True,HAMMING_CORRECTED
HAMMING,13-18,6,57,3184,25472,25624,38436,12812,50.0,0.01,0.010406910188365075,4,4,14586292,14.586292,True,HAMMING_CORRECTED
HAMMING,13-18,6,58,3184,25472,25624,38436,12812,50.0,0.01,0.010406910188365075,4,1,14487792,14.487792,True,HAMMING_CORRECTED
HAMMING,13-18,6,59,3184,25472,25624,38436,12812,50.0,0.01,0.010406910188365075,4,3,14410500,14.4105,True,HAMMING_CORRECTED
HAMMING,13-18,6,60,3184,25472,25624,38436,12812,50.0,0.01,0.010406910188365075,4,7,14471292,14.471292,True,HAMMING_CORRECTED
HAMMING,13-18,6,61,3184,25472,25624,38436,12812,50.0,0.01,0.010406910188365075,4,0,14709958,14.709958,True,CLEAN
HAMMING,13-18,6,62,3184,25472,25624,38436,12812,50.0,0.01,0.010406910188365075,4,5,14614208,14.614208,True,HAMMING_CORRECTED
HAMMING,13-18,6,63,3184,25472,25624,38436,12812,50.0,0.01,0.010406910188365075,4,10,14542375,14.542375,True,HAMMING_CORRECTED
HAMMING,13-18,6,64,3184,25472,25624,38436,12812,50.0,0.01,0.010406910188365075,4,2,14606291,14.606291,True,HAMMING_CORRECTED
HAMMING,13-18,6,65,3184,25472,25624,38436,12812,50.0,0.01,0.010406910188365075,4,4,14604417,14.604417,True,HAMMING_CORRECTED
HAMMING,13-18,6,66,3184,25472,25624,38436,12812,50.0,0.01,0.010406910188365075,4,6,14408083,14.408083,False,HAMMING_RECOVERY_FAILED
HAMMING,13-18,6,67,3184,25472,25624,38436,12812,50.0,0.01,0.010406910188365075,4,1,14769625,14.769625,True,HAMMING_CORRECTED
HAMMING,13-18,6,68,3184,25472,25624,38436,12812,50.0,0.01,0.010406910188365075,4,4,14660291,14.660291,True,HAMMING_CORRECTED
HAMMING,13-18,6,69,3184,25472,25624,38436,12812,50.0,0.01,0.010406910188365075,4,3,14701833,14.701833,True,HAMMING_CORRECTED
HAMMING,13-18,6,70,3184,25472,25624,38436,12812,50.0,0.01,0.010406910188365075,4,4,14701042,14.701042,True,HAMMING_CORRECTED
HAMMING,13-18,6,71,3184,25472,25624,38436,12812,50.0,0.01,0.010406910188365075,4,6,14550458,14.550458,True,HAMMING_CORRECTED
HAMMING,13-18,6,72,3184,25472,25624,38436,12812,50.0,0.01,0.010406910188365075,4,4,14690167,14.690167,True,HAMMING_CORRECTED
HAMMING,13-18,6,73,3184,25472,25624,38436,12812,50.0,0.01,0.010406910188365075,4,2,14854667,14.854667,True,HAMMING_CORRECTED
HAMMING,13-18,6,74,3184,25472,25624,38436,12812,50.0,0.01,0.010406910188365075,4,12,14689917,14.689917,True,HAMMING_CORRECTED
HAMMING,13-18,6,75,3184,25472,25624,38436,12812,50.0,0.01,0.010406910188365075,4,2,14558417,14.558417,True,HAMMING_CORRECTED
HAMMING,13-18,6,76,3184,25472,25624,38436,12812,50.0,0.01,0.010406910188365075,4,4,14635917,14.635917,True,HAMMING_CORRECTED
HAMMING,13-18,6,77,3184,25472,25624,38436,12812,50.0,0.01,0.010406910188365075,4,4,14664250,14.66425,True,HAMMING_CORRECTED
HAMMING,13-18,6,78,3184,25472,25624,38436,12812,50.0,0.01,0.010406910188365075,4,6,14652542,14.652542,True,HAMMING_CORRECTED
HAMMING,13-18,6,79,3184,25472,25624,38436,12812,50.0,0.01,0.010406910188365075,4,6,14653416,14.653416,True,HAMMING_CORRECTED
HAMMING,13-18,6,80,3184,25472,25624,38436,12812,50.0,0.01,0.010406910188365075,4,2,14618500,14.6185,True,HAMMING_CORRECTED
HAMMING,13-18,6,81,3184,25472,25624,38436,12812,50.0,0.01,0.010406910188365075,4,9,14570792,14.570792,True,HAMMING_CORRECTED
HAMMING,13-18,6,82,3184,25472,25624,38436,12812,50.0,0.01,0.010406910188365075,4,4,14648833,14.648833,True,HAMMING_CORRECTED
HAMMING,13-18,6,83,3184,25472,25624,38436,12812,50.0,0.01,0.010406910188365075,4,3,14696875,14.696875,True,HAMMING_CORRECTED
HAMMING,13-18,6,84,3184,25472,25624,38436,12812,50.0,0.01,0.010406910188365075,4,4,14565250,14.56525,True,HAMMING_CORRECTED
HAMMING,13-18,6,85,3184,25472,25624,38436,12812,50.0,0.01,0.010406910188365075,4,4,14918666,14.918666,True,HAMMING_CORRECTED
HAMMING,13-18,6,86,3184,25472,25624,38436,12812,50.0,0.01,0.010406910188365075,4,3,14878833,14.878833,True,HAMMING_CORRECTED
HAMMING,13-18,6,87,3184,25472,25624,38436,12812,50.0,0.01,0.010406910188365075,4,3,14696875,14.696875,True,HAMMING_CORRECTED
HAMMING,13-18,6,88,3184,25472,25624,38436,12812,50.0,0.01,0.010406910188365075,4,1,14598916,14.598916,True,HAMMING_CORRECTED
HAMMING,13-18,6,89,3184,25472,25624,38436,12812,50.0,0.01,0.010406910188365075,4,2,14560875,14.560875,True,HAMMING_CORRECTED
HAMMING,13-18,6,90,3184,25472,25624,38436,12812,50.0,0.01,0.010406910188365075,4,4,14596584,14.596584,True,HAMMING_CORRECTED
HAMMING,13-18,6,91,3184,25472,25624,38436,12812,50.0,0.01,0.010406910188365075,4,5,14541416,14.541416,True,HAMMING_CORRECTED
HAMMING,13-18,6,92,3184,25472,25624,38436,12812,50.0,0.01,0.010406910188365075,4,3,14518792,14.518792,True,HAMMING_CORRECTED
HAMMING,13-18,6,93,3184,25472,25624,38436,12812,50.0,0.01,0.010406910188365075,4,3,14560792,14.560792,True,HAMMING_CORRECTED
HAMMING,13-18,6,94,3184,25472,25624,38436,12812,50.0,0.01,0.010406910188365075,4,4,14517709,14.517709,True,HAMMING_CORRECTED
HAMMING,13-18,6,95,3184,25472,25624,38436,12812,50.0,0.01,0.010406910188365075,4,6,14555958,14.555958,True,HAMMING_CORRECTED
HAMMING,13-18,6,96,3184,25472,25624,38436,12812,50.0,0.01,0.010406910188365075,4,1,14463959,14.463959,True,HAMMING_CORRECTED
HAMMING,13-18,6,97,3184,25472,25624,38436,12812,50.0,0.01,0.010406910188365075,4,0,14794625,14.794625,True,CLEAN
HAMMING,13-18,6,98,3184,25472,25624,38436,12812,50.0,0.01,0.010406910188365075,4,4,14417667,14.417667,True,HAMMING_CORRECTED
HAMMING,13-18,6,99,3184,25472,25624,38436,12812,50.0,0.01,0.010406910188365075,4,4,14470416,14.470416,True,HAMMING_CORRECTED
HAMMING,13-18,6,100,3184,25472,25624,38436,12812,50.0,0.01,0.010406910188365075,4,4,14570125,14.570125,True,HAMMING_CORRECTED
HAMMING,13-18,6,1,3184,25472,25624,38436,12812,50.0,0.1,0.0988656467894682,38,36,15049125,15.049125,True,HAMMING_CORRECTED
HAMMING,13-18,6,2,3184,25472,25624,38436,12812,50.0,0.1,0.0988656467894682,38,37,14643375,14.643375,True,HAMMING_CORRECTED
HAMMING,13-18,6,3,3184,25472,25624,38436,12812,50.0,0.1,0.0988656467894682,38,54,14584958,14.584958,True,HAMMING_CORRECTED
HAMMING,13-18,6,4,3184,25472,25624,38436,12812,50.0,0.1,0.0988656467894682,38,40,14625084,14.625084,True,HAMMING_CORRECTED
HAMMING,13-18,6,5,3184,25472,25624,38436,12812,50.0,0.1,0.0988656467894682,38,37,14599917,14.599917,True,HAMMING_CORRECTED
HAMMING,13-18,6,6,3184,25472,25624,38436,12812,50.0,0.1,0.0988656467894682,38,36,14642500,14.6425,True,HAMMING_CORRECTED
HAMMING,13-18,6,7,3184,25472,25624,38436,12812,50.0,0.1,0.0988656467894682,38,45,14555166,14.555166,True,HAMMING_CORRECTED
HAMMING,13-18,6,8,3184,25472,25624,38436,12812,50.0,0.1,0.0988656467894682,38,33,14660542,14.660542,True,HAMMING_CORRECTED
HAMMING,13-18,6,9,3184,25472,25624,38436,12812,50.0,0.1,0.0988656467894682,38,42,14612541,14.612541,True,HAMMING_CORRECTED
HAMMING,13-18,6,10,3184,25472,25624,38436,12812,50.0,0.1,0.0988656467894682,38,26,14604333,14.604333,True,HAMMING_CORRECTED
HAMMING,13-18,6,11,3184,25472,25624,38436,12812,50.0,0.1,0.0988656467894682,38,37,14593125,14.593125,True,HAMMING_CORRECTED
HAMMING,13-18,6,12,3184,25472,25624,38436,12812,50.0,0.1,0.0988656467894682,38,47,14573291,14.573291,True,HAMMING_CORRECTED
HAMMING,13-18,6,13,3184,25472,25624,38436,12812,50.0,0.1,0.0988656467894682,38,31,14658000,14.658,,HAMMING_RECOVERY_FAILED
HAMMING,13-18,6,14,3184,25472,25624,38436,12812,50.0,0.1,0.0988656467894682,38,39,14595542,14.595542,True,HAMMING_CORRECTED
HAMMING,13-18,6,15,3184,25472,25624,38436,12812,50.0,0.1,0.0988656467894682,38,40,14457125,14.457125,,HAMMING_RECOVERY_FAILED
HAMMING,13-18,6,16,3184,25472,25624,38436,12812,50.0,0.1,0.0988656467894682,38,38,14716333,14.716333,True,HAMMING_CORRECTED
HAMMING,13-18,6,17,3184,25472,25624,38436,12812,50.0,0.1,0.0988656467894682,38,42,14856417,14.856417,True,HAMMING_CORRECTED
HAMMING,13-18,6,18,3184,25472,25624,38436,12812,50.0,0.1,0.0988656467894682,38,35,14668125,14.668125,True,HAMMING_CORRECTED
HAMMING,13-18,6,19,3184,25472,25624,38436,12812,50.0,0.1,0.0988656467894682,38,26,14685125,14.685125,True,HAMMING_CORRECTED
HAMMING,13-18,6,20,3184,25472,25624,38436,12812,50.0,0.1,0.0988656467894682,38,42,14659667,14.659667,True,HAMMING_CORRECTED
HAMMING,13-18,6,21,3184,25472,25624,38436,12812,50.0,0.1,0.0988656467894682,38,37,14545084,14.545084,True,HAMMING_CORRECTED
HAMMING,13-18,6,22,3184,25472,25624,38436,12812,50.0,0.1,0.0988656467894682,38,38,14543875,14.543875,True,HAMMING_CORRECTED
HAMMING,13-18,6,23,3184,25472,25624,38436,12812,50.0,0.1,0.0988656467894682,38,42,14535625,14.535625,False,HAMMING_RECOVERY_FAILED
HAMMING,13-18,6,24,3184,25472,25624,38436,12812,50.0,0.1,0.0988656467894682,38,47,14699875,14.699875,True,HAMMING_CORRECTED
HAMMING,13-18,6,25,3184,25472,25624,38436,12812,50.0,0.1,0.0988656467894682,38,47,14585125,14.585125,True,HAMMING_CORRECTED
HAMMING,13-18,6,26,3184,25472,25624,38436,12812,50.0,0.1,0.0988656467894682,38,40,14535875,14.535875,False,HAMMING_RECOVERY_FAILED
HAMMING,13-18,6,27,3184,25472,25624,38436,12812,50.0,0.1,0.0988656467894682,38,32,14645708,14.645708,True,HAMMING_CORRECTED
HAMMING,13-18,6,28,3184,25472,25624,38436,12812,50.0,0.1,0.0988656467894682,38,36,14636958,14.636958,True,HAMMING_CORRECTED
HAMMING,13-18,6,29,3184,25472,25624,38436,12812,50.0,0.1,0.0988656467894682,38,38,14474209,14.474209,True,HAMMING_CORRECTED
HAMMING,13-18,6,30,3184,25472,25624,38436,12812,50.0,0.1,0.0988656467894682,38,37,14590458,14.590458,,HAMMING_RECOVERY_FAILED
HAMMING,13-18,6,31,3184,25472,25624,38436,12812,50.0,0.1,0.0988656467894682,38,35,14495709,14.495709,True,HAMMING_CORRECTED
HAMMING,13-18,6,32,3184,25472,25624,38436,12812,50.0,0.1,0.0988656467894682,38,46,14521875,14.521875,True,HAMMING_CORRECTED
HAMMING,13-18,6,33,3184,25472,25624,38436,12812,50.0,0.1,0.0988656467894682,38,38,14562291,14.562291,True,HAMMING_CORRECTED
HAMMING,13-18,6,34,3184,25472,25624,38436,12812,50.0,0.1,0.0988656467894682,38,37,14571292,14.571292,True,HAMMING_CORRECTED
HAMMING,13-18,6,35,3184,25472,25624,38436,12812,50.0,0.1,0.0988656467894682,38,46,14505458,14.505458,True,HAMMING_CORRECTED
HAMMING,13-18,6,36,3184,25472,25624,38436,12812,50.0,0.1,0.0988656467894682,38,49,14485875,14.485875,True,HAMMING_CORRECTED
HAMMING,13-18,6,37,3184,25472,25624,38436,12812,50.0,0.1,0.0988656467894682,38,48,14525458,14.525458,True,HAMMING_CORRECTED
HAMMING,13-18,6,38,3184,25472,25624,38436,12812,50.0,0.1,0.0988656467894682,38,39,14533375,14.533375,True,HAMMING_CORRECTED
HAMMING,13-18,6,39,3184,25472,25624,38436,12812,50.0,0.1,0.0988656467894682,38,32,14584500,14.5845,True,HAMMING_CORRECTED
HAMMING,13-18,6,40,3184,25472,25624,38436,12812,50.0,0.1,0.0988656467894682,38,39,14577958,14.577958,True,HAMMING_CORRECTED
HAMMING,13-18,6,41,3184,25472,25624,38436,12812,50.0,0.1,0.0988656467894682,38,43,14512458,14.512458,True,HAMMING_CORRECTED
HAMMING,13-18,6,42,3184,25472,25624,38436,12812,50.0,0.1,0.0988656467894682,38,42,14596000,14.596,True,HAMMING_CORRECTED
HAMMING,13-18,6,43,3184,25472,25624,38436,12812,50.0,0.1,0.0988656467894682,38,32,14553333,14.553333,True,HAMMING_CORRECTED
HAMMING,13-18,6,44,3184,25472,25624,38436,12812,50.0,0.1,0.0988656467894682,38,33,14640500,14.6405,True,HAMMING_CORRECTED
HAMMING,13-18,6,45,3184,25472,25624,38436,12812,50.0,0.1,0.0988656467894682,38,44,14352125,14.352125,,HAMMING_RECOVERY_FAILED
HAMMING,13-18,6,46,3184,25472,25624,38436,12812,50.0,0.1,0.0988656467894682,38,43,14603875,14.603875,True,HAMMING_CORRECTED
HAMMING,13-18,6,47,3184,25472,25624,38436,12812,50.0,0.1,0.0988656467894682,38,37,14632791,14.632791,True,HAMMING_CORRECTED
HAMMING,13-18,6,48,3184,25472,25624,38436,12812,50.0,0.1,0.0988656467894682,38,29,14714834,14.714834,True,HAMMING_CORRECTED
HAMMING,13-18,6,49,3184,25472,25624,38436,12812,50.0,0.1,0.0988656467894682,38,29,14642416,14.642416,True,HAMMING_CORRECTED
HAMMING,13-18,6,50,3184,25472,25624,38436,12812,50.0,0.1,0.0988656467894682,38,39,14687500,14.6875,True,HAMMING_CORRECTED
HAMMING,13-18,6,51,3184,25472,25624,38436,12812,50.0,0.1,0.0988656467894682,38,37,14721708,14.721708,True,HAMMING_CORRECTED
HAMMING,13-18,6,52,3184,25472,25624,38436,12812,50.0,0.1,0.0988656467894682,38,42,14640250,14.64025,True,HAMMING_CORRECTED
HAMMING,13-18,6,53,3184,25472,25624,38436,12812,50.0,0.1,0.0988656467894682,38,35,14653833,14.653833,True,HAMMING_CORRECTED
HAMMING,13-18,6,54,3184,25472,25624,38436,12812,50.0,0.1,0.0988656467894682,38,39,14671292,14.671292,True,HAMMING_CORRECTED
HAMMING,13-18,6,55,3184,25472,25624,38436,12812,50.0,0.1,0.0988656467894682,38,31,14686709,14.686709,True,HAMMING_CORRECTED
HAMMING,13-18,6,56,3184,25472,25624,38436,12812,50.0,0.1,0.0988656467894682,38,34,14701541,14.701541,True,HAMMING_CORRECTED
HAMMING,13-18,6,57,3184,25472,25624,38436,12812,50.0,0.1,0.0988656467894682,38,28,14598708,14.598708,True,HAMMING_CORRECTED
HAMMING,13-18,6,58,3184,25472,25624,38436,12812,50.0,0.1,0.0988656467894682,38,33,14715875,14.715875,True,HAMMING_CORRECTED
HAMMING,13-18,6,59,3184,25472,25624,38436,12812,50.0,0.1,0.0988656467894682,38,37,14731667,14.731667,True,HAMMING_CORRECTED
HAMMING,13-18,6,60,3184,25472,25624,38436,12812,50.0,0.1,0.0988656467894682,38,39,14817750,14.81775,True,HAMMING_CORRECTED
HAMMING,13-18,6,61,3184,25472,25624,38436,12812,50.0,0.1,0.0988656467894682,38,45,14744291,14.744291,,HAMMING_RECOVERY_FAILED
HAMMING,13-18,6,62,3184,25472,25624,38436,12812,50.0,0.1,0.0988656467894682,38,42,14676958,14.676958,True,HAMMING_CORRECTED
HAMMING,13-18,6,63,3184,25472,25624,38436,12812,50.0,0.1,0.0988656467894682,38,26,14639042,14.639042,True,HAMMING_CORRECTED
HAMMING,13-18,6,64,3184,25472,25624,38436,12812,50.0,0.1,0.0988656467894682,38,40,14641875,14.641875,True,HAMMING_CORRECTED
HAMMING,13-18,6,65,3184,25472,25624,38436,12812,50.0,0.1,0.0988656467894682,38,42,14670959,14.670959,True,HAMMING_CORRECTED
HAMMING,13-18,6,66,3184,25472,25624,38436,12812,50.0,0.1,0.0988656467894682,38,28,14619375,14.619375,True,HAMMING_CORRECTED
HAMMING,13-18,6,67,3184,25472,25624,38436,12812,50.0,0.1,0.0988656467894682,38,22,14830750,14.83075,True,HAMMING_CORRECTED
HAMMING,13-18,6,68,3184,25472,25624,38436,12812,50.0,0.1,0.0988656467894682,38,53,14733209,14.733209,True,HAMMING_CORRECTED
HAMMING,13-18,6,69,3184,25472,25624,38436,12812,50.0,0.1,0.0988656467894682,38,36,14647000,14.647,True,HAMMING_CORRECTED
HAMMING,13-18,6,70,3184,25472,25624,38436,12812,50.0,0.1,0.0988656467894682,38,39,14720916,14.720916,True,HAMMING_CORRECTED
HAMMING,13-18,6,71,3184,25472,25624,38436,12812,50.0,0.1,0.0988656467894682,38,37,14719042,14.719042,True,HAMMING_CORRECTED
HAMMING,13-18,6,72,3184,25472,25624,38436,12812,50.0,0.1,0.0988656467894682,38,36,14520459,14.520459,True,HAMMING_CORRECTED
HAMMING,13-18,6,73,3184,25472,25624,38436,12812,50.0,0.1,0.0988656467894682,38,35,14591666,14.591666,False,HAMMING_RECOVERY_FAILED
HAMMING,13-18,6,74,3184,25472,25624,38436,12812,50.0,0.1,0.0988656467894682,38,37,14568250,14.56825,True,HAMMING_CORRECTED
HAMMING,13-18,6,75,3184,25472,25624,38436,12812,50.0,0.1,0.0988656467894682,38,36,14613542,14.613542,True,HAMMING_CORRECTED
HAMMING,13-18,6,76,3184,25472,25624,38436,12812,50.0,0.1,0.0988656467894682,38,36,14619459,14.619459,True,HAMMING_CORRECTED
HAMMING,13-18,6,77,3184,25472,25624,38436,12812,50.0,0.1,0.0988656467894682,38,38,14706333,14.706333,True,HAMMING_CORRECTED
HAMMING,13-18,6,78,3184,25472,25624,38436,12812,50.0,0.1,0.0988656467894682,38,30,14620667,14.620667,True,HAMMING_CORRECTED
HAMMING,13-18,6,79,3184,25472,25624,38436,12812,50.0,0.1,0.0988656467894682,38,38,14601459,14.601459,True,HAMMING_CORRECTED
HAMMING,13-18,6,80,3184,25472,25624,38436,12812,50.0,0.1,0.0988656467894682,38,42,14596833,14.596833,True,HAMMING_CORRECTED
HAMMING,13-18,6,81,3184,25472,25624,38436,12812,50.0,0.1,0.0988656467894682,38,40,15761083,15.761083,True,HAMMING_CORRECTED
HAMMING,13-18,6,82,3184,25472,25624,38436,12812,50.0,0.1,0.0988656467894682,38,36,15314584,15.314584,True,HAMMING_CORRECTED
HAMMING,13-18,6,83,3184,25472,25624,38436,12812,50.0,0.1,0.0988656467894682,38,43,15271083,15.271083,True,HAMMING_CORRECTED
HAMMING,13-18,6,84,3184,25472,25624,38436,12812,50.0,0.1,0.0988656467894682,38,38,17915000,17.915,True,HAMMING_CORRECTED
HAMMING,13-18,6,85,3184,25472,25624,38436,12812,50.0,0.1,0.0988656467894682,38,45,18889417,18.889417,,HAMMING_RECOVERY_FAILED
HAMMING,13-18,6,86,3184,25472,25624,38436,12812,50.0,0.1,0.0988656467894682,38,34,15213750,15.21375,True,HAMMING_CORRECTED
HAMMING,13-18,6,87,3184,25472,25624,38436,12812,50.0,0.1,0.0988656467894682,38,33,20270375,20.270375,True,HAMMING_CORRECTED
HAMMING,13-18,6,88,3184,25472,25624,38436,12812,50.0,0.1,0.0988656467894682,38,35,15015417,15.015417,True,HAMMING_CORRECTED
HAMMING,13-18,6,89,3184,25472,25624,38436,12812,50.0,0.1,0.0988656467894682,38,35,14688875,14.688875,,HAMMING_RECOVERY_FAILED
HAMMING,13-18,6,90,3184,25472,25624,38436,12812,50.0,0.1,0.0988656467894682,38,31,14873125,14.873125,True,HAMMING_CORRECTED
HAMMING,13-18,6,91,3184,25472,25624,38436,12812,50.0,0.1,0.0988656467894682,38,46,14619292,14.619292,False,HAMMING_RECOVERY_FAILED
HAMMING,13-18,6,92,3184,25472,25624,38436,12812,50.0,0.1,0.0988656467894682,38,36,14671333,14.671333,True,HAMMING_CORRECTED
HAMMING,13-18,6,93,3184,25472,25624,38436,12812,50.0,0.1,0.0988656467894682,38,32,14409125,14.409125,,HAMMING_RECOVERY_FAILED
HAMMING,13-18,6,94,3184,25472,25624,38436,12812,50.0,0.1,0.0988656467894682,38,38,14649542,14.649542,True,HAMMING_CORRECTED
HAMMING,13-18,6,95,3184,25472,25624,38436,12812,50.0,0.1,0.0988656467894682,38,39,14654167,14.654167,True,HAMMING_CORRECTED
HAMMING,13-18,6,96,3184,25472,25624,38436,12812,50.0,0.1,0.0988656467894682,38,38,14566375,14.566375,False,HAMMING_RECOVERY_FAILED
HAMMING,13-18,6,97,3184,25472,25624,38436,12812,50.0,0.1,0.0988656467894682,38,55,14662625,14.662625,True,HAMMING_CORRECTED
HAMMING,13-18,6,98,3184,25472,25624,38436,12812,50.0,0.1,0.0988656467894682,38,30,15121625,15.121625,True,HAMMING_CORRECTED
HAMMING,13-18,6,99,3184,25472,25624,38436,12812,50.0,0.1,0.0988656467894682,38,44,14639541,14.639541,False,HAMMING_RECOVERY_FAILED
HAMMING,13-18,6,100,3184,25472,25624,38436,12812,50.0,0.1,0.0988656467894682,38,40,14380916,14.380916,,HAMMING_RECOVERY_FAILED
HAMMING,13-18,6,1,3184,25472,25624,38436,12812,50.0,1.0,0.9990633780830472,384,391,14471625,14.471625,,HAMMING_RECOVERY_FAILED
HAMMING,13-18,6,2,3184,25472,25624,38436,12812,50.0,1.0,0.9990633780830472,384,374,14337917,14.337917,,HAMMING_RECOVERY_FAILED
HAMMING,13-18,6,3,3184,25472,25624,38436,12812,50.0,1.0,0.9990633780830472,384,378,14380625,14.380625,,HAMMING_RECOVERY_FAILED
HAMMING,13-18,6,4,3184,25472,25624,38436,12812,50.0,1.0,0.9990633780830472,384,383,14489750,14.48975,,HAMMING_RECOVERY_FAILED
HAMMING,13-18,6,5,3184,25472,25624,38436,12812,50.0,1.0,0.9990633780830472,384,372,14405042,14.405042,,HAMMING_RECOVERY_FAILED
HAMMING,13-18,6,6,3184,25472,25624,38436,12812,50.0,1.0,0.9990633780830472,384,373,14478250,14.47825,,HAMMING_RECOVERY_FAILED
HAMMING,13-18,6,7,3184,25472,25624,38436,12812,50.0,1.0,0.9990633780830472,384,361,14432250,14.43225,,HAMMING_RECOVERY_FAILED
HAMMING,13-18,6,8,3184,25472,25624,38436,12812,50.0,1.0,0.9990633780830472,384,390,14391416,14.391416,,HAMMING_RECOVERY_FAILED
HAMMING,13-18,6,9,3184,25472,25624,38436,12812,50.0,1.0,0.9990633780830472,384,404,14382292,14.382292,,HAMMING_RECOVERY_FAILED
HAMMING,13-18,6,10,3184,25472,25624,38436,12812,50.0,1.0,0.9990633780830472,384,355,14380291,14.380291,,HAMMING_RECOVERY_FAILED
HAMMING,13-18,6,11,3184,25472,25624,38436,12812,50.0,1.0,0.9990633780830472,384,402,14386500,14.3865,,HAMMING_RECOVERY_FAILED
HAMMING,13-18,6,12,3184,25472,25624,38436,12812,50.0,1.0,0.9990633780830472,384,364,14405875,14.405875,,HAMMING_RECOVERY_FAILED
HAMMING,13-18,6,13,3184,25472,25624,38436,12812,50.0,1.0,0.9990633780830472,384,384,14361375,14.361375,,HAMMING_RECOVERY_FAILED
HAMMING,13-18,6,14,3184,25472,25624,38436,12812,50.0,1.0,0.9990633780830472,384,371,14348166,14.348166,,HAMMING_RECOVERY_FAILED
HAMMING,13-18,6,15,3184,25472,25624,38436,12812,50.0,1.0,0.9990633780830472,384,377,14345042,14.345042,,HAMMING_RECOVERY_FAILED
HAMMING,13-18,6,16,3184,25472,25624,38436,12812,50.0,1.0,0.9990633780830472,384,340,14447000,14.447,,HAMMING_RECOVERY_FAILED
HAMMING,13-18,6,17,3184,25472,25624,38436,12812,50.0,1.0,0.9990633780830472,384,355,14665833,14.665833,,HAMMING_RECOVERY_FAILED
HAMMING,13-18,6,18,3184,25472,25624,38436,12812,50.0,1.0,0.9990633780830472,384,382,14732250,14.73225,,HAMMING_RECOVERY_FAILED
HAMMING,13-18,6,19,3184,25472,25624,38436,12812,50.0,1.0,0.9990633780830472,384,399,14715708,14.715708,,HAMMING_RECOVERY_FAILED
HAMMING,13-18,6,20,3184,25472,25624,38436,12812,50.0,1.0,0.9990633780830472,384,356,14649208,14.649208,,HAMMING_RECOVERY_FAILED
HAMMING,13-18,6,21,3184,25472,25624,38436,12812,50.0,1.0,0.9990633780830472,384,364,14424125,14.424125,,HAMMING_RECOVERY_FAILED
HAMMING,13-18,6,22,3184,25472,25624,38436,12812,50.0,1.0,0.9990633780830472,384,417,14470542,14.470542,,HAMMING_RECOVERY_FAILED
HAMMING,13-18,6,23,3184,25472,25624,38436,12812,50.0,1.0,0.9990633780830472,384,367,14336333,14.336333,,HAMMING_RECOVERY_FAILED
HAMMING,13-18,6,24,3184,25472,25624,38436,12812,50.0,1.0,0.9990633780830472,384,383,14459834,14.459834,,HAMMING_RECOVERY_FAILED
HAMMING,13-18,6,25,3184,25472,25624,38436,12812,50.0,1.0,0.9990633780830472,384,398,14589042,14.589042,,HAMMING_RECOVERY_FAILED
HAMMING,13-18,6,26,3184,25472,25624,38436,12812,50.0,1.0,0.9990633780830472,384,394,14483375,14.483375,,HAMMING_RECOVERY_FAILED
HAMMING,13-18,6,27,3184,25472,25624,38436,12812,50.0,1.0,0.9990633780830472,384,377,14552292,14.552292,,HAMMING_RECOVERY_FAILED
HAMMING,13-18,6,28,3184,25472,25624,38436,12812,50.0,1.0,0.9990633780830472,384,349,14429042,14.429042,,HAMMING_RECOVERY_FAILED
HAMMING,13-18,6,29,3184,25472,25624,38436,12812,50.0,1.0,0.9990633780830472,384,372,14542625,14.542625,,HAMMING_RECOVERY_FAILED
HAMMING,13-18,6,30,3184,25472,25624,38436,12812,50.0,1.0,0.9990633780830472,384,383,14542916,14.542916,,HAMMING_RECOVERY_FAILED
HAMMING,13-18,6,31,3184,25472,25624,38436,12812,50.0,1.0,0.9990633780830472,384,364,14896542,14.896542,,HAMMING_RECOVERY_FAILED
HAMMING,13-18,6,32,3184,25472,25624,38436,12812,50.0,1.0,0.9990633780830472,384,376,14784708,14.784708,,HAMMING_RECOVERY_FAILED
HAMMING,13-18,6,33,3184,25472,25624,38436,12812,50.0,1.0,0.9990633780830472,384,381,14361458,14.361458,,HAMMING_RECOVERY_FAILED
HAMMING,13-18,6,34,3184,25472,25624,38436,12812,50.0,1.0,0.9990633780830472,384,367,14288667,14.288667,,HAMMING_RECOVERY_FAILED
HAMMING,13-18,6,35,3184,25472,25624,38436,12812,50.0,1.0,0.9990633780830472,384,388,14267791,14.267791,,HAMMING_RECOVERY_FAILED
HAMMING,13-18,6,36,3184,25472,25624,38436,12812,50.0,1.0,0.9990633780830472,384,398,14346125,14.346125,,HAMMING_RECOVERY_FAILED
HAMMING,13-18,6,37,3184,25472,25624,38436,12812,50.0,1.0,0.9990633780830472,384,409,14288500,14.2885,,HAMMING_RECOVERY_FAILED
HAMMING,13-18,6,38,3184,25472,25624,38436,12812,50.0,1.0,0.9990633780830472,384,401,14277042,14.277042,,HAMMING_RECOVERY_FAILED
HAMMING,13-18,6,39,3184,25472,25624,38436,12812,50.0,1.0,0.9990633780830472,384,422,14304500,14.3045,,HAMMING_RECOVERY_FAILED
HAMMING,13-18,6,40,3184,25472,25624,38436,12812,50.0,1.0,0.9990633780830472,384,379,14299208,14.299208,,HAMMING_RECOVERY_FAILED
HAMMING,13-18,6,41,3184,25472,25624,38436,12812,50.0,1.0,0.9990633780830472,384,402,14364792,14.364792,,HAMMING_RECOVERY_FAILED
HAMMING,13-18,6,42,3184,25472,25624,38436,12812,50.0,1.0,0.9990633780830472,384,381,14405250,14.40525,,HAMMING_RECOVERY_FAILED
HAMMING,13-18,6,43,3184,25472,25624,38436,12812,50.0,1.0,0.9990633780830472,384,391,14358625,14.358625,,HAMMING_RECOVERY_FAILED
HAMMING,13-18,6,44,3184,25472,25624,38436,12812,50.0,1.0,0.9990633780830472,384,387,14324375,14.324375,,HAMMING_RECOVERY_FAILED
HAMMING,13-18,6,45,3184,25472,25624,38436,12812,50.0,1.0,0.9990633780830472,384,417,14326083,14.326083,,HAMMING_RECOVERY_FAILED
HAMMING,13-18,6,46,3184,25472,25624,38436,12812,50.0,1.0,0.9990633780830472,384,410,14310500,14.3105,,HAMMING_RECOVERY_FAILED
HAMMING,13-18,6,47,3184,25472,25624,38436,12812,50.0,1.0,0.9990633780830472,384,385,14293750,14.29375,,HAMMING_RECOVERY_FAILED
HAMMING,13-18,6,48,3184,25472,25624,38436,12812,50.0,1.0,0.9990633780830472,384,356,14321584,14.321584,,HAMMING_RECOVERY_FAILED
HAMMING,13-18,6,49,3184,25472,25624,38436,12812,50.0,1.0,0.9990633780830472,384,394,14340583,14.340583,,HAMMING_RECOVERY_FAILED
HAMMING,13-18,6,50,3184,25472,25624,38436,12812,50.0,1.0,0.9990633780830472,384,392,14228042,14.228042,,HAMMING_RECOVERY_FAILED
HAMMING,13-18,6,51,3184,25472,25624,38436,12812,50.0,1.0,0.9990633780830472,384,393,14353084,14.353084,,HAMMING_RECOVERY_FAILED
HAMMING,13-18,6,52,3184,25472,25624,38436,12812,50.0,1.0,0.9990633780830472,384,384,14322584,14.322584,,HAMMING_RECOVERY_FAILED
HAMMING,13-18,6,53,3184,25472,25624,38436,12812,50.0,1.0,0.9990633780830472,384,391,14641583,14.641583,,HAMMING_RECOVERY_FAILED
HAMMING,13-18,6,54,3184,25472,25624,38436,12812,50.0,1.0,0.9990633780830472,384,358,14364000,14.364,,HAMMING_RECOVERY_FAILED
HAMMING,13-18,6,55,3184,25472,25624,38436,12812,50.0,1.0,0.9990633780830472,384,419,14423042,14.423042,,HAMMING_RECOVERY_FAILED
HAMMING,13-18,6,56,3184,25472,25624,38436,12812,50.0,1.0,0.9990633780830472,384,412,14408917,14.408917,,HAMMING_RECOVERY_FAILED
HAMMING,13-18,6,57,3184,25472,25624,38436,12812,50.0,1.0,0.9990633780830472,384,367,14395083,14.395083,,HAMMING_RECOVERY_FAILED
HAMMING,13-18,6,58,3184,25472,25624,38436,12812,50.0,1.0,0.9990633780830472,384,372,14330917,14.330917,,HAMMING_RECOVERY_FAILED
HAMMING,13-18,6,59,3184,25472,25624,38436,12812,50.0,1.0,0.9990633780830472,384,377,14397291,14.397291,,HAMMING_RECOVERY_FAILED
HAMMING,13-18,6,60,3184,25472,25624,38436,12812,50.0,1.0,0.9990633780830472,384,374,14309833,14.309833,,HAMMING_RECOVERY_FAILED
HAMMING,13-18,6,61,3184,25472,25624,38436,12812,50.0,1.0,0.9990633780830472,384,391,14378000,14.378,,HAMMING_RECOVERY_FAILED
HAMMING,13-18,6,62,3184,25472,25624,38436,12812,50.0,1.0,0.9990633780830472,384,383,14229583,14.229583,,HAMMING_RECOVERY_FAILED
HAMMING,13-18,6,63,3184,25472,25624,38436,12812,50.0,1.0,0.9990633780830472,384,410,14300500,14.3005,,HAMMING_RECOVERY_FAILED
HAMMING,13-18,6,64,3184,25472,25624,38436,12812,50.0,1.0,0.9990633780830472,384,412,14294583,14.294583,,HAMMING_RECOVERY_FAILED
HAMMING,13-18,6,65,3184,25472,25624,38436,12812,50.0,1.0,0.9990633780830472,384,377,14295542,14.295542,,HAMMING_RECOVERY_FAILED
HAMMING,13-18,6,66,3184,25472,25624,38436,12812,50.0,1.0,0.9990633780830472,384,408,14374083,14.374083,,HAMMING_RECOVERY_FAILED
HAMMING,13-18,6,67,3184,25472,25624,38436,12812,50.0,1.0,0.9990633780830472,384,381,14246834,14.246834,,HAMMING_RECOVERY_FAILED
HAMMING,13-18,6,68,3184,25472,25624,38436,12812,50.0,1.0,0.9990633780830472,384,363,14544834,14.544834,,HAMMING_RECOVERY_FAILED
HAMMING,13-18,6,69,3184,25472,25624,38436,12812,50.0,1.0,0.9990633780830472,384,400,14315959,14.315959,,HAMMING_RECOVERY_FAILED
HAMMING,13-18,6,70,3184,25472,25624,38436,12812,50.0,1.0,0.9990633780830472,384,360,14308459,14.308459,,HAMMING_RECOVERY_FAILED
HAMMING,13-18,6,71,3184,25472,25624,38436,12812,50.0,1.0,0.9990633780830472,384,413,14406708,14.406708,,HAMMING_RECOVERY_FAILED
HAMMING,13-18,6,72,3184,25472,25624,38436,12812,50.0,1.0,0.9990633780830472,384,377,14373833,14.373833,,HAMMING_RECOVERY_FAILED
HAMMING,13-18,6,73,3184,25472,25624,38436,12812,50.0,1.0,0.9990633780830472,384,407,14342541,14.342541,,HAMMING_RECOVERY_FAILED
HAMMING,13-18,6,74,3184,25472,25624,38436,12812,50.0,1.0,0.9990633780830472,384,381,14320541,14.320541,,HAMMING_RECOVERY_FAILED
HAMMING,13-18,6,75,3184,25472,25624,38436,12812,50.0,1.0,0.9990633780830472,384,383,14444208,14.444208,,HAMMING_RECOVERY_FAILED
HAMMING,13-18,6,76,3184,25472,25624,38436,12812,50.0,1.0,0.9990633780830472,384,359,14348709,14.348709,,HAMMING_RECOVERY_FAILED
HAMMING,13-18,6,77,3184,25472,25624,38436,12812,50.0,1.0,0.9990633780830472,384,379,14344709,14.344709,,HAMMING_RECOVERY_FAILED
HAMMING,13-18,6,78,3184,25472,25624,38436,12812,50.0,1.0,0.9990633780830472,384,391,14386416,14.386416,,HAMMING_RECOVERY_FAILED
HAMMING,13-18,6,79,3184,25472,25624,38436,12812,50.0,1.0,0.9990633780830472,384,347,14444291,14.444291,,HAMMING_RECOVERY_FAILED
HAMMING,13-18,6,80,3184,25472,25624,38436,12812,50.0,1.0,0.9990633780830472,384,391,14321542,14.321542,,HAMMING_RECOVERY_FAILED
HAMMING,13-18,6,81,3184,25472,25624,38436,12812,50.0,1.0,0.9990633780830472,384,390,14328042,14.328042,,HAMMING_RECOVERY_FAILED
HAMMING,13-18,6,82,3184,25472,25624,38436,12812,50.0,1.0,0.9990633780830472,384,372,14310459,14.310459,,HAMMING_RECOVERY_FAILED
HAMMING,13-18,6,83,3184,25472,25624,38436,12812,50.0,1.0,0.9990633780830472,384,348,14228542,14.228542,,HAMMING_RECOVERY_FAILED
HAMMING,13-18,6,84,3184,25472,25624,38436,12812,50.0,1.0,0.9990633780830472,384,408,14267416,14.267416,,HAMMING_RECOVERY_FAILED
HAMMING,13-18,6,85,3184,25472,25624,38436,12812,50.0,1.0,0.9990633780830472,384,369,14466459,14.466459,,HAMMING_RECOVERY_FAILED
HAMMING,13-18,6,86,3184,25472,25624,38436,12812,50.0,1.0,0.9990633780830472,384,370,14316834,14.316834,,HAMMING_RECOVERY_FAILED
HAMMING,13-18,6,87,3184,25472,25624,38436,12812,50.0,1.0,0.9990633780830472,384,371,14319042,14.319042,,HAMMING_RECOVERY_FAILED
HAMMING,13-18,6,88,3184,25472,25624,38436,12812,50.0,1.0,0.9990633780830472,384,363,14441125,14.441125,,HAMMING_RECOVERY_FAILED
HAMMING,13-18,6,89,3184,25472,25624,38436,12812,50.0,1.0,0.9990633780830472,384,358,14399250,14.39925,,HAMMING_RECOVERY_FAILED
HAMMING,13-18,6,90,3184,25472,25624,38436,12812,50.0,1.0,0.9990633780830472,384,376,14310750,14.31075,,HAMMING_RECOVERY_FAILED
HAMMING,13-18,6,91,3184,25472,25624,38436,12812,50.0,1.0,0.9990633780830472,384,385,14484209,14.484209,,HAMMING_RECOVERY_FAILED
HAMMING,13-18,6,92,3184,25472,25624,38436,12812,50.0,1.0,0.9990633780830472,384,375,14470791,14.470791,,HAMMING_RECOVERY_FAILED
HAMMING,13-18,6,93,3184,25472,25624,38436,12812,50.0,1.0,0.9990633780830472,384,376,14453500,14.4535,,HAMMING_RECOVERY_FAILED
HAMMING,13-18,6,94,3184,25472,25624,38436,12812,50.0,1.0,0.9990633780830472,384,358,14366041,14.366041,,HAMMING_RECOVERY_FAILED
HAMMING,13-18,6,95,3184,25472,25624,38436,12812,50.0,1.0,0.9990633780830472,384,393,14378875,14.378875,,HAMMING_RECOVERY_FAILED
HAMMING,13-18,6,96,3184,25472,25624,38436,12812,50.0,1.0,0.9990633780830472,384,399,14296375,14.296375,,HAMMING_RECOVERY_FAILED
HAMMING,13-18,6,97,3184,25472,25624,38436,12812,50.0,1.0,0.9990633780830472,384,377,14566458,14.566458,,HAMMING_RECOVERY_FAILED
HAMMING,13-18,6,98,3184,25472,25624,38436,12812,50.0,1.0,0.9990633780830472,384,386,14327042,14.327042,,HAMMING_RECOVERY_FAILED
HAMMING,13-18,6,99,3184,25472,25624,38436,12812,50.0,1.0,0.9990633780830472,384,369,14590709,14.590709,,HAMMING_RECOVERY_FAILED
HAMMING,13-18,6,100,3184,25472,25624,38436,12812,50.0,1.0,0.9990633780830472,384,390,14229250,14.22925,,HAMMING_RECOVERY_FAILED
