algorithm,pages,page_count,repetition,payload_characters,payload_bits,serialized_data_bits,codeword_bits,redundancy_bits,overhead_percentage,configured_error_probability_percent,effective_error_probability_percent,configured_average_flips,actual_flips,round_trip_nanoseconds,round_trip_milliseconds,recovered_message_matches,status
CRC32,13,1,1,543,4344,4496,4528,32,0.7117437722419928,0.0,0.0,0,0,4713667,4.713667,True,CLEAN
CRC32,13,1,2,543,4344,4496,4528,32,0.7117437722419928,0.0,0.0,0,0,4604000,4.604,True,CLEAN
CRC32,13,1,3,543,4344,4496,4528,32,0.7117437722419928,0.0,0.0,0,0,4397875,4.397875,True,CLEAN
CRC32,13,1,4,543,4344,4496,4528,32,0.7117437722419928,0.0,0.0,0,0,4388750,4.38875,True,CLEAN
CRC32,13,1,5,543,4344,4496,4528,32,0.7117437722419928,0.0,0.0,0,0,4504250,4.50425,True,CLEAN
CRC32,13,1,6,543,4344,4496,4528,32,0.7117437722419928,0.0,0.0,0,0,4445417,4.445417,True,CLEAN
CRC32,13,1,7,543,4344,4496,4528,32,0.7117437722419928,0.0,0.0,0,0,4576125,4.576125,True,CLEAN
CRC32,13,1,8,543,4344,4496,4528,32,0.7117437722419928,0.0,0.0,0,0,4382375,4.382375,True,CLEAN
CRC32,13,1,9,543,4344,4496,4528,32,0.7117437722419928,0.0,0.0,0,0,4388375,4.388375,True,CLEAN
CRC32,13,1,10,543,4344,4496,4528,32,0.7117437722419928,0.0,0.0,0,0,4451375,4.451375,True,CLEAN
CRC32,13,1,11,543,4344,4496,4528,32,0.7117437722419928,0.0,0.0,0,0,4405459,4.405459,True,CLEAN
CRC32,13,1,12,543,4344,4496,4528,32,0.7117437722419928,0.0,0.0,0,0,4477625,4.477625,True,CLEAN
CRC32,13,1,13,543,4344,4496,4528,32,0.7117437722419928,0.0,0.0,0,0,4343750,4.34375,True,CLEAN
CRC32,13,1,14,543,4344,4496,4528,32,0.7117437722419928,0.0,0.0,0,0,4535625,4.535625,True,CLEAN
CRC32,13,1,15,543,4344,4496,4528,32,0.7117437722419928,0.0,0.0,0,0,4499958,4.499958,True,CLEAN
CRC32,13,1,16,543,4344,4496,4528,32,0.7117437722419928,0.0,0.0,0,0,4432166,4.432166,True,CLEAN
CRC32,13,1,17,543,4344,4496,4528,32,0.7117437722419928,0.0,0.0,0,0,4499750,4.49975,True,CLEAN
CRC32,13,1,18,543,4344,4496,4528,32,0.7117437722419928,0.0,0.0,0,0,4406458,4.406458,True,CLEAN
CRC32,13,1,19,543,4344,4496,4528,32,0.7117437722419928,0.0,0.0,0,0,4474083,4.474083,True,CLEAN
CRC32,13,1,20,543,4344,4496,4528,32,0.7117437722419928,0.0,0.0,0,0,4407334,4.407334,True,CLEAN
CRC32,13,1,21,543,4344,4496,4528,32,0.7117437722419928,0.0,0.0,0,0,4361042,4.361042,True,CLEAN
CRC32,13,1,22,543,4344,4496,4528,32,0.7117437722419928,0.0,0.0,0,0,4405875,4.405875,True,CLEAN
CRC32,13,1,23,543,4344,4496,4528,32,0.7117437722419928,0.0,0.0,0,0,4366958,4.366958,True,CLEAN
CRC32,13,1,24,543,4344,4496,4528,32,0.7117437722419928,0.0,0.0,0,0,4349292,4.349292,True,CLEAN
CRC32,13,1,25,543,4344,4496,4528,32,0.7117437722419928,0.0,0.0,0,0,4531625,4.531625,True,CLEAN
CRC32,13,1,26,543,4344,4496,4528,32,0.7117437722419928,0.0,0.0,0,0,4435042,4.435042,True,CLEAN
CRC32,13,1,27,543,4344,4496,4528,32,0.7117437722419928,0.0,0.0,0,0,4437750,4.43775,True,CLEAN
CRC32,13,1,28,543,4344,4496,4528,32,0.7117437722419928,0.0,0.0,0,0,4347000,4.347,True,CLEAN
CRC32,13,1,29,543,4344,4496,4528,32,0.7117437722419928,0.0,0.0,0,0,4425375,4.425375,True,CLEAN
CRC32,13,1,30,543,4344,4496,4528,32,0.7117437722419928,0.0,0.0,0,0,4352166,4.352166,True,CLEAN
CRC32,13,1,31,543,4344,4496,4528,32,0.7117437722419928,0.0,0.0,0,0,4420584,4.420584,True,CLEAN
CRC32,13,1,32,543,4344,4496,4528,32,0.7117437722419928,0.0,0.0,0,0,4395459,4.395459,True,CLEAN
CRC32,13,1,33,543,4344,4496,4528,32,0.7117437722419928,0.0,0.0,0,0,4473750,4.47375,True,CLEAN
CRC32,13,1,34,543,4344,4496,4528,32,0.7117437722419928,0.0,0.0,0,0,4410541,4.410541,True,CLEAN
CRC32,13,1,35,543,4344,4496,4528,32,0.7117437722419928,0.0,0.0,0,0,4364666,4.364666,True,CLEAN
CRC32,13,1,36,543,4344,4496,4528,32,0.7117437722419928,0.0,0.0,0,0,4422292,4.422292,True,CLEAN
CRC32,13,1,37,543,4344,4496,4528,32,0.7117437722419928,0.0,0.0,0,0,4398416,4.398416,True,CLEAN
CRC32,13,1,38,543,4344,4496,4528,32,0.7117437722419928,0.0,0.0,0,0,4338208,4.338208,True,CLEAN
CRC32,13,1,39,543,4344,4496,4528,32,0.7117437722419928,0.0,0.0,0,0,4356625,4.356625,True,CLEAN
CRC32,13,1,40,543,4344,4496,4528,32,0.7117437722419928,0.0,0.0,0,0,4314834,4.314834,True,CLEAN
CRC32,13,1,41,543,4344,4496,4528,32,0.7117437722419928,0.0,0.0,0,0,4417125,4.417125,True,CLEAN
CRC32,13,1,42,543,4344,4496,4528,32,0.7117437722419928,0.0,0.0,0,0,4334208,4.334208,True,CLEAN
CRC32,13,1,43,543,4344,4496,4528,32,0.7117437722419928,0.0,0.0,0,0,4467917,4.467917,True,CLEAN
CRC32,13,1,44,543,4344,4496,4528,32,0.7117437722419928,0.0,0.0,0,0,4395292,4.395292,True,CLEAN
CRC32,13,1,45,543,4344,4496,4528,32,0.7117437722419928,0.0,0.0,0,0,4406958,4.406958,True,CLEAN
CRC32,13,1,46,543,4344,4496,4528,32,0.7117437722419928,0.0,0.0,0,0,4361167,4.361167,True,CLEAN
CRC32,13,1,47,543,4344,4496,4528,32,0.7117437722419928,0.0,0.0,0,0,4372458,4.372458,True,CLEAN
CRC32,13,1,48,543,4344,4496,4528,32,0.7117437722419928,0.0,0.0,0,0,4341708,4.341708,True,CLEAN
CRC32,13,1,49,543,4344,4496,4528,32,0.7117437722419928,0.0,0.0,0,0,4331333,4.331333,True,CLEAN
CRC32,13,1,50,543,4344,4496,4528,32,0.7117437722419928,0.0,0.0,0,0,4419708,4.419708,True,CLEAN
CRC32,13,1,51,543,4344,4496,4528,32,0.7117437722419928,0.0,0.0,0,0,4317375,4.317375,True,CLEAN
CRC32,13,1,52,543,4344,4496,4528,32,0.7117437722419928,0.0,0.0,0,0,4386167,4.386167,True,CLEAN
CRC32,13,1,53,543,4344,4496,4528,32,0.7117437722419928,0.0,0.0,0,0,4323875,4.323875,True,CLEAN
CRC32,13,1,54,543,4344,4496,4528,32,0.7117437722419928,0.0,0.0,0,0,4288333,4.288333,True,CLEAN
CRC32,13,1,55,543,4344,4496,4528,32,0.7117437722419928,0.0,0.0,0,0,4305042,4.305042,True,CLEAN
CRC32,13,1,56,543,4344,4496,4528,32,0.7117437722419928,0.0,0.0,0,0,4270792,4.270792,True,CLEAN
CRC32,13,1,57,543,4344,4496,4528,32,0.7117437722419928,0.0,0.0,0,0,4334500,4.3345,True,CLEAN
CRC32,13,1,58,543,4344,4496,4528,32,0.7117437722419928,0.0,0.0,0,0,4274291,4.274291,True,CLEAN
CRC32,13,1,59,543,4344,4496,4528,32,0.7117437722419928,0.0,0.0,0,0,4328541,4.328541,True,CLEAN
CRC32,13,1,60,543,4344,4496,4528,32,0.7117437722419928,0.0,0.0,0,0,4353375,4.353375,True,CLEAN
CRC32,13,1,61,543,4344,4496,4528,32,0.7117437722419928,0.0,0.0,0,0,4329917,4.329917,True,CLEAN
CRC32,13,1,62,543,4344,4496,4528,32,0.7117437722419928,0.0,0.0,0,0,4332791,4.332791,True,CLEAN
CRC32,13,1,63,543,4344,4496,4528,32,0.7117437722419928,0.0,0.0,0,0,4273041,4.273041,True,CLEAN
CRC32,13,1,64,543,4344,4496,4528,32,0.7117437722419928,0.0,0.0,0,0,4250000,4.25,True,CLEAN
CRC32,13,1,65,543,4344,4496,4528,32,0.7117437722419928,0.0,0.0,0,0,4303334,4.303334,True,CLEAN
CRC32,13,1,66,543,4344,4496,4528,32,0.7117437722419928,0.0,0.0,0,0,4224750,4.22475,True,CLEAN
CRC32,13,1,67,543,4344,4496,4528,32,0.7117437722419928,0.0,0.0,0,0,4342083,4.342083,True,CLEAN
CRC32,13,1,68,543,4344,4496,4528,32,0.7117437722419928,0.0,0.0,0,0,4383334,4.383334,True,CLEAN
CRC32,13,1,69,543,4344,4496,4528,32,0.7117437722419928,0.0,0.0,0,0,4324667,4.324667,True,CLEAN
CRC32,13,1,70,543,4344,4496,4528,32,0.7117437722419928,0.0,0.0,0,0,4298250,4.29825,True,CLEAN
CRC32,13,1,71,543,4344,4496,4528,32,0.7117437722419928,0.0,0.0,0,0,4375625,4.375625,True,CLEAN
CRC32,13,1,72,543,4344,4496,4528,32,0.7117437722419928,0.0,0.0,0,0,4325666,4.325666,True,CLEAN
CRC32,13,1,73,543,4344,4496,4528,32,0.7117437722419928,0.0,0.0,0,0,4316458,4.316458,True,CLEAN
CRC32,13,1,74,543,4344,4496,4528,32,0.7117437722419928,0.0,0.0,0,0,4282292,4.282292,True,CLEAN
CRC32,13,1,75,543,4344,4496,4528,32,0.7117437722419928,0.0,0.0,0,0,4248875,4.248875,True,CLEAN
CRC32,13,1,76,543,4344,4496,4528,32,0.7117437722419928,0.0,0.0,0,0,4348500,4.3485,True,CLEAN
CRC32,13,1,77,543,4344,4496,4528,32,0.7117437722419928,0.0,0.0,0,0,4464209,4.464209,True,CLEAN
CRC32,13,1,78,543,4344,4496,4528,32,0.7117437722419928,0.0,0.0,0,0,4332583,4.332583,True,CLEAN
CRC32,13,1,79,543,4344,4496,4528,32,0.7117437722419928,0.0,0.0,0,0,4274958,4.274958,True,CLEAN
CRC32,13,1,80,543,4344,4496,4528,32,0.7117437722419928,0.0,0.0,0,0,4303583,4.303583,True,CLEAN
CRC32,13,1,81,543,4344,4496,4528,32,0.7117437722419928,0.0,0.0,0,0,4349959,4.349959,True,CLEAN
CRC32,13,1,82,543,4344,4496,4528,32,0.7117437722419928,0.0,0.0,0,0,4344542,4.344542,True,CLEAN
CRC32,13,1,83,543,4344,4496,4528,32,0.7117437722419928,0.0,0.0,0,0,4292791,4.292791,True,CLEAN
CRC32,13,1,84,543,4344,4496,4528,32,0.7117437722419928,0.0,0.0,0,0,4277791,4.277791,True,CLEAN
CRC32,13,1,85,543,4344,4496,4528,32,0.7117437722419928,0.0,0.0,0,0,4361000,4.361,True,CLEAN
CRC32,13,1,86,543,4344,4496,4528,32,0.7117437722419928,0.0,0.0,0,0,4269500,4.2695,True,CLEAN
CRC32,13,1,87,543,4344,4496,4528,32,0.7117437722419928,0.0,0.0,0,0,4390000,4.39,True,CLEAN
CRC32,13,1,88,543,4344,4496,4528,32,0.7117437722419928,0.0,0.0,0,0,4329458,4.329458,True,CLEAN
CRC32,13,1,89,543,4344,4496,4528,32,0.7117437722419928,0.0,0.0,0,0,4259666,4.259666,True,CLEAN
CRC32,13,1,90,543,4344,4496,4528,32,0.7117437722419928,0.0,0.0,0,0,4521959,4.521959,True,CLEAN
CRC32,13,1,91,543,4344,4496,4528,32,0.7117437722419928,0.0,0.0,0,0,4402417,4.402417,True,CLEAN
CRC32,13,1,92,543,4344,4496,4528,32,0.7117437722419928,0.0,0.0,0,0,4227459,4.227459,True,CLEAN
CRC32,13,1,93,543,4344,4496,4528,32,0.7117437722419928,0.0,0.0,0,0,4322583,4.322583,True,CLEAN
CRC32,13,1,94,543,4344,4496,4528,32,0.7117437722419928,0.0,0.0,0,0,4311208,4.311208,True,CLEAN
CRC32,13,1,95,543,4344,4496,4528,32,0.7117437722419928,0.0,0.0,0,0,4240875,4.240875,True,CLEAN
CRC32,13,1,96,543,4344,4496,4528,32,0.7117437722419928,0.0,0.0,0,0,4283750,4.28375,True,CLEAN
CRC32,13,1,97,543,4344,4496,4528,32,0.7117437722419928,0.0,0.0,0,0,4297125,4.297125,True,CLEAN
CRC32,13,1,98,543,4344,4496,4528,32,0.7117437722419928,0.0,0.0,0,0,4360584,4.360584,True,CLEAN
CRC32,13,1,99,543,4344,4496,4528,32,0.7117437722419928,0.0,0.0,0,0,4288667,4.288667,True,CLEAN
CRC32,13,1,100,543,4344,4496,4528,32,0.7117437722419928,0.0,0.0,0,0,4272750,4.27275,True,CLEAN
CRC32,13,1,1,543,4344,4496,4528,32,0.7117437722419928,0.01,0.0,0,0,4378000,4.378,True,CLEAN
CRC32,13,1,2,543,4344,4496,4528,32,0.7117437722419928,0.01,0.0,0,0,4366834,4.366834,True,CLEAN
CRC32,13,1,3,543,4344,4496,4528,32,0.7117437722419928,0.01,0.0,0,0,4240792,4.240792,True,CLEAN
CRC32,13,1,4,543,4344,4496,4528,32,0.7117437722419928,0.01,0.0,0,0,4245833,4.245833,True,CLEAN
CRC32,13,1,5,543,4344,4496,4528,32,0.7117437722419928,0.01,0.0,0,0,4327833,4.327833,True,CLEAN
CRC32,13,1,6,543,4344,4496,4528,32,0.7117437722419928,0.01,0.0,0,0,4319417,4.319417,True,CLEAN
CRC32,13,1,7,543,4344,4496,4528,32,0.7117437722419928,0.01,0.0,0,0,4274500,4.2745,True,CLEAN
CRC32,13,1,8,543,4344,4496,4528,32,0.7117437722419928,0.01,0.0,0,0,4377292,4.377292,True,CLEAN
CRC32,13,1,9,543,4344,4496,4528,32,0.7117437722419928,0.01,0.0,0,0,4303291,4.303291,True,CLEAN
CRC32,13,1,10,543,4344,4496,4528,32,0.7117437722419928,0.01,0.0,0,0,4348833,4.348833,True,CLEAN
CRC32,13,1,11,543,4344,4496,4528,32,0.7117437722419928,0.01,0.0,0,0,4410792,4.410792,True,CLEAN
CRC32,13,1,12,543,4344,4496,4528,32,0.7117437722419928,0.01,0.0,0,0,4268125,4.268125,True,CLEAN
CRC32,13,1,13,543,4344,4496,4528,32,0.7117437722419928,0.01,0.0,0,0,4300500,4.3005,True,CLEAN
CRC32,13,1,14,543,4344,4496,4528,32,0.7117437722419928,0.01,0.0,0,0,4362917,4.362917,True,CLEAN
CRC32,13,1,15,543,4344,4496,4528,32,0.7117437722419928,0.01,0.0,0,0,4286541,4.286541,True,CLEAN
CRC32,13,1,16,543,4344,4496,4528,32,0.7117437722419928,0.01,0.0,0,0,4296625,4.296625,True,CLEAN
CRC32,13,1,17,543,4344,4496,4528,32,0.7117437722419928,0.01,0.0,0,0,4325083,4.325083,True,CLEAN
CRC32,13,1,18,543,4344,4496,4528,32,0.7117437722419928,0.01,0.0,0,0,4367291,4.367291,True,CLEAN
CRC32,13,1,19,543,4344,4496,4528,32,0.7117437722419928,0.01,0.0,0,0,4447083,4.447083,True,CLEAN
CRC32,13,1,20,543,4344,4496,4528,32,0.7117437722419928,0.01,0.0,0,0,4343500,4.3435,True,CLEAN
CRC32,13,1,21,543,4344,4496,4528,32,0.7117437722419928,0.01,0.0,0,0,4354792,4.354792,True,CLEAN
CRC32,13,1,22,543,4344,4496,4528,32,0.7117437722419928,0.01,0.0,0,0,4370375,4.370375,True,CLEAN
CRC32,13,1,23,543,4344,4496,4528,32,0.7117437722419928,0.01,0.0,0,0,4353667,4.353667,True,CLEAN
CRC32,13,1,24,543,4344,4496,4528,32,0.7117437722419928,0.01,0.0,0,0,4333584,4.333584,True,CLEAN
CRC32,13,1,25,543,4344,4496,4528,32,0.7117437722419928,0.01,0.0,0,0,4709167,4.709167,True,CLEAN
CRC32,13,1,26,543,4344,4496,4528,32,0.7117437722419928,0.01,0.0,0,0,4734625,4.734625,True,CLEAN
CRC32,13,1,27,543,4344,4496,4528,32,0.7117437722419928,0.01,0.0,0,0,4559167,4.559167,True,CLEAN
CRC32,13,1,28,543,4344,4496,4528,32,0.7117437722419928,0.01,0.0,0,0,4649417,4.649417,True,CLEAN
CRC32,13,1,29,543,4344,4496,4528,32,0.7117437722419928,0.01,0.0,0,0,4307417,4.307417,True,CLEAN
CRC32,13,1,30,543,4344,4496,4528,32,0.7117437722419928,0.01,0.0,0,0,4308250,4.30825,True,CLEAN
CRC32,13,1,31,543,4344,4496,4528,32,0.7117437722419928,0.01,0.0,0,0,4426875,4.426875,True,CLEAN
CRC32,13,1,32,543,4344,4496,4528,32,0.7117437722419928,0.01,0.0,0,0,4374958,4.374958,True,CLEAN
CRC32,13,1,33,543,4344,4496,4528,32,0.7117437722419928,0.01,0.0,0,0,4445917,4.445917,True,CLEAN
CRC32,13,1,34,543,4344,4496,4528,32,0.7117437722419928,0.01,0.0,0,0,4356250,4.35625,True,CLEAN
CRC32,13,1,35,543,4344,4496,4528,32,0.7117437722419928,0.01,0.0,0,0,4402875,4.402875,True,CLEAN
CRC32,13,1,36,543,4344,4496,4528,32,0.7117437722419928,0.01,0.0,0,0,4304625,4.304625,True,CLEAN
CRC32,13,1,37,543,4344,4496,4528,32,0.7117437722419928,0.01,0.0,0,0,4347750,4.34775,True,CLEAN
CRC32,13,1,38,543,4344,4496,4528,32,0.7117437722419928,0.01,0.0,0,0,4387500,4.3875,True,CLEAN
CRC32,13,1,39,543,4344,4496,4528,32,0.7117437722419928,0.01,0.0,0,0,4370208,4.370208,True,CLEAN
CRC32,13,1,40,543,4344,4496,4528,32,0.7117437722419928,0.01,0.0,0,0,4326958,4.326958,True,CLEAN
CRC32,13,1,41,543,4344,4496,4528,32,0.7117437722419928,0.01,0.0,0,0,4307625,4.307625,True,CLEAN
CRC32,13,1,42,543,4344,4496,4528,32,0.7117437722419928,0.01,0.0,0,0,4355583,4.355583,True,CLEAN
CRC32,13,1,43,543,4344,4496,4528,32,0.7117437722419928,0.01,0.0,0,0,4276042,4.276042,True,CLEAN
CRC32,13,1,44,543,4344,4496,4528,32,0.7117437722419928,0.01,0.0,0,0,4291333,4.291333,True,CLEAN
CRC32,13,1,45,543,4344,4496,4528,32,0.7117437722419928,0.01,0.0,0,0,4360084,4.360084,True,CLEAN
CRC32,13,1,46,543,4344,4496,4528,32,0.7117437722419928,0.01,0.0,0,0,4310083,4.310083,True,CLEAN
CRC32,13,1,47,543,4344,4496,4528,32,0.7117437722419928,0.01,0.0,0,0,4426958,4.426958,True,CLEAN
CRC32,13,1,48,543,4344,4496,4528,32,0.7117437722419928,0.01,0.0,0,0,4387666,4.387666,True,CLEAN
CRC32,13,1,49,543,4344,4496,4528,32,0.7117437722419928,0.01,0.0,0,0,4298542,4.298542,True,CLEAN
CRC32,13,1,50,543,4344,4496,4528,32,0.7117437722419928,0.01,0.0,0,0,4243416,4.243416,True,CLEAN
CRC32,13,1,51,543,4344,4496,4528,32,0.7117437722419928,0.01,0.0,0,0,4307750,4.30775,True,CLEAN
CRC32,13,1,52,543,4344,4496,4528,32,0.7117437722419928,0.01,0.0,0,0,4344333,4.344333,True,CLEAN
CRC32,13,1,53,543,4344,4496,4528,32,0.7117437722419928,0.01,0.0,0,0,4379583,4.379583,True,CLEAN
CRC32,13,1,54,543,4344,4496,4528,32,0.7117437722419928,0.01,0.0,0,0,4287958,4.287958,True,CLEAN
CRC32,13,1,55,543,4344,4496,4528,32,0.7117437722419928,0.01,0.0,0,0,4319125,4.319125,True,CLEAN
CRC32,13,1,56,543,4344,4496,4528,32,0.7117437722419928,0.01,0.0,0,0,4306584,4.306584,True,CLEAN
CRC32,13,1,57,543,4344,4496,4528,32,0.7117437722419928,0.01,0.0,0,0,4300000,4.3,True,CLEAN
CRC32,13,1,58,543,4344,4496,4528,32,0.7117437722419928,0.01,0.0,0,0,4343333,4.343333,True,CLEAN
CRC32,13,1,59,543,4344,4496,4528,32,0.7117437722419928,0.01,0.0,0,0,4377875,4.377875,True,CLEAN
CRC32,13,1,60,543,4344,4496,4528,32,0.7117437722419928,0.01,0.0,0,0,4369958,4.369958,True,CLEAN
CRC32,13,1,61,543,4344,4496,4528,32,0.7117437722419928,0.01,0.0,0,0,4285583,4.285583,True,CLEAN
CRC32,13,1,62,543,4344,4496,4528,32,0.7117437722419928,0.01,0.0,0,0,4318542,4.318542,True,CLEAN
CRC32,13,1,63,543,4344,4496,4528,32,0.7117437722419928,0.01,0.0,0,0,4337708,4.337708,True,CLEAN
CRC32,13,1,64,543,4344,4496,4528,32,0.7117437722419928,0.01,0.0,0,0,4362208,4.362208,True,CLEAN
CRC32,13,1,65,543,4344,4496,4528,32,0.7117437722419928,0.01,0.0,0,0,4299458,4.299458,True,CLEAN
CRC32,13,1,66,543,4344,4496,4528,32,0.7117437722419928,0.01,0.0,0,0,4349583,4.349583,True,CLEAN
CRC32,13,1,67,543,4344,4496,4528,32,0.7117437722419928,0.01,0.0,0,0,4299875,4.299875,True,CLEAN
CRC32,13,1,68,543,4344,4496,4528,32,0.7117437722419928,0.01,0.0,0,0,4302584,4.302584,True,CLEAN
CRC32,13,1,69,543,4344,4496,4528,32,0.7117437722419928,0.01,0.0,0,0,4485417,4.485417,True,CLEAN
CRC32,13,1,70,543,4344,4496,4528,32,0.7117437722419928,0.01,0.0,0,0,4358584,4.358584,True,CLEAN
CRC32,13,1,71,543,4344,4496,4528,32,0.7117437722419928,0.01,0.0,0,0,4365500,4.3655,True,CLEAN
CRC32,13,1,72,543,4344,4496,4528,32,0.7117437722419928,0.01,0.0,0,0,4406417,4.406417,True,CLEAN
CRC32,13,1,73,543,4344,4496,4528,32,0.7117437722419928,0.01,0.0,0,0,4295666,4.295666,True,CLEAN
CRC32,13,1,74,543,4344,4496,4528,32,0.7117437722419928,0.01,0.0,0,0,4451959,4.451959,True,CLEAN
CRC32,13,1,75,543,4344,4496,4528,32,0.7117437722419928,0.01,0.0,0,0,4332709,4.332709,True,CLEAN
CRC32,13,1,76,543,4344,4496,4528,32,0.7117437722419928,0.01,0.0,0,0,4304041,4.304041,True,CLEAN
CRC32,13,1,77,543,4344,4496,4528,32,0.7117437722419928,0.01,0.0,0,0,4307917,4.307917,True,CLEAN
CRC32,13,1,78,543,4344,4496,4528,32,0.7117437722419928,0.01,0.0,0,0,4320833,4.320833,True,CLEAN
CRC32,13,1,79,543,4344,4496,4528,32,0.7117437722419928,0.01,0.0,0,0,4300208,4.300208,True,CLEAN
CRC32,13,1,80,543,4344,4496,4528,32,0.7117437722419928,0.01,0.0,0,0,4381834,4.381834,True,CLEAN
CRC32,13,1,81,543,4344,4496,4528,32,0.7117437722419928,0.01,0.0,0,0,4360834,4.360834,True,CLEAN
CRC32,13,1,82,543,4344,4496,4528,32,0.7117437722419928,0.01,0.0,0,0,4322750,4.32275,True,CLEAN
CRC32,13,1,83,543,4344,4496,4528,32,0.7117437722419928,0.01,0.0,0,0,4748750,4.74875,True,CLEAN
CRC32,13,1,84,543,4344,4496,4528,32,0.7117437722419928,0.01,0.0,0,0,4545875,4.545875,True,CLEAN
CRC32,13,1,85,543,4344,4496,4528,32,0.7117437722419928,0.01,0.0,0,0,4521375,4.521375,True,CLEAN
CRC32,13,1,86,543,4344,4496,4528,32,0.7117437722419928,0.01,0.0,0,0,4460666,4.460666,True,CLEAN
CRC32,13,1,87,543,4344,4496,4528,32,0.7117437722419928,0.01,0.0,0,0,4384584,4.384584,True,CLEAN
CRC32,13,1,88,543,4344,4496,4528,32,0.7117437722419928,0.01,0.0,0,0,4364916,4.364916,True,CLEAN
CRC32,13,1,89,543,4344,4496,4528,32,0.7117437722419928,0.01,0.0,0,0,4416084,4.416084,True,CLEAN
CRC32,13,1,90,543,4344,4496,4528,32,0.7117437722419928,0.01,0.0,0,0,4428291,4.428291,True,CLEAN
CRC32,13,1,91,543,4344,4496,4528,32,0.7117437722419928,0.01,0.0,0,0,4450041,4.450041,True,CLEAN
CRC32,13,1,92,543,4344,4496,4528,32,0.7117437722419928,0.01,0.0,0,0,4509459,4.509459,True,CLEAN
CRC32,13,1,93,543,4344,4496,4528,32,0.7117437722419928,0.01,0.0,0,0,4484584,4.484584,True,CLEAN
CRC32,13,1,94,543,4344,4496,4528,32,0.7117437722419928,0.01,0.0,0,0,4389917,4.389917,True,CLEAN
CRC32,13,1,95,543,4344,4496,4528,32,0.7117437722419928,0.01,0.0,0,0,4378500,4.3785,True,CLEAN
CRC32,13,1,96,543,4344,4496,4528,32,0.7117437722419928,0.01,0.0,0,0,4417750,4.41775,True,CLEAN
CRC32,13,1,97,543,4344,4496,4528,32,0.7117437722419928,0.01,0.0,0,0,4375208,4.375208,True,CLEAN
CRC32,13,1,98,543,4344,4496,4528,32,0.7117437722419928,0.01,0.0,0,0,4370333,4.370333,True,CLEAN
CRC32,13,1,99,543,4344,4496,4528,32,0.7117437722419928,0.01,0.0,0,0,4313333,4.313333,True,CLEAN
CRC32,13,1,100,543,4344,4496,4528,32,0.7117437722419928,0.01,0.0,0,0,4471125,4.471125,True,CLEAN
CRC32,13,1,1,543,4344,4496,4528,32,0.7117437722419928,0.1,0.11042402826855124,5,6,4532208,4.532208,,CRC_DETECTED
CRC32,13,1,2,543,4344,4496,4528,32,0.7117437722419928,0.1,0.11042402826855124,5,10,4375667,4.375667,,CRC_DETECTED
CRC32,13,1,3,543,4344,4496,4528,32,0.7117437722419928,0.1,0.11042402826855124,5,4,4358041,4.358041,,CRC_DETECTED
CRC32,13,1,4,543,4344,4496,4528,32,0.7117437722419928,0.1,0.11042402826855124,5,10,4463125,4.463125,,CRC_DETECTED
CRC32,13,1,5,543,4344,4496,4528,32,0.7117437722419928,0.1,0.11042402826855124,5,5,4420667,4.420667,,CRC_DETECTED
CRC32,13,1,6,543,4344,4496,4528,32,0.7117437722419928,0.1,0.11042402826855124,5,2,4430833,4.430833,,CRC_DETECTED
CRC32,13,1,7,543,4344,4496,4528,32,0.7117437722419928,0.1,0.11042402826855124,5,8,4275750,4.27575,,CRC_DETECTED
CRC32,13,1,8,543,4344,4496,4528,32,0.7117437722419928,0.1,0.11042402826855124,5,3,4420458,4.420458,,CRC_DETECTED
CRC32,13,1,9,543,4344,4496,4528,32,0.7117437722419928,0.1,0.11042402826855124,5,5,4374208,4.374208,,CRC_DETECTED
CRC32,13,1,10,543,4344,4496,4528,32,0.7117437722419928,0.1,0.11042402826855124,5,4,4482833,4.482833,,CRC_DETECTED
CRC32,13,1,11,543,4344,4496,4528,32,0.7117437722419928,0.1,0.11042402826855124,5,6,4311333,4.311333,,CRC_DETECTED
CRC32,13,1,12,543,4344,4496,4528,32,0.7117437722419928,0.1,0.11042402826855124,5,2,4451500,4.4515,,CRC_DETECTED
CRC32,13,1,13,543,4344,4496,4528,32,0.7117437722419928,0.1,0.11042402826855124,5,2,4353750,4.35375,,CRC_DETECTED
CRC32,13,1,14,543,4344,4496,4528,32,0.7117437722419928,0.1,0.11042402826855124,5,5,4473291,4.473291,,CRC_DETECTED
CRC32,13,1,15,543,4344,4496,4528,32,0.7117437722419928,0.1,0.11042402826855124,5,8,4493375,4.493375,,CRC_DETECTED
CRC32,13,1,16,543,4344,4496,4528,32,0.7117437722419928,0.1,0.11042402826855124,5,9,4640583,4.640583,,CRC_DETECTED
CRC32,13,1,17,543,4344,4496,4528,32,0.7117437722419928,0.1,0.11042402826855124,5,6,4445250,4.44525,,CRC_DETECTED
CRC32,13,1,18,543,4344,4496,4528,32,0.7117437722419928,0.1,0.11042402826855124,5,3,4562958,4.562958,,CRC_DETECTED
CRC32,13,1,19,543,4344,4496,4528,32,0.7117437722419928,0.1,0.11042402826855124,5,2,4480000,4.48,,CRC_DETECTED
CRC32,13,1,20,543,4344,4496,4528,32,0.7117437722419928,0.1,0.11042402826855124,5,9,4580000,4.58,,CRC_DETECTED
CRC32,13,1,21,543,4344,4496,4528,32,0.7117437722419928,0.1,0.11042402826855124,5,5,4496542,4.496542,,CRC_DETECTED
CRC32,13,1,22,543,4344,4496,4528,32,0.7117437722419928,0.1,0.11042402826855124,5,6,4646208,4.646208,,CRC_DETECTED
CRC32,13,1,23,543,4344,4496,4528,32,0.7117437722419928,0.1,0.11042402826855124,5,2,4566417,4.566417,,CRC_DETECTED
CRC32,13,1,24,543,4344,4496,4528,32,0.7117437722419928,0.1,0.11042402826855124,5,7,4581459,4.581459,,CRC_DETECTED
CRC32,13,1,25,543,4344,4496,4528,32,0.7117437722419928,0.1,0.11042402826855124,5,2,4441167,4.441167,,CRC_DETECTED
CRC32,13,1,26,543,4344,4496,4528,32,0.7117437722419928,0.1,0.11042402826855124,5,6,4502458,4.502458,,CRC_DETECTED
CRC32,13,1,27,543,4344,4496,4528,32,0.7117437722419928,0.1,0.11042402826855124,5,3,4488875,4.488875,,CRC_DETECTED
CRC32,13,1,28,543,4344,4496,4528,32,0.7117437722419928,0.1,0.11042402826855124,5,4,4613750,4.61375,,CRC_DETECTED
CRC32,13,1,29,543,4344,4496,4528,32,0.7117437722419928,0.1,0.11042402826855124,5,4,4545875,4.545875,,CRC_DETECTED
CRC32,13,1,30,543,4344,4496,4528,32,0.7117437722419928,0.1,0.11042402826855124,5,6,4541500,4.5415,,CRC_DETECTED
CRC32,13,1,31,543,4344,4496,4528,32,0.7117437722419928,0.1,0.11042402826855124,5,2,4513500,4.5135,,CRC_DETECTED
CRC32,13,1,32,543,4344,4496,4528,32,0.7117437722419928,0.1,0.11042402826855124,5,4,4579000,4.579,,CRC_DETECTED
CRC32,13,1,33,543,4344,4496,4528,32,0.7117437722419928,0.1,0.11042402826855124,5,5,4579042,4.579042,,CRC_DETECTED
CRC32,13,1,34,543,4344,4496,4528,32,0.7117437722419928,0.1,0.11042402826855124,5,5,4602750,4.60275,,CRC_DETECTED
CRC32,13,1,35,543,4344,4496,4528,32,0.7117437722419928,0.1,0.11042402826855124,5,1,4530083,4.530083,,CRC_DETECTED
CRC32,13,1,36,543,4344,4496,4528,32,0.7117437722419928,0.1,0.11042402826855124,5,5,4770375,4.770375,,CRC_DETECTED
CRC32,13,1,37,543,4344,4496,4528,32,0.7117437722419928,0.1,0.11042402826855124,5,8,4465041,4.465041,,CRC_DETECTED
CRC32,13,1,38,543,4344,4496,4528,32,0.7117437722419928,0.1,0.11042402826855124,5,8,4494459,4.494459,,CRC_DETECTED
CRC32,13,1,39,543,4344,4496,4528,32,0.7117437722419928,0.1,0.11042402826855124,5,3,4524791,4.524791,,CRC_DETECTED
CRC32,13,1,40,543,4344,4496,4528,32,0.7117437722419928,0.1,0.11042402826855124,5,5,4445542,4.445542,,CRC_DETECTED
CRC32,13,1,41,543,4344,4496,4528,32,0.7117437722419928,0.1,0.11042402826855124,5,5,4494542,4.494542,,CRC_DETECTED
CRC32,13,1,42,543,4344,4496,4528,32,0.7117437722419928,0.1,0.11042402826855124,5,8,4619875,4.619875,,CRC_DETECTED
CRC32,13,1,43,543,4344,4496,4528,32,0.7117437722419928,0.1,0.11042402826855124,5,1,4625875,4.625875,,CRC_DETECTED
CRC32,13,1,44,543,4344,4496,4528,32,0.7117437722419928,0.1,0.11042402826855124,5,5,4546584,4.546584,,CRC_DETECTED
CRC32,13,1,45,543,4344,4496,4528,32,0.7117437722419928,0.1,0.11042402826855124,5,5,4542750,4.54275,,CRC_DETECTED
CRC32,13,1,46,543,4344,4496,4528,32,0.7117437722419928,0.1,0.11042402826855124,5,5,4394916,4.394916,,CRC_DETECTED
CRC32,13,1,47,543,4344,4496,4528,32,0.7117437722419928,0.1,0.11042402826855124,5,7,4496416,4.496416,,CRC_DETECTED
CRC32,13,1,48,543,4344,4496,4528,32,0.7117437722419928,0.1,0.11042402826855124,5,6,4461666,4.461666,,CRC_DETECTED
CRC32,13,1,49,543,4344,4496,4528,32,0.7117437722419928,0.1,0.11042402826855124,5,7,4513458,4.513458,,CRC_DETECTED
CRC32,13,1,50,543,4344,4496,4528,32,0.7117437722419928,0.1,0.11042402826855124,5,9,4457500,4.4575,,CRC_DETECTED
CRC32,13,1,51,543,4344,4496,4528,32,0.7117437722419928,0.1,0.11042402826855124,5,3,4484208,4.484208,,CRC_DETECTED
CRC32,13,1,52,543,4344,4496,4528,32,0.7117437722419928,0.1,0.11042402826855124,5,4,4508833,4.508833,,CRC_DETECTED
CRC32,13,1,53,543,4344,4496,4528,32,0.7117437722419928,0.1,0.11042402826855124,5,4,4459125,4.459125,,CRC_DETECTED
CRC32,13,1,54,543,4344,4496,4528,32,0.7117437722419928,0.1,0.11042402826855124,5,6,4534334,4.534334,,CRC_DETECTED
CRC32,13,1,55,543,4344,4496,4528,32,0.7117437722419928,0.1,0.11042402826855124,5,5,4590917,4.590917,,CRC_DETECTED
CRC32,13,1,56,543,4344,4496,4528,32,0.7117437722419928,0.1,0.11042402826855124,5,1,4534250,4.53425,,CRC_DETECTED
CRC32,13,1,57,543,4344,4496,4528,32,0.7117437722419928,0.1,0.11042402826855124,5,7,4490791,4.490791,,CRC_DETECTED
CRC32,13,1,58,543,4344,4496,4528,32,0.7117437722419928,0.1,0.11042402826855124,5,5,4507500,4.5075,,CRC_DETECTED
CRC32,13,1,59,543,4344,4496,4528,32,0.7117437722419928,0.1,0.11042402826855124,5,4,4487625,4.487625,,CRC_DETECTED
CRC32,13,1,60,543,4344,4496,4528,32,0.7117437722419928,0.1,0.11042402826855124,5,4,4456458,4.456458,,CRC_DETECTED
CRC32,13,1,61,543,4344,4496,4528,32,0.7117437722419928,0.1,0.11042402826855124,5,3,4594667,4.594667,,CRC_DETECTED
CRC32,13,1,62,543,4344,4496,4528,32,0.7117437722419928,0.1,0.11042402826855124,5,3,4437542,4.437542,,CRC_DETECTED
CRC32,13,1,63,543,4344,4496,4528,32,0.7117437722419928,0.1,0.11042402826855124,5,9,4476292,4.476292,,CRC_DETECTED
CRC32,13,1,64,543,4344,4496,4528,32,0.7117437722419928,0.1,0.11042402826855124,5,4,4502166,4.502166,,CRC_DETECTED
CRC32,13,1,65,543,4344,4496,4528,32,0.7117437722419928,0.1,0.11042402826855124,5,4,4556125,4.556125,,CRC_DETECTED
CRC32,13,1,66,543,4344,4496,4528,32,0.7117437722419928,0.1,0.11042402826855124,5,7,4480416,4.480416,,CRC_DETECTED
CRC32,13,1,67,543,4344,4496,4528,32,0.7117437722419928,0.1,0.11042402826855124,5,6,4486875,4.486875,,CRC_DETECTED
CRC32,13,1,68,543,4344,4496,4528,32,0.7117437722419928,0.1,0.11042402826855124,5,6,4477583,4.477583,,CRC_DETECTED
CRC32,13,1,69,543,4344,4496,4528,32,0.7117437722419928,0.1,0.11042402826855124,5,2,4465500,4.4655,,CRC_DETECTED
CRC32,13,1,70,543,4344,4496,4528,32,0.7117437722419928,0.1,0.11042402826855124,5,7,4524250,4.52425,,CRC_DETECTED
CRC32,13,1,71,543,4344,4496,4528,32,0.7117437722419928,0.1,0.11042402826855124,5,5,4477625,4.477625,,CRC_DETECTED
CRC32,13,1,72,543,4344,4496,4528,32,0.7117437722419928,0.1,0.11042402826855124,5,5,4482708,4.482708,,CRC_DETECTED
CRC32,13,1,73,543,4344,4496,4528,32,0.7117437722419928,0.1,0.11042402826855124,5,6,4508083,4.508083,,CRC_DETECTED
CRC32,13,1,74,543,4344,4496,4528,32,0.7117437722419928,0.1,0.11042402826855124,5,4,4400042,4.400042,,CRC_DETECTED
CRC32,13,1,75,543,4344,4496,4528,32,0.7117437722419928,0.1,0.11042402826855124,5,5,4413667,4.413667,,CRC_DETECTED
CRC32,13,1,76,543,4344,4496,4528,32,0.7117437722419928,0.1,0.11042402826855124,5,6,4539375,4.539375,,CRC_DETECTED
CRC32,13,1,77,543,4344,4496,4528,32,0.7117437722419928,0.1,0.11042402826855124,5,4,4495750,4.49575,,CRC_DETECTED
CRC32,13,1,78,543,4344,4496,4528,32,0.7117437722419928,0.1,0.11042402826855124,5,4,4506833,4.506833,,CRC_DETECTED
CRC32,13,1,79,543,4344,4496,4528,32,0.7117437722419928,0.1,0.11042402826855124,5,4,4517917,4.517917,,CRC_DETECTED
CRC32,13,1,80,543,4344,4496,4528,32,0.7117437722419928,0.1,0.11042402826855124,5,3,4429583,4.429583,,CRC_DETECTED
CRC32,13,1,81,543,4344,4496,4528,32,0.7117437722419928,0.1,0.11042402826855124,5,2,4436417,4.436417,,CRC_DETECTED
CRC32,13,1,82,543,4344,4496,4528,32,0.7117437722419928,0.1,0.11042402826855124,5,5,4434125,4.434125,,CRC_DETECTED
CRC32,13,1,83,543,4344,4496,4528,32,0.7117437722419928,0.1,0.11042402826855124,5,6,4568792,4.568792,,CRC_DETECTED
CRC32,13,1,84,543,4344,4496,4528,32,0.7117437722419928,0.1,0.11042402826855124,5,2,4509209,4.509209,,CRC_DETECTED
CRC32,13,1,85,543,4344,4496,4528,32,0.7117437722419928,0.1,0.11042402826855124,5,6,4549834,4.549834,,CRC_DETECTED
CRC32,13,1,86,543,4344,4496,4528,32,0.7117437722419928,0.1,0.11042402826855124,5,5,4441083,4.441083,,CRC_DETECTED
CRC32,13,1,87,543,4344,4496,4528,32,0.7117437722419928,0.1,0.11042402826855124,5,5,4570375,4.570375,,CRC_DETECTED
CRC32,13,1,88,543,4344,4496,4528,32,0.7117437722419928,0.1,0.11042402826855124,5,3,4555417,4.555417,,CRC_DETECTED
CRC32,13,1,89,543,4344,4496,4528,32,0.7117437722419928,0.1,0.11042402826855124,5,8,4481917,4.481917,,CRC_DETECTED
CRC32,13,1,90,543,4344,4496,4528,32,0.7117437722419928,0.1,0.11042402826855124,5,3,4558375,4.558375,,CRC_DETECTED
CRC32,13,1,91,543,4344,4496,4528,32,0.7117437722419928,0.1,0.11042402826855124,5,4,4452792,4.452792,,CRC_DETECTED
CRC32,13,1,92,543,4344,4496,4528,32,0.7117437722419928,0.1,0.11042402826855124,5,5,4436166,4.436166,,CRC_DETECTED
CRC32,13,1,93,543,4344,4496,4528,32,0.7117437722419928,0.1,0.11042402826855124,5,10,4447084,4.447084,,CRC_DETECTED
CRC32,13,1,94,543,4344,4496,4528,32,0.7117437722419928,0.1,0.11042402826855124,5,2,4413375,4.413375,,CRC_DETECTED
CRC32,13,1,95,543,4344,4496,4528,32,0.7117437722419928,0.1,0.11042402826855124,5,7,4547125,4.547125,,CRC_DETECTED
CRC32,13,1,96,543,4344,4496,4528,32,0.7117437722419928,0.1,0.11042402826855124,5,6,4479625,4.479625,,CRC_DETECTED
CRC32,13,1,97,543,4344,4496,4528,32,0.7117437722419928,0.1,0.11042402826855124,5,2,4559375,4.559375,,CRC_DETECTED
CRC32,13,1,98,543,4344,4496,4528,32,0.7117437722419928,0.1,0.11042402826855124,5,8,4552416,4.552416,,CRC_DETECTED
CRC32,13,1,99,543,4344,4496,4528,32,0.7117437722419928,0.1,0.11042402826855124,5,5,4509709,4.509709,,CRC_DETECTED
CRC32,13,1,100,543,4344,4496,4528,32,0.7117437722419928,0.1,0.11042402826855124,5,9,4487375,4.487375,,CRC_DETECTED
CRC32,13,1,1,543,4344,4496,4528,32,0.7117437722419928,1.0,0.9938162544169611,45,45,4513041,4.513041,,CRC_DETECTED
CRC32,13,1,2,543,4344,4496,4528,32,0.7117437722419928,1.0,0.9938162544169611,45,45,4477458,4.477458,,CRC_DETECTED
CRC32,13,1,3,543,4344,4496,4528,32,0.7117437722419928,1.0,0.9938162544169611,45,44,4518625,4.518625,,CRC_DETECTED
CRC32,13,1,4,543,4344,4496,4528,32,0.7117437722419928,1.0,0.9938162544169611,45,42,4587041,4.587041,,CRC_DETECTED
CRC32,13,1,5,543,4344,4496,4528,32,0.7117437722419928,1.0,0.9938162544169611,45,47,4458750,4.45875,,CRC_DETECTED
CRC32,13,1,6,543,4344,4496,4528,32,0.7117437722419928,1.0,0.9938162544169611,45,43,4547500,4.5475,,CRC_DETECTED
CRC32,13,1,7,543,4344,4496,4528,32,0.7117437722419928,1.0,0.9938162544169611,45,41,4513333,4.513333,,CRC_DETECTED
CRC32,13,1,8,543,4344,4496,4528,32,0.7117437722419928,1.0,0.9938162544169611,45,41,4502208,4.502208,,CRC_DETECTED
CRC32,13,1,9,543,4344,4496,4528,32,0.7117437722419928,1.0,0.9938162544169611,45,37,4536833,4.536833,,CRC_DETECTED
CRC32,13,1,10,543,4344,4496,4528,32,0.7117437722419928,1.0,0.9938162544169611,45,40,4501292,4.501292,,CRC_DETECTED
CRC32,13,1,11,543,4344,4496,4528,32,0.7117437722419928,1.0,0.9938162544169611,45,47,4436833,4.436833,,CRC_DETECTED
CRC32,13,1,12,543,4344,4496,4528,32,0.7117437722419928,1.0,0.9938162544169611,45,44,4459208,4.459208,,CRC_DETECTED
CRC32,13,1,13,543,4344,4496,4528,32,0.7117437722419928,1.0,0.9938162544169611,45,52,4504375,4.504375,,CRC_DETECTED
CRC32,13,1,14,543,4344,4496,4528,32,0.7117437722419928,1.0,0.9938162544169611,45,37,4452833,4.452833,,CRC_DETECTED
CRC32,13,1,15,543,4344,4496,4528,32,0.7117437722419928,1.0,0.9938162544169611,45,57,4535708,4.535708,,CRC_DETECTED
CRC32,13,1,16,543,4344,4496,4528,32,0.7117437722419928,1.0,0.9938162544169611,45,49,4476375,4.476375,,CRC_DETECTED
CRC32,13,1,17,543,4344,4496,4528,32,0.7117437722419928,1.0,0.9938162544169611,45,41,4505709,4.505709,,CRC_DETECTED
CRC32,13,1,18,543,4344,4496,4528,32,0.7117437722419928,1.0,0.9938162544169611,45,42,4437250,4.43725,,CRC_DETECTED
CRC32,13,1,19,543,4344,4496,4528,32,0.7117437722419928,1.0,0.9938162544169611,45,48,4434000,4.434,,CRC_DETECTED
CRC32,13,1,20,543,4344,4496,4528,32,0.7117437722419928,1.0,0.9938162544169611,45,47,4405167,4.405167,,CRC_DETECTED
CRC32,13,1,21,543,4344,4496,4528,32,0.7117437722419928,1.0,0.9938162544169611,45,43,4438875,4.438875,,CRC_DETECTED
CRC32,13,1,22,543,4344,4496,4528,32,0.7117437722419928,1.0,0.9938162544169611,45,39,4504875,4.504875,,CRC_DETECTED
CRC32,13,1,23,543,4344,4496,4528,32,0.7117437722419928,1.0,0.9938162544169611,45,58,4543166,4.543166,,CRC_DETECTED
CRC32,13,1,24,543,4344,4496,4528,32,0.7117437722419928,1.0,0.9938162544169611,45,37,4423041,4.423041,,CRC_DETECTED
CRC32,13,1,25,543,4344,4496,4528,32,0.7117437722419928,1.0,0.9938162544169611,45,45,4462917,4.462917,,CRC_DETECTED
CRC32,13,1,26,543,4344,4496,4528,32,0.7117437722419928,1.0,0.9938162544169611,45,42,4519000,4.519,,CRC_DETECTED
CRC32,13,1,27,543,4344,4496,4528,32,0.7117437722419928,1.0,0.9938162544169611,45,48,4624959,4.624959,,CRC_DETECTED
CRC32,13,1,28,543,4344,4496,4528,32,0.7117437722419928,1.0,0.9938162544169611,45,39,4404416,4.404416,,CRC_DETECTED
CRC32,13,1,29,543,4344,4496,4528,32,0.7117437722419928,1.0,0.9938162544169611,45,47,4397917,4.397917,,CRC_DETECTED
CRC32,13,1,30,543,4344,4496,4528,32,0.7117437722419928,1.0,0.9938162544169611,45,35,4507166,4.507166,,CRC_DETECTED
CRC32,13,1,31,543,4344,4496,4528,32,0.7117437722419928,1.0,0.9938162544169611,45,38,4478917,4.478917,,CRC_DETECTED
CRC32,13,1,32,543,4344,4496,4528,32,0.7117437722419928,1.0,0.9938162544169611,45,51,4569917,4.569917,,CRC_DETECTED
CRC32,13,1,33,543,4344,4496,4528,32,0.7117437722419928,1.0,0.9938162544169611,45,37,4613625,4.613625,,CRC_DETECTED
CRC32,13,1,34,543,4344,4496,4528,32,0.7117437722419928,1.0,0.9938162544169611,45,45,4361042,4.361042,,CRC_DETECTED
CRC32,13,1,35,543,4344,4496,4528,32,0.7117437722419928,1.0,0.9938162544169611,45,49,4477834,4.477834,,CRC_DETECTED
CRC32,13,1,36,543,4344,4496,4528,32,0.7117437722419928,1.0,0.9938162544169611,45,46,4384125,4.384125,,CRC_DETECTED
CRC32,13,1,37,543,4344,4496,4528,32,0.7117437722419928,1.0,0.9938162544169611,45,39,4546000,4.546,,CRC_DETECTED
CRC32,13,1,38,543,4344,4496,4528,32,0.7117437722419928,1.0,0.9938162544169611,45,40,4482916,4.482916,,CRC_DETECTED
CRC32,13,1,39,543,4344,4496,4528,32,0.7117437722419928,1.0,0.9938162544169611,45,39,4531417,4.531417,,CRC_DETECTED
CRC32,13,1,40,543,4344,4496,4528,32,0.7117437722419928,1.0,0.9938162544169611,45,42,4507334,4.507334,,CRC_DETECTED
CRC32,13,1,41,543,4344,4496,4528,32,0.7117437722419928,1.0,0.9938162544169611,45,40,4457917,4.457917,,CRC_DETECTED
CRC32,13,1,42,543,4344,4496,4528,32,0.7117437722419928,1.0,0.9938162544169611,45,35,4491834,4.491834,,CRC_DETECTED
CRC32,13,1,43,543,4344,4496,4528,32,0.7117437722419928,1.0,0.9938162544169611,45,41,4613417,4.613417,,CRC_DETECTED
CRC32,13,1,44,543,4344,4496,4528,32,0.7117437722419928,1.0,0.9938162544169611,45,42,4536416,4.536416,,CRC_DETECTED
CRC32,13,1,45,543,4344,4496,4528,32,0.7117437722419928,1.0,0.9938162544169611,45,39,4552083,4.552083,,CRC_DETECTED
CRC32,13,1,46,543,4344,4496,4528,32,0.7117437722419928,1.0,0.9938162544169611,45,37,4533416,4.533416,,CRC_DETECTED
CRC32,13,1,47,543,4344,4496,4528,32,0.7117437722419928,1.0,0.9938162544169611,45,49,4581416,4.581416,,CRC_DETECTED
CRC32,13,1,48,543,4344,4496,4528,32,0.7117437722419928,1.0,0.9938162544169611,45,54,4438792,4.438792,,CRC_DETECTED
CRC32,13,1,49,543,4344,4496,4528,32,0.7117437722419928,1.0,0.9938162544169611,45,40,4460916,4.460916,,CRC_DETECTED
CRC32,13,1,50,543,4344,4496,4528,32,0.7117437722419928,1.0,0.9938162544169611,45,45,4415375,4.415375,,CRC_DETECTED
CRC32,13,1,51,543,4344,4496,4528,32,0.7117437722419928,1.0,0.9938162544169611,45,39,4446042,4.446042,,CRC_DETECTED
CRC32,13,1,52,543,4344,4496,4528,32,0.7117437722419928,1.0,0.9938162544169611,45,43,4405709,4.405709,,CRC_DETECTED
CRC32,13,1,53,543,4344,4496,4528,32,0.7117437722419928,1.0,0.9938162544169611,45,53,4535750,4.53575,,CRC_DETECTED
CRC32,13,1,54,543,4344,4496,4528,32,0.7117437722419928,1.0,0.9938162544169611,45,43,4566417,4.566417,,CRC_DETECTED
CRC32,13,1,55,543,4344,4496,4528,32,0.7117437722419928,1.0,0.9938162544169611,45,44,4527958,4.527958,,CRC_DETECTED
CRC32,13,1,56,543,4344,4496,4528,32,0.7117437722419928,1.0,0.9938162544169611,45,51,4523708,4.523708,,CRC_DETECTED
CRC32,13,1,57,543,4344,4496,4528,32,0.7117437722419928,1.0,0.9938162544169611,45,54,4449625,4.449625,,CRC_DETECTED
CRC32,13,1,58,543,4344,4496,4528,32,0.7117437722419928,1.0,0.9938162544169611,45,54,4474125,4.474125,,CRC_DETECTED
CRC32,13,1,59,543,4344,4496,4528,32,0.7117437722419928,1.0,0.9938162544169611,45,44,4453041,4.453041,,CRC_DETECTED
CRC32,13,1,60,543,4344,4496,4528,32,0.7117437722419928,1.0,0.9938162544169611,45,42,4495375,4.495375,,CRC_DETECTED
CRC32,13,1,61,543,4344,4496,4528,32,0.7117437722419928,1.0,0.9938162544169611,45,27,4433542,4.433542,,CRC_DETECTED
CRC32,13,1,62,543,4344,4496,4528,32,0.7117437722419928,1.0,0.9938162544169611,45,42,4490750,4.49075,,CRC_DETECTED
CRC32,13,1,63,543,4344,4496,4528,32,0.7117437722419928,1.0,0.9938162544169611,45,49,4397083,4.397083,,CRC_DETECTED
CRC32,13,1,64,543,4344,4496,4528,32,0.7117437722419928,1.0,0.9938162544169611,45,45,4391708,4.391708,,CRC_DETECTED
CRC32,13,1,65,543,4344,4496,4528,32,0.7117437722419928,1.0,0.9938162544169611,45,45,4423000,4.423,,CRC_DETECTED
CRC32,13,1,66,543,4344,4496,4528,32,0.7117437722419928,1.0,0.9938162544169611,45,39,4351375,4.351375,,CRC_DETECTED
CRC32,13,1,67,543,4344,4496,4528,32,0.7117437722419928,1.0,0.9938162544169611,45,41,4541875,4.541875,,CRC_DETECTED
CRC32,13,1,68,543,4344,4496,4528,32,0.7117437722419928,1.0,0.9938162544169611,45,32,4433417,4.433417,,CRC_DETECTED
CRC32,13,1,69,543,4344,4496,4528,32,0.7117437722419928,1.0,0.9938162544169611,45,43,4510500,4.5105,,CRC_DETECTED
CRC32,13,1,70,543,4344,4496,4528,32,0.7117437722419928,1.0,0.9938162544169611,45,46,4522625,4.522625,,CRC_DETECTED
CRC32,13,1,71,543,4344,4496,4528,32,0.7117437722419928,1.0,0.9938162544169611,45,54,4468416,4.468416,,CRC_DETECTED
CRC32,13,1,72,543,4344,4496,4528,32,0.7117437722419928,1.0,0.9938162544169611,45,41,4409708,4.409708,,CRC_DETECTED
CRC32,13,1,73,543,4344,4496,4528,32,0.7117437722419928,1.0,0.9938162544169611,45,46,4468125,4.468125,,CRC_DETECTED
CRC32,13,1,74,543,4344,4496,4528,32,0.7117437722419928,1.0,0.9938162544169611,45,35,4637250,4.63725,,CRC_DETECTED
CRC32,13,1,75,543,4344,4496,4528,32,0.7117437722419928,1.0,0.9938162544169611,45,48,4474209,4.474209,,CRC_DETECTED
CRC32,13,1,76,543,4344,4496,4528,32,0.7117437722419928,1.0,0.9938162544169611,45,65,4488250,4.48825,,CRC_DETECTED
CRC32,13,1,77,543,4344,4496,4528,32,0.7117437722419928,1.0,0.9938162544169611,45,52,4466375,4.466375,,CRC_DETECTED
CRC32,13,1,78,543,4344,4496,4528,32,0.7117437722419928,1.0,0.9938162544169611,45,57,4410791,4.410791,,CRC_DETECTED
CRC32,13,1,79,543,4344,4496,4528,32,0.7117437722419928,1.0,0.9938162544169611,45,42,4442542,4.442542,,CRC_DETECTED
CRC32,13,1,80,543,4344,4496,4528,32,0.7117437722419928,1.0,0.9938162544169611,45,39,4487959,4.487959,,CRC_DETECTED
CRC32,13,1,81,543,4344,4496,4528,32,0.7117437722419928,1.0,0.9938162544169611,45,51,4440042,4.440042,,CRC_DETECTED
CRC32,13,1,82,543,4344,4496,4528,32,0.7117437722419928,1.0,0.9938162544169611,45,32,4538083,4.538083,,CRC_DETECTED
CRC32,13,1,83,543,4344,4496,4528,32,0.7117437722419928,1.0,0.9938162544169611,45,56,4443167,4.443167,,CRC_DETECTED
CRC32,13,1,84,543,4344,4496,4528,32,0.7117437722419928,1.0,0.9938162544169611,45,43,4448208,4.448208,,CRC_DETECTED
CRC32,13,1,85,543,4344,4496,4528,32,0.7117437722419928,1.0,0.9938162544169611,45,42,4405042,4.405042,,CRC_DETECTED
CRC32,13,1,86,543,4344,4496,4528,32,0.7117437722419928,1.0,0.9938162544169611,45,47,4452375,4.452375,,CRC_DETECTED
CRC32,13,1,87,543,4344,4496,4528,32,0.7117437722419928,1.0,0.9938162544169611,45,47,4457250,4.45725,,CRC_DETECTED
CRC32,13,1,88,543,4344,4496,4528,32,0.7117437722419928,1.0,0.9938162544169611,45,42,4451083,4.451083,,CRC_DETECTED
CRC32,13,1,89,543,4344,4496,4528,32,0.7117437722419928,1.0,0.9938162544169611,45,38,4445042,4.445042,,CRC_DETECTED
CRC32,13,1,90,543,4344,4496,4528,32,0.7117437722419928,1.0,0.9938162544169611,45,44,4529791,4.529791,,CRC_DETECTED
CRC32,13,1,91,543,4344,4496,4528,32,0.7117437722419928,1.0,0.9938162544169611,45,39,4418792,4.418792,,CRC_DETECTED
CRC32,13,1,92,543,4344,4496,4528,32,0.7117437722419928,1.0,0.9938162544169611,45,45,4516750,4.51675,,CRC_DETECTED
CRC32,13,1,93,543,4344,4496,4528,32,0.7117437722419928,1.0,0.9938162544169611,45,51,4443250,4.44325,,CRC_DETECTED
CRC32,13,1,94,543,4344,4496,4528,32,0.7117437722419928,1.0,0.9938162544169611,45,38,4459875,4.459875,,CRC_DETECTED
CRC32,13,1,95,543,4344,4496,4528,32,0.7117437722419928,1.0,0.9938162544169611,45,48,4457416,4.457416,,CRC_DETECTED
CRC32,13,1,96,543,4344,4496,4528,32,0.7117437722419928,1.0,0.9938162544169611,45,51,4421208,4.421208,,CRC_DETECTED
CRC32,13,1,97,543,4344,4496,4528,32,0.7117437722419928,1.0,0.9938162544169611,45,43,4546709,4.546709,,CRC_DETECTED
CRC32,13,1,98,543,4344,4496,4528,32,0.7117437722419928,1.0,0.9938162544169611,45,62,4554125,4.554125,,CRC_DETECTED
CRC32,13,1,99,543,4344,4496,4528,32,0.7117437722419928,1.0,0.9938162544169611,45,48,4496834,4.496834,,CRC_DETECTED
CRC32,13,1,100,543,4344,4496,4528,32,0.7117437722419928,1.0,0.9938162544169611,45,56,4456958,4.456958,,CRC_DETECTED
CRC32,13-14,2,1,1161,9288,9440,9472,32,0.3389830508474576,0.0,0.0,0,0,9490000,9.49,True,CLEAN
CRC32,13-14,2,2,1161,9288,9440,9472,32,0.3389830508474576,0.0,0.0,0,0,9490709,9.490709,True,CLEAN
CRC32,13-14,2,3,1161,9288,9440,9472,32,0.3389830508474576,0.0,0.0,0,0,9558125,9.558125,True,CLEAN
CRC32,13-14,2,4,1161,9288,9440,9472,32,0.3389830508474576,0.0,0.0,0,0,9527000,9.527,True,CLEAN
CRC32,13-14,2,5,1161,9288,9440,9472,32,0.3389830508474576,0.0,0.0,0,0,9430750,9.43075,True,CLEAN
CRC32,13-14,2,6,1161,9288,9440,9472,32,0.3389830508474576,0.0,0.0,0,0,9402583,9.402583,True,CLEAN
CRC32,13-14,2,7,1161,9288,9440,9472,32,0.3389830508474576,0.0,0.0,0,0,9358667,9.358667,True,CLEAN
CRC32,13-14,2,8,1161,9288,9440,9472,32,0.3389830508474576,0.0,0.0,0,0,9297667,9.297667,True,CLEAN
CRC32,13-14,2,9,1161,9288,9440,9472,32,0.3389830508474576,0.0,0.0,0,0,9288792,9.288792,True,CLEAN
CRC32,13-14,2,10,1161,9288,9440,9472,32,0.3389830508474576,0.0,0.0,0,0,9467833,9.467833,True,CLEAN
CRC32,13-14,2,11,1161,9288,9440,9472,32,0.3389830508474576,0.0,0.0,0,0,9285125,9.285125,True,CLEAN
CRC32,13-14,2,12,1161,9288,9440,9472,32,0.3389830508474576,0.0,0.0,0,0,9401291,9.401291,True,CLEAN
CRC32,13-14,2,13,1161,9288,9440,9472,32,0.3389830508474576,0.0,0.0,0,0,9470708,9.470708,True,CLEAN
CRC32,13-14,2,14,1161,9288,9440,9472,32,0.3389830508474576,0.0,0.0,0,0,9340666,9.340666,True,CLEAN
CRC32,13-14,2,15,1161,9288,9440,9472,32,0.3389830508474576,0.0,0.0,0,0,9291208,9.291208,True,CLEAN
CRC32,13-14,2,16,1161,9288,9440,9472,32,0.3389830508474576,0.0,0.0,0,0,9317000,9.317,True,CLEAN
CRC32,13-14,2,17,1161,9288,9440,9472,32,0.3389830508474576,0.0,0.0,0,0,9530833,9.530833,True,CLEAN
CRC32,13-14,2,18,1161,9288,9440,9472,32,0.3389830508474576,0.0,0.0,0,0,9455209,9.455209,True,CLEAN
CRC32,13-14,2,19,1161,9288,9440,9472,32,0.3389830508474576,0.0,0.0,0,0,9262750,9.26275,True,CLEAN
CRC32,13-14,2,20,1161,9288,9440,9472,32,0.3389830508474576,0.0,0.0,0,0,9505583,9.505583,True,CLEAN
CRC32,13-14,2,21,1161,9288,9440,9472,32,0.3389830508474576,0.0,0.0,0,0,9267208,9.267208,True,CLEAN
CRC32,13-14,2,22,1161,9288,9440,9472,32,0.3389830508474576,0.0,0.0,0,0,9461458,9.461458,True,CLEAN
CRC32,13-14,2,23,1161,9288,9440,9472,32,0.3389830508474576,0.0,0.0,0,0,9332917,9.332917,True,CLEAN
CRC32,13-14,2,24,1161,9288,9440,9472,32,0.3389830508474576,0.0,0.0,0,0,9280083,9.280083,True,CLEAN
CRC32,13-14,2,25,1161,9288,9440,9472,32,0.3389830508474576,0.0,0.0,0,0,9316833,9.316833,True,CLEAN
CRC32,13-14,2,26,1161,9288,9440,9472,32,0.3389830508474576,0.0,0.0,0,0,9476750,9.47675,True,CLEAN
CRC32,13-14,2,27,1161,9288,9440,9472,32,0.3389830508474576,0.0,0.0,0,0,9442875,9.442875,True,CLEAN
CRC32,13-14,2,28,1161,9288,9440,9472,32,0.3389830508474576,0.0,0.0,0,0,9454458,9.454458,True,CLEAN
CRC32,13-14,2,29,1161,9288,9440,9472,32,0.3389830508474576,0.0,0.0,0,0,9381083,9.381083,True,CLEAN
CRC32,13-14,2,30,1161,9288,9440,9472,32,0.3389830508474576,0.0,0.0,0,0,9415166,9.415166,True,CLEAN
CRC32,13-14,2,31,1161,9288,9440,9472,32,0.3389830508474576,0.0,0.0,0,0,9272208,9.272208,True,CLEAN
CRC32,13-14,2,32,1161,9288,9440,9472,32,0.3389830508474576,0.0,0.0,0,0,9385208,9.385208,True,CLEAN
CRC32,13-14,2,33,1161,9288,9440,9472,32,0.3389830508474576,0.0,0.0,0,0,9239084,9.239084,True,CLEAN
CRC32,13-14,2,34,1161,9288,9440,9472,32,0.3389830508474576,0.0,0.0,0,0,9455042,9.455042,True,CLEAN
CRC32,13-14,2,35,1161,9288,9440,9472,32,0.3389830508474576,0.0,0.0,0,0,9252125,9.252125,True,CLEAN
CRC32,13-14,2,36,1161,9288,9440,9472,32,0.3389830508474576,0.0,0.0,0,0,9528250,9.52825,True,CLEAN
CRC32,13-14,2,37,1161,9288,9440,9472,32,0.3389830508474576,0.0,0.0,0,0,9277584,9.277584,True,CLEAN
CRC32,13-14,2,38,1161,9288,9440,9472,32,0.3389830508474576,0.0,0.0,0,0,9516000,9.516,True,CLEAN
CRC32,13-14,2,39,1161,9288,9440,9472,32,0.3389830508474576,0.0,0.0,0,0,9654250,9.65425,True,CLEAN
CRC32,13-14,2,40,1161,9288,9440,9472,32,0.3389830508474576,0.0,0.0,0,0,9427750,9.42775,True,CLEAN
CRC32,13-14,2,41,1161,9288,9440,9472,32,0.3389830508474576,0.0,0.0,0,0,9272583,9.272583,True,CLEAN
CRC32,13-14,2,42,1161,9288,9440,9472,32,0.3389830508474576,0.0,0.0,0,0,9391209,9.391209,True,CLEAN
CRC32,13-14,2,43,1161,9288,9440,9472,32,0.3389830508474576,0.0,0.0,0,0,9555500,9.5555,True,CLEAN
CRC32,13-14,2,44,1161,9288,9440,9472,32,0.3389830508474576,0.0,0.0,0,0,9400333,9.400333,True,CLEAN
CRC32,13-14,2,45,1161,9288,9440,9472,32,0.3389830508474576,0.0,0.0,0,0,9466041,9.466041,True,CLEAN
CRC32,13-14,2,46,1161,9288,9440,9472,32,0.3389830508474576,0.0,0.0,0,0,9551708,9.551708,True,CLEAN
CRC32,13-14,2,47,1161,9288,9440,9472,32,0.3389830508474576,0.0,0.0,0,0,9455166,9.455166,True,CLEAN
CRC32,13-14,2,48,1161,9288,9440,9472,32,0.3389830508474576,0.0,0.0,0,0,9493042,9.493042,True,CLEAN
CRC32,13-14,2,49,1161,9288,9440,9472,32,0.3389830508474576,0.0,0.0,0,0,9279166,9.279166,True,CLEAN
CRC32,13-14,2,50,1161,9288,9440,9472,32,0.3389830508474576,0.0,0.0,0,0,9474375,9.474375,True,CLEAN
CRC32,13-14,2,51,1161,9288,9440,9472,32,0.3389830508474576,0.0,0.0,0,0,9292166,9.292166,True,CLEAN
CRC32,13-14,2,52,1161,9288,9440,9472,32,0.3389830508474576,0.0,0.0,0,0,9623167,9.623167,True,CLEAN
CRC32,13-14,2,53,1161,9288,9440,9472,32,0.3389830508474576,0.0,0.0,0,0,9328500,9.3285,True,CLEAN
CRC32,13-14,2,54,1161,9288,9440,9472,32,0.3389830508474576,0.0,0.0,0,0,9478791,9.478791,True,CLEAN
CRC32,13-14,2,55,1161,9288,9440,9472,32,0.3389830508474576,0.0,0.0,0,0,9367000,9.367,True,CLEAN
CRC32,13-14,2,56,1161,9288,9440,9472,32,0.3389830508474576,0.0,0.0,0,0,9426583,9.426583,True,CLEAN
CRC32,13-14,2,57,1161,9288,9440,9472,32,0.3389830508474576,0.0,0.0,0,0,9266459,9.266459,True,CLEAN
CRC32,13-14,2,58,1161,9288,9440,9472,32,0.3389830508474576,0.0,0.0,0,0,9312916,9.312916,True,CLEAN
CRC32,13-14,2,59,1161,9288,9440,9472,32,0.3389830508474576,0.0,0.0,0,0,9267167,9.267167,True,CLEAN
CRC32,13-14,2,60,1161,9288,9440,9472,32,0.3389830508474576,0.0,0.0,0,0,9286167,9.286167,True,CLEAN
CRC32,13-14,2,61,1161,9288,9440,9472,32,0.3389830508474576,0.0,0.0,0,0,9220375,9.220375,True,CLEAN
CRC32,13-14,2,62,1161,9288,9440,9472,32,0.3389830508474576,0.0,0.0,0,0,9442583,9.442583,True,CLEAN
CRC32,13-14,2,63,1161,9288,9440,9472,32,0.3389830508474576,0.0,0.0,0,0,9474167,9.474167,True,CLEAN
CRC32,13-14,2,64,1161,9288,9440,9472,32,0.3389830508474576,0.0,0.0,0,0,9557209,9.557209,True,CLEAN
CRC32,13-14,2,65,1161,9288,9440,9472,32,0.3389830508474576,0.0,0.0,0,0,9386292,9.386292,True,CLEAN
CRC32,13-14,2,66,1161,9288,9440,9472,32,0.3389830508474576,0.0,0.0,0,0,9303166,9.303166,True,CLEAN
CRC32,13-14,2,67,1161,9288,9440,9472,32,0.3389830508474576,0.0,0.0,0,0,9181958,9.181958,True,CLEAN
CRC32,13-14,2,68,1161,9288,9440,9472,32,0.3389830508474576,0.0,0.0,0,0,9476750,9.47675,True,CLEAN
CRC32,13-14,2,69,1161,9288,9440,9472,32,0.3389830508474576,0.0,0.0,0,0,9170833,9.170833,True,CLEAN
CRC32,13-14,2,70,1161,9288,9440,9472,32,0.3389830508474576,0.0,0.0,0,0,9904459,9.904459,True,CLEAN
CRC32,13-14,2,71,1161,9288,9440,9472,32,0.3389830508474576,0.0,0.0,0,0,9256000,9.256,True,CLEAN
CRC32,13-14,2,72,1161,9288,9440,9472,32,0.3389830508474576,0.0,0.0,0,0,9464917,9.464917,True,CLEAN
CRC32,13-14,2,73,1161,9288,9440,9472,32,0.3389830508474576,0.0,0.0,0,0,9381750,9.38175,True,CLEAN
CRC32,13-14,2,74,1161,9288,9440,9472,32,0.3389830508474576,0.0,0.0,0,0,9373542,9.373542,True,CLEAN
CRC32,13-14,2,75,1161,9288,9440,9472,32,0.3389830508474576,0.0,0.0,0,0,9588959,9.588959,True,CLEAN
CRC32,13-14,2,76,1161,9288,9440,9472,32,0.3389830508474576,0.0,0.0,0,0,9563583,9.563583,True,CLEAN
CRC32,13-14,2,77,1161,9288,9440,9472,32,0.3389830508474576,0.0,0.0,0,0,9274625,9.274625,True,CLEAN
CRC32,13-14,2,78,1161,9288,9440,9472,32,0.3389830508474576,0.0,0.0,0,0,9267250,9.26725,True,CLEAN
CRC32,13-14,2,79,1161,9288,9440,9472,32,0.3389830508474576,0.0,0.0,0,0,9259625,9.259625,True,CLEAN
CRC32,13-14,2,80,1161,9288,9440,9472,32,0.3389830508474576,0.0,0.0,0,0,9284250,9.28425,True,CLEAN
CRC32,13-14,2,81,1161,9288,9440,9472,32,0.3389830508474576,0.0,0.0,0,0,9316625,9.316625,True,CLEAN
CRC32,13-14,2,82,1161,9288,9440,9472,32,0.3389830508474576,0.0,0.0,0,0,9358584,9.358584,True,CLEAN
CRC32,13-14,2,83,1161,9288,9440,9472,32,0.3389830508474576,0.0,0.0,0,0,9520042,9.520042,True,CLEAN
CRC32,13-14,2,84,1161,9288,9440,9472,32,0.3389830508474576,0.0,0.0,0,0,9243458,9.243458,True,CLEAN
CRC32,13-14,2,85,1161,9288,9440,9472,32,0.3389830508474576,0.0,0.0,0,0,9259417,9.259417,True,CLEAN
CRC32,13-14,2,86,1161,9288,9440,9472,32,0.3389830508474576,0.0,0.0,0,0,9353750,9.35375,True,CLEAN
CRC32,13-14,2,87,1161,9288,9440,9472,32,0.3389830508474576,0.0,0.0,0,0,9261375,9.261375,True,CLEAN
CRC32,13-14,2,88,1161,9288,9440,9472,32,0.3389830508474576,0.0,0.0,0,0,9269000,9.269,True,CLEAN
CRC32,13-14,2,89,1161,9288,9440,9472,32,0.3389830508474576,0.0,0.0,0,0,9252875,9.252875,True,CLEAN
CRC32,13-14,2,90,1161,9288,9440,9472,32,0.3389830508474576,0.0,0.0,0,0,9263917,9.263917,True,CLEAN
CRC32,13-14,2,91,1161,9288,9440,9472,32,0.3389830508474576,0.0,0.0,0,0,9141250,9.14125,True,CLEAN
CRC32,13-14,2,92,1161,9288,9440,9472,32,0.3389830508474576,0.0,0.0,0,0,9248875,9.248875,True,CLEAN
CRC32,13-14,2,93,1161,9288,9440,9472,32,0.3389830508474576,0.0,0.0,0,0,9261083,9.261083,True,CLEAN
CRC32,13-14,2,94,1161,9288,9440,9472,32,0.3389830508474576,0.0,0.0,0,0,9290917,9.290917,True,CLEAN
CRC32,13-14,2,95,1161,9288,9440,9472,32,0.3389830508474576,0.0,0.0,0,0,9128000,9.128,True,CLEAN
CRC32,13-14,2,96,1161,9288,9440,9472,32,0.3389830508474576,0.0,0.0,0,0,9244292,9.244292,True,CLEAN
CRC32,13-14,2,97,1161,9288,9440,9472,32,0.3389830508474576,0.0,0.0,0,0,9540375,9.540375,True,CLEAN
CRC32,13-14,2,98,1161,9288,9440,9472,32,0.3389830508474576,0.0,0.0,0,0,9385875,9.385875,True,CLEAN
CRC32,13-14,2,99,1161,9288,9440,9472,32,0.3389830508474576,0.0,0.0,0,0,9245625,9.245625,True,CLEAN
CRC32,13-14,2,100,1161,9288,9440,9472,32,0.3389830508474576,0.0,0.0,0,0,9462166,9.462166,True,CLEAN
CRC32,13-14,2,1,1161,9288,9440,9472,32,0.3389830508474576,0.01,0.010557432432432432,1,2,9252917,9.252917,,CRC_DETECTED
CRC32,13-14,2,2,1161,9288,9440,9472,32,0.3389830508474576,0.01,0.010557432432432432,1,1,9336333,9.336333,,CRC_DETECTED
CRC32,13-14,2,3,1161,9288,9440,9472,32,0.3389830508474576,0.01,0.010557432432432432,1,0,9489500,9.4895,True,CLEAN
CRC32,13-14,2,4,1161,9288,9440,9472,32,0.3389830508474576,0.01,0.010557432432432432,1,0,9468125,9.468125,True,CLEAN
CRC32,13-14,2,5,1161,9288,9440,9472,32,0.3389830508474576,0.01,0.010557432432432432,1,2,9425625,9.425625,,CRC_DETECTED
CRC32,13-14,2,6,1161,9288,9440,9472,32,0.3389830508474576,0.01,0.010557432432432432,1,0,9524958,9.524958,True,CLEAN
CRC32,13-14,2,7,1161,9288,9440,9472,32,0.3389830508474576,0.01,0.010557432432432432,1,1,9055417,9.055417,,CRC_DETECTED
CRC32,13-14,2,8,1161,9288,9440,9472,32,0.3389830508474576,0.01,0.010557432432432432,1,1,9117291,9.117291,,CRC_DETECTED
CRC32,13-14,2,9,1161,9288,9440,9472,32,0.3389830508474576,0.01,0.010557432432432432,1,2,9145000,9.145,,CRC_DETECTED
CRC32,13-14,2,10,1161,9288,9440,9472,32,0.3389830508474576,0.01,0.010557432432432432,1,1,9157292,9.157292,,CRC_DETECTED
CRC32,13-14,2,11,1161,9288,9440,9472,32,0.3389830508474576,0.01,0.010557432432432432,1,2,9347292,9.347292,,CRC_DETECTED
CRC32,13-14,2,12,1161,9288,9440,9472,32,0.3389830508474576,0.01,0.010557432432432432,1,0,9525125,9.525125,True,CLEAN
CRC32,13-14,2,13,1161,9288,9440,9472,32,0.3389830508474576,0.01,0.010557432432432432,1,1,9043167,9.043167,,CRC_DETECTED
CRC32,13-14,2,14,1161,9288,9440,9472,32,0.3389830508474576,0.01,0.010557432432432432,1,4,9281209,9.281209,,CRC_DETECTED
CRC32,13-14,2,15,1161,9288,9440,9472,32,0.3389830508474576,0.01,0.010557432432432432,1,1,9119042,9.119042,,CRC_DETECTED
CRC32,13-14,2,16,1161,9288,9440,9472,32,0.3389830508474576,0.01,0.010557432432432432,1,1,9481542,9.481542,,CRC_DETECTED
CRC32,13-14,2,17,1161,9288,9440,9472,32,0.3389830508474576,0.01,0.010557432432432432,1,1,9309875,9.309875,,CRC_DETECTED
CRC32,13-14,2,18,1161,9288,9440,9472,32,0.3389830508474576,0.01,0.010557432432432432,1,1,9211000,9.211,,CRC_DETECTED
CRC32,13-14,2,19,1161,9288,9440,9472,32,0.3389830508474576,0.01,0.010557432432432432,1,1,9228458,9.228458,,CRC_DETECTED
CRC32,13-14,2,20,1161,9288,9440,9472,32,0.3389830508474576,0.01,0.010557432432432432,1,1,9095500,9.0955,,CRC_DETECTED
CRC32,13-14,2,21,1161,9288,9440,9472,32,0.3389830508474576,0.01,0.010557432432432432,1,2,9178834,9.178834,,CRC_DETECTED
CRC32,13-14,2,22,1161,9288,9440,9472,32,0.3389830508474576,0.01,0.010557432432432432,1,1,9071500,9.0715,,CRC_DETECTED
CRC32,13-14,2,23,1161,9288,9440,9472,32,0.3389830508474576,0.01,0.010557432432432432,1,2,9375583,9.375583,,CRC_DETECTED
CRC32,13-14,2,24,1161,9288,9440,9472,32,0.3389830508474576,0.01,0.010557432432432432,1,1,9171959,9.171959,,CRC_DETECTED
CRC32,13-14,2,25,1161,9288,9440,9472,32,0.3389830508474576,0.01,0.010557432432432432,1,3,9276000,9.276,,CRC_DETECTED
CRC32,13-14,2,26,1161,9288,9440,9472,32,0.3389830508474576,0.01,0.010557432432432432,1,0,9610375,9.610375,True,CLEAN
CRC32,13-14,2,27,1161,9288,9440,9472,32,0.3389830508474576,0.01,0.010557432432432432,1,1,9079625,9.079625,,CRC_DETECTED
CRC32,13-14,2,28,1161,9288,9440,9472,32,0.3389830508474576,0.01,0.010557432432432432,1,3,9280209,9.280209,,CRC_DETECTED
CRC32,13-14,2,29,1161,9288,9440,9472,32,0.3389830508474576,0.01,0.010557432432432432,1,1,9218875,9.218875,,CRC_DETECTED
CRC32,13-14,2,30,1161,9288,9440,9472,32,0.3389830508474576,0.01,0.010557432432432432,1,0,9645042,9.645042,True,CLEAN
CRC32,13-14,2,31,1161,9288,9440,9472,32,0.3389830508474576,0.01,0.010557432432432432,1,1,9139916,9.139916,,CRC_DETECTED
CRC32,13-14,2,32,1161,9288,9440,9472,32,0.3389830508474576,0.01,0.010557432432432432,1,2,9242875,9.242875,,CRC_DETECTED
CRC32,13-14,2,33,1161,9288,9440,9472,32,0.3389830508474576,0.01,0.010557432432432432,1,0,9486958,9.486958,True,CLEAN
CRC32,13-14,2,34,1161,9288,9440,9472,32,0.3389830508474576,0.01,0.010557432432432432,1,1,9225083,9.225083,,CRC_DETECTED
CRC32,13-14,2,35,1161,9288,9440,9472,32,0.3389830508474576,0.01,0.010557432432432432,1,2,9254292,9.254292,,CRC_DETECTED
CRC32,13-14,2,36,1161,9288,9440,9472,32,0.3389830508474576,0.01,0.010557432432432432,1,1,9507959,9.507959,,CRC_DETECTED
CRC32,13-14,2,37,1161,9288,9440,9472,32,0.3389830508474576,0.01,0.010557432432432432,1,2,9267583,9.267583,,CRC_DETECTED
CRC32,13-14,2,38,1161,9288,9440,9472,32,0.3389830508474576,0.01,0.010557432432432432,1,1,9432167,9.432167,,CRC_DETECTED
CRC32,13-14,2,39,1161,9288,9440,9472,32,0.3389830508474576,0.01,0.010557432432432432,1,2,9295167,9.295167,,CRC_DETECTED
CRC32,13-14,2,40,1161,9288,9440,9472,32,0.3389830508474576,0.01,0.010557432432432432,1,1,9211791,9.211791,,CRC_DETECTED
CRC32,13-14,2,41,1161,9288,9440,9472,32,0.3389830508474576,0.01,0.010557432432432432,1,1,9535792,9.535792,,CRC_DETECTED
CRC32,13-14,2,42,1161,9288,9440,9472,32,0.3389830508474576,0.01,0.010557432432432432,1,1,9216167,9.216167,,CRC_DETECTED
CRC32,13-14,2,43,1161,9288,9440,9472,32,0.3389830508474576,0.01,0.010557432432432432,1,1,9090542,9.090542,,CRC_DETECTED
CRC32,13-14,2,44,1161,9288,9440,9472,32,0.3389830508474576,0.01,0.010557432432432432,1,0,9461750,9.46175,True,CLEAN
CRC32,13-14,2,45,1161,9288,9440,9472,32,0.3389830508474576,0.01,0.010557432432432432,1,0,9455292,9.455292,True,CLEAN
CRC32,13-14,2,46,1161,9288,9440,9472,32,0.3389830508474576,0.01,0.010557432432432432,1,2,9468625,9.468625,,CRC_DETECTED
CRC32,13-14,2,47,1161,9288,9440,9472,32,0.3389830508474576,0.01,0.010557432432432432,1,2,9321375,9.321375,,CRC_DETECTED
CRC32,13-14,2,48,1161,9288,9440,9472,32,0.3389830508474576,0.01,0.010557432432432432,1,1,9428500,9.4285,,CRC_DETECTED
CRC32,13-14,2,49,1161,9288,9440,9472,32,0.3389830508474576,0.01,0.010557432432432432,1,0,9526292,9.526292,True,CLEAN
CRC32,13-14,2,50,1161,9288,9440,9472,32,0.3389830508474576,0.01,0.010557432432432432,1,2,9287292,9.287292,,CRC_DETECTED
CRC32,13-14,2,51,1161,9288,9440,9472,32,0.3389830508474576,0.01,0.010557432432432432,1,0,9538500,9.5385,True,CLEAN
CRC32,13-14,2,52,1161,9288,9440,9472,32,0.3389830508474576,0.01,0.010557432432432432,1,2,9258750,9.25875,,CRC_DETECTED
CRC32,13-14,2,53,1161,9288,9440,9472,32,0.3389830508474576,0.01,0.010557432432432432,1,2,9334834,9.334834,,CRC_DETECTED
CRC32,13-14,2,54,1161,9288,9440,9472,32,0.3389830508474576,0.01,0.010557432432432432,1,0,9788458,9.788458,True,CLEAN
CRC32,13-14,2,55,1161,9288,9440,9472,32,0.3389830508474576,0.01,0.010557432432432432,1,0,9568750,9.56875,True,CLEAN
CRC32,13-14,2,56,1161,9288,9440,9472,32,0.3389830508474576,0.01,0.010557432432432432,1,3,9272333,9.272333,,CRC_DETECTED
CRC32,13-14,2,57,1161,9288,9440,9472,32,0.3389830508474576,0.01,0.010557432432432432,1,1,9317708,9.317708,,CRC_DETECTED
CRC32,13-14,2,58,1161,9288,9440,9472,32,0.3389830508474576,0.01,0.010557432432432432,1,5,9331000,9.331,,CRC_DETECTED
CRC32,13-14,2,59,1161,9288,9440,9472,32,0.3389830508474576,0.01,0.010557432432432432,1,1,9461209,9.461209,,CRC_DETECTED
CRC32,13-14,2,60,1161,9288,9440,9472,32,0.3389830508474576,0.01,0.010557432432432432,1,0,9769583,9.769583,True,CLEAN
CRC32,13-14,2,61,1161,9288,9440,9472,32,0.3389830508474576,0.01,0.010557432432432432,1,4,9401958,9.401958,,CRC_DETECTED
CRC32,13-14,2,62,1161,9288,9440,9472,32,0.3389830508474576,0.01,0.010557432432432432,1,4,9452833,9.452833,,CRC_DETECTED
CRC32,13-14,2,63,1161,9288,9440,9472,32,0.3389830508474576,0.01,0.010557432432432432,1,0,9622458,9.622458,True,CLEAN
CRC32,13-14,2,64,1161,9288,9440,9472,32,0.3389830508474576,0.01,0.010557432432432432,1,1,9269583,9.269583,,CRC_DETECTED
CRC32,13-14,2,65,1161,9288,9440,9472,32,0.3389830508474576,0.01,0.010557432432432432,1,1,9458292,9.458292,,CRC_DETECTED
CRC32,13-14,2,66,1161,9288,9440,9472,32,0.3389830508474576,0.01,0.010557432432432432,1,1,9350625,9.350625,,CRC_DETECTED
CRC32,13-14,2,67,1161,9288,9440,9472,32,0.3389830508474576,0.01,0.010557432432432432,1,2,9557500,9.5575,,CRC_DETECTED
CRC32,13-14,2,68,1161,9288,9440,9472,32,0.3389830508474576,0.01,0.010557432432432432,1,0,10307583,10.307583,True,CLEAN
CRC32,13-14,2,69,1161,9288,9440,9472,32,0.3389830508474576,0.01,0.010557432432432432,1,1,9507750,9.50775,,CRC_DETECTED
CRC32,13-14,2,70,1161,9288,9440,9472,32,0.3389830508474576,0.01,0.010557432432432432,1,3,9600458,9.600458,,CRC_DETECTED
CRC32,13-14,2,71,1161,9288,9440,9472,32,0.3389830508474576,0.01,0.010557432432432432,1,2,9584333,9.584333,,CRC_DETECTED
CRC32,13-14,2,72,1161,9288,9440,9472,32,0.3389830508474576,0.01,0.010557432432432432,1,0,10129416,10.129416,True,CLEAN
CRC32,13-14,2,73,1161,9288,9440,9472,32,0.3389830508474576,0.01,0.010557432432432432,1,0,9843416,9.843416,True,CLEAN
CRC32,13-14,2,74,1161,9288,9440,9472,32,0.3389830508474576,0.01,0.010557432432432432,1,2,9519250,9.51925,,CRC_DETECTED
CRC32,13-14,2,75,1161,9288,9440,9472,32,0.3389830508474576,0.01,0.010557432432432432,1,0,10019833,10.019833,True,CLEAN
CRC32,13-14,2,76,1161,9288,9440,9472,32,0.3389830508474576,0.01,0.010557432432432432,1,1,9265959,9.265959,,CRC_DETECTED
CRC32,13-14,2,77,1161,9288,9440,9472,32,0.3389830508474576,0.01,0.010557432432432432,1,1,9205500,9.2055,,CRC_DETECTED
CRC32,13-14,2,78,1161,9288,9440,9472,32,0.3389830508474576,0.01,0.010557432432432432,1,1,9306042,9.306042,,CRC_DETECTED
CRC32,13-14,2,79,1161,9288,9440,9472,32,0.3389830508474576,0.01,0.010557432432432432,1,2,9195584,9.195584,,CRC_DETECTED
CRC32,13-14,2,80,1161,9288,9440,9472,32,0.3389830508474576,0.01,0.010557432432432432,1,1,9167333,9.167333,,CRC_DETECTED
CRC32,13-14,2,81,1161,9288,9440,9472,32,0.3389830508474576,0.01,0.010557432432432432,1,0,9523166,9.523166,True,CLEAN
CRC32,13-14,2,82,1161,9288,9440,9472,32,0.3389830508474576,0.01,0.010557432432432432,1,0,9453791,9.453791,True,CLEAN
CRC32,13-14,2,83,1161,9288,9440,9472,32,0.3389830508474576,0.01,0.010557432432432432,1,0,9366667,9.366667,True,CLEAN
CRC32,13-14,2,84,1161,9288,9440,9472,32,0.3389830508474576,0.01,0.010557432432432432,1,1,9185917,9.185917,,CRC_DETECTED
CRC32,13-14,2,85,1161,9288,9440,9472,32,0.3389830508474576,0.01,0.010557432432432432,1,1,9263834,9.263834,,CRC_DETECTED
CRC32,13-14,2,86,1161,9288,9440,9472,32,0.3389830508474576,0.01,0.010557432432432432,1,2,9211625,9.211625,,CRC_DETECTED
CRC32,13-14,2,87,1161,9288,9440,9472,32,0.3389830508474576,0.01,0.010557432432432432,1,1,9180417,9.180417,,CRC_DETECTED
CRC32,13-14,2,88,1161,9288,9440,9472,32,0.3389830508474576,0.01,0.010557432432432432,1,0,9516000,9.516,True,CLEAN
CRC32,13-14,2,89,1161,9288,9440,9472,32,0.3389830508474576,0.01,0.010557432432432432,1,1,9167958,9.167958,,CRC_DETECTED
CRC32,13-14,2,90,1161,9288,9440,9472,32,0.3389830508474576,0.01,0.010557432432432432,1,1,9200458,9.200458,,CRC_DETECTED
CRC32,13-14,2,91,1161,9288,9440,9472,32,0.3389830508474576,0.01,0.010557432432432432,1,2,9152083,9.152083,,CRC_DETECTED
CRC32,13-14,2,92,1161,9288,9440,9472,32,0.3389830508474576,0.01,0.010557432432432432,1,1,9177292,9.177292,,CRC_DETECTED
CRC32,13-14,2,93,1161,9288,9440,9472,32,0.3389830508474576,0.01,0.010557432432432432,1,0,9389375,9.389375,True,CLEAN
CRC32,13-14,2,94,1161,9288,9440,9472,32,0.3389830508474576,0.01,0.010557432432432432,1,2,9110292,9.110292,,CRC_DETECTED
CRC32,13-14,2,95,1161,9288,9440,9472,32,0.3389830508474576,0.01,0.010557432432432432,1,1,9098459,9.098459,,CRC_DETECTED
CRC32,13-14,2,96,1161,9288,9440,9472,32,0.3389830508474576,0.01,0.010557432432432432,1,0,9446375,9.446375,True,CLEAN
CRC32,13-14,2,97,1161,9288,9440,9472,32,0.3389830508474576,0.01,0.010557432432432432,1,0,9433375,9.433375,True,CLEAN
CRC32,13-14,2,98,1161,9288,9440,9472,32,0.3389830508474576,0.01,0.010557432432432432,1,3,9210500,9.2105,,CRC_DETECTED
CRC32,13-14,2,99,1161,9288,9440,9472,32,0.3389830508474576,0.01,0.010557432432432432,1,1,9150583,9.150583,,CRC_DETECTED
CRC32,13-14,2,100,1161,9288,9440,9472,32,0.3389830508474576,0.01,0.010557432432432432,1,2,9167500,9.1675,,CRC_DETECTED
CRC32,13-14,2,1,1161,9288,9440,9472,32,0.3389830508474576,0.1,0.0950168918918919,9,17,9272625,9.272625,,CRC_DETECTED
CRC32,13-14,2,2,1161,9288,9440,9472,32,0.3389830508474576,0.1,0.0950168918918919,9,5,9298833,9.298833,,CRC_DETECTED
CRC32,13-14,2,3,1161,9288,9440,9472,32,0.3389830508474576,0.1,0.0950168918918919,9,11,9138625,9.138625,,CRC_DETECTED
CRC32,13-14,2,4,1161,9288,9440,9472,32,0.3389830508474576,0.1,0.0950168918918919,9,6,9218459,9.218459,,CRC_DETECTED
CRC32,13-14,2,5,1161,9288,9440,9472,32,0.3389830508474576,0.1,0.0950168918918919,9,6,9294333,9.294333,,CRC_DETECTED
CRC32,13-14,2,6,1161,9288,9440,9472,32,0.3389830508474576,0.1,0.0950168918918919,9,8,9309500,9.3095,,CRC_DETECTED
CRC32,13-14,2,7,1161,9288,9440,9472,32,0.3389830508474576,0.1,0.0950168918918919,9,11,9326792,9.326792,,CRC_DETECTED
CRC32,13-14,2,8,1161,9288,9440,9472,32,0.3389830508474576,0.1,0.0950168918918919,9,6,9216916,9.216916,,CRC_DETECTED
CRC32,13-14,2,9,1161,9288,9440,9472,32,0.3389830508474576,0.1,0.0950168918918919,9,15,9331000,9.331,,CRC_DETECTED
CRC32,13-14,2,10,1161,9288,9440,9472,32,0.3389830508474576,0.1,0.0950168918918919,9,9,9170584,9.170584,,CRC_DETECTED
CRC32,13-14,2,11,1161,9288,9440,9472,32,0.3389830508474576,0.1,0.0950168918918919,9,11,9439500,9.4395,,CRC_DETECTED
CRC32,13-14,2,12,1161,9288,9440,9472,32,0.3389830508474576,0.1,0.0950168918918919,9,9,9154750,9.15475,,CRC_DETECTED
CRC32,13-14,2,13,1161,9288,9440,9472,32,0.3389830508474576,0.1,0.0950168918918919,9,6,9692416,9.692416,,CRC_DETECTED
CRC32,13-14,2,14,1161,9288,9440,9472,32,0.3389830508474576,0.1,0.0950168918918919,9,7,9360500,9.3605,,CRC_DETECTED
CRC32,13-14,2,15,1161,9288,9440,9472,32,0.3389830508474576,0.1,0.0950168918918919,9,10,9234959,9.234959,,CRC_DETECTED
CRC32,13-14,2,16,1161,9288,9440,9472,32,0.3389830508474576,0.1,0.0950168918918919,9,6,9301791,9.301791,,CRC_DETECTED
CRC32,13-14,2,17,1161,9288,9440,9472,32,0.3389830508474576,0.1,0.0950168918918919,9,16,9247750,9.24775,,CRC_DETECTED
CRC32,13-14,2,18,1161,9288,9440,9472,32,0.3389830508474576,0.1,0.0950168918918919,9,7,9281125,9.281125,,CRC_DETECTED
CRC32,13-14,2,19,1161,9288,9440,9472,32,0.3389830508474576,0.1,0.0950168918918919,9,7,9315500,9.3155,,CRC_DETECTED
CRC32,13-14,2,20,1161,9288,9440,9472,32,0.3389830508474576,0.1,0.0950168918918919,9,9,9167542,9.167542,,CRC_DETECTED
CRC32,13-14,2,21,1161,9288,9440,9472,32,0.3389830508474576,0.1,0.0950168918918919,9,18,9282791,9.282791,,CRC_DETECTED
CRC32,13-14,2,22,1161,9288,9440,9472,32,0.3389830508474576,0.1,0.0950168918918919,9,5,9283542,9.283542,,CRC_DETECTED
CRC32,13-14,2,23,1161,9288,9440,9472,32,0.3389830508474576,0.1,0.0950168918918919,9,9,9216625,9.216625,,CRC_DETECTED
CRC32,13-14,2,24,1161,9288,9440,9472,32,0.3389830508474576,0.1,0.0950168918918919,9,4,9169709,9.169709,,CRC_DETECTED
CRC32,13-14,2,25,1161,9288,9440,9472,32,0.3389830508474576,0.1,0.0950168918918919,9,10,9148333,9.148333,,CRC_DETECTED
CRC32,13-14,2,26,1161,9288,9440,9472,32,0.3389830508474576,0.1,0.0950168918918919,9,8,9194166,9.194166,,CRC_DETECTED
CRC32,13-14,2,27,1161,9288,9440,9472,32,0.3389830508474576,0.1,0.0950168918918919,9,11,9216083,9.216083,,CRC_DETECTED
CRC32,13-14,2,28,1161,9288,9440,9472,32,0.3389830508474576,0.1,0.0950168918918919,9,9,9215417,9.215417,,CRC_DETECTED
CRC32,13-14,2,29,1161,9288,9440,9472,32,0.3389830508474576,0.1,0.0950168918918919,9,12,9620166,9.620166,,CRC_DETECTED
CRC32,13-14,2,30,1161,9288,9440,9472,32,0.3389830508474576,0.1,0.0950168918918919,9,9,9429834,9.429834,,CRC_DETECTED
CRC32,13-14,2,31,1161,9288,9440,9472,32,0.3389830508474576,0.1,0.0950168918918919,9,8,9289458,9.289458,,CRC_DETECTED
CRC32,13-14,2,32,1161,9288,9440,9472,32,0.3389830508474576,0.1,0.0950168918918919,9,6,9396791,9.396791,,CRC_DETECTED
CRC32,13-14,2,33,1161,9288,9440,9472,32,0.3389830508474576,0.1,0.0950168918918919,9,13,9413333,9.413333,,CRC_DETECTED
CRC32,13-14,2,34,1161,9288,9440,9472,32,0.3389830508474576,0.1,0.0950168918918919,9,8,9359958,9.359958,,CRC_DETECTED
CRC32,13-14,2,35,1161,9288,9440,9472,32,0.3389830508474576,0.1,0.0950168918918919,9,12,9280833,9.280833,,CRC_DETECTED
CRC32,13-14,2,36,1161,9288,9440,9472,32,0.3389830508474576,0.1,0.0950168918918919,9,4,9309458,9.309458,,CRC_DETECTED
CRC32,13-14,2,37,1161,9288,9440,9472,32,0.3389830508474576,0.1,0.0950168918918919,9,10,9280917,9.280917,,CRC_DETECTED
CRC32,13-14,2,38,1161,9288,9440,9472,32,0.3389830508474576,0.1,0.0950168918918919,9,7,9442250,9.44225,,CRC_DETECTED
CRC32,13-14,2,39,1161,9288,9440,9472,32,0.3389830508474576,0.1,0.0950168918918919,9,12,9398833,9.398833,,CRC_DETECTED
CRC32,13-14,2,40,1161,9288,9440,9472,32,0.3389830508474576,0.1,0.0950168918918919,9,4,9431458,9.431458,,CRC_DETECTED
CRC32,13-14,2,41,1161,9288,9440,9472,32,0.3389830508474576,0.1,0.0950168918918919,9,10,9397292,9.397292,,CRC_DETECTED
CRC32,13-14,2,42,1161,9288,9440,9472,32,0.3389830508474576,0.1,0.0950168918918919,9,12,9312125,9.312125,,CRC_DETECTED
CRC32,13-14,2,43,1161,9288,9440,9472,32,0.3389830508474576,0.1,0.0950168918918919,9,6,9258750,9.25875,,CRC_DETECTED
CRC32,13-14,2,44,1161,9288,9440,9472,32,0.3389830508474576,0.1,0.0950168918918919,9,12,9230750,9.23075,,CRC_DETECTED
CRC32,13-14,2,45,1161,9288,9440,9472,32,0.3389830508474576,0.1,0.0950168918918919,9,5,9202666,9.202666,,CRC_DETECTED
CRC32,13-14,2,46,1161,9288,9440,9472,32,0.3389830508474576,0.1,0.0950168918918919,9,11,9390750,9.39075,,CRC_DETECTED
CRC32,13-14,2,47,1161,9288,9440,9472,32,0.3389830508474576,0.1,0.0950168918918919,9,7,9369416,9.369416,,CRC_DETECTED
CRC32,13-14,2,48,1161,9288,9440,9472,32,0.3389830508474576,0.1,0.0950168918918919,9,7,9326208,9.326208,,CRC_DETECTED
CRC32,13-14,2,49,1161,9288,9440,9472,32,0.3389830508474576,0.1,0.0950168918918919,9,12,9293167,9.293167,,CRC_DETECTED
CRC32,13-14,2,50,1161,9288,9440,9472,32,0.3389830508474576,0.1,0.0950168918918919,9,9,9459000,9.459,,CRC_DETECTED
CRC32,13-14,2,51,1161,9288,9440,9472,32,0.3389830508474576,0.1,0.0950168918918919,9,8,9394917,9.394917,,CRC_DETECTED
CRC32,13-14,2,52,1161,9288,9440,9472,32,0.3389830508474576,0.1,0.0950168918918919,9,9,9435500,9.4355,,CRC_DETECTED
CRC32,13-14,2,53,1161,9288,9440,9472,32,0.3389830508474576,0.1,0.0950168918918919,9,10,9227334,9.227334,,CRC_DETECTED
CRC32,13-14,2,54,1161,9288,9440,9472,32,0.3389830508474576,0.1,0.0950168918918919,9,14,9505875,9.505875,,CRC_DETECTED
CRC32,13-14,2,55,1161,9288,9440,9472,32,0.3389830508474576,0.1,0.0950168918918919,9,6,9236542,9.236542,,CRC_DETECTED
CRC32,13-14,2,56,1161,9288,9440,9472,32,0.3389830508474576,0.1,0.0950168918918919,9,6,9359916,9.359916,,CRC_DETECTED
CRC32,13-14,2,57,1161,9288,9440,9472,32,0.3389830508474576,0.1,0.0950168918918919,9,12,9387667,9.387667,,CRC_DETECTED
CRC32,13-14,2,58,1161,9288,9440,9472,32,0.3389830508474576,0.1,0.0950168918918919,9,9,9341458,9.341458,,CRC_DETECTED
CRC32,13-14,2,59,1161,9288,9440,9472,32,0.3389830508474576,0.1,0.0950168918918919,9,10,9297625,9.297625,,CRC_DETECTED
CRC32,13-14,2,60,1161,9288,9440,9472,32,0.3389830508474576,0.1,0.0950168918918919,9,8,9316625,9.316625,,CRC_DETECTED
CRC32,13-14,2,61,1161,9288,9440,9472,32,0.3389830508474576,0.1,0.0950168918918919,9,7,9243000,9.243,,CRC_DETECTED
CRC32,13-14,2,62,1161,9288,9440,9472,32,0.3389830508474576,0.1,0.0950168918918919,9,14,9246917,9.246917,,CRC_DETECTED
CRC32,13-14,2,63,1161,9288,9440,9472,32,0.3389830508474576,0.1,0.0950168918918919,9,13,9436292,9.436292,,CRC_DETECTED
CRC32,13-14,2,64,1161,9288,9440,9472,32,0.3389830508474576,0.1,0.0950168918918919,9,14,9345459,9.345459,,CRC_DETECTED
CRC32,13-14,2,65,1161,9288,9440,9472,32,0.3389830508474576,0.1,0.0950168918918919,9,8,9314417,9.314417,,CRC_DETECTED
CRC32,13-14,2,66,1161,9288,9440,9472,32,0.3389830508474576,0.1,0.0950168918918919,9,12,9331208,9.331208,,CRC_DETECTED
CRC32,13-14,2,67,1161,9288,9440,9472,32,0.3389830508474576,0.1,0.0950168918918919,9,12,9242959,9.242959,,CRC_DETECTED
CRC32,13-14,2,68,1161,9288,9440,9472,32,0.3389830508474576,0.1,0.0950168918918919,9,10,9325083,9.325083,,CRC_DETECTED
CRC32,13-14,2,69,1161,9288,9440,9472,32,0.3389830508474576,0.1,0.0950168918918919,9,11,9233083,9.233083,,CRC_DETECTED
CRC32,13-14,2,70,1161,9288,9440,9472,32,0.3389830508474576,0.1,0.0950168918918919,9,9,9413834,9.413834,,CRC_DETECTED
CRC32,13-14,2,71,1161,9288,9440,9472,32,0.3389830508474576,0.1,0.0950168918918919,9,8,9399041,9.399041,,CRC_DETECTED
CRC32,13-14,2,72,1161,9288,9440,9472,32,0.3389830508474576,0.1,0.0950168918918919,9,5,9351375,9.351375,,CRC_DETECTED
CRC32,13-14,2,73,1161,9288,9440,9472,32,0.3389830508474576,0.1,0.0950168918918919,9,11,9272834,9.272834,,CRC_DETECTED
CRC32,13-14,2,74,1161,9288,9440,9472,32,0.3389830508474576,0.1,0.0950168918918919,9,5,9336125,9.336125,,CRC_DETECTED
CRC32,13-14,2,75,1161,9288,9440,9472,32,0.3389830508474576,0.1,0.0950168918918919,9,14,9524000,9.524,,CRC_DETECTED
CRC32,13-14,2,76,1161,9288,9440,9472,32,0.3389830508474576,0.1,0.0950168918918919,9,6,9264291,9.264291,,CRC_DETECTED
CRC32,13-14,2,77,1161,9288,9440,9472,32,0.3389830508474576,0.1,0.0950168918918919,9,11,9351834,9.351834,,CRC_DETECTED
CRC32,13-14,2,78,1161,9288,9440,9472,32,0.3389830508474576,0.1,0.0950168918918919,9,8,9237250,9.23725,,CRC_DETECTED
CRC32,13-14,2,79,1161,9288,9440,9472,32,0.3389830508474576,0.1,0.0950168918918919,9,11,9272042,9.272042,,CRC_DETECTED
CRC32,13-14,2,80,1161,9288,9440,9472,32,0.3389830508474576,0.1,0.0950168918918919,9,6,9434042,9.434042,,CRC_DETECTED
CRC32,13-14,2,81,1161,9288,9440,9472,32,0.3389830508474576,0.1,0.0950168918918919,9,9,9275667,9.275667,,CRC_DETECTED
CRC32,13-14,2,82,1161,9288,9440,9472,32,0.3389830508474576,0.1,0.0950168918918919,9,10,9250875,9.250875,,CRC_DETECTED
CRC32,13-14,2,83,1161,9288,9440,9472,32,0.3389830508474576,0.1,0.0950168918918919,9,8,9289541,9.289541,,CRC_DETECTED
CRC32,13-14,2,84,1161,9288,9440,9472,32,0.3389830508474576,0.1,0.0950168918918919,9,7,9343417,9.343417,,CRC_DETECTED
CRC32,13-14,2,85,1161,9288,9440,9472,32,0.3389830508474576,0.1,0.0950168918918919,9,9,9256333,9.256333,,CRC_DETECTED
CRC32,13-14,2,86,1161,9288,9440,9472,32,0.3389830508474576,0.1,0.0950168918918919,9,5,9235791,9.235791,,CRC_DETECTED
CRC32,13-14,2,87,1161,9288,9440,9472,32,0.3389830508474576,0.1,0.0950168918918919,9,15,9512042,9.512042,,CRC_DETECTED
CRC32,13-14,2,88,1161,9288,9440,9472,32,0.3389830508474576,0.1,0.0950168918918919,9,4,9356959,9.356959,,CRC_DETECTED
CRC32,13-14,2,89,1161,9288,9440,9472,32,0.3389830508474576,0.1,0.0950168918918919,9,6,9169208,9.169208,,CRC_DETECTED
CRC32,13-14,2,90,1161,9288,9440,9472,32,0.3389830508474576,0.1,0.0950168918918919,9,7,9233250,9.23325,,CRC_DETECTED
CRC32,13-14,2,91,1161,9288,9440,9472,32,0.3389830508474576,0.1,0.0950168918918919,9,8,9456250,9.45625,,CRC_DETECTED
CRC32,13-14,2,92,1161,9288,9440,9472,32,0.3389830508474576,0.1,0.0950168918918919,9,12,9488166,9.488166,,CRC_DETECTED
CRC32,13-14,2,93,1161,9288,9440,9472,32,0.3389830508474576,0.1,0.0950168918918919,9,7,9437583,9.437583,,CRC_DETECTED
CRC32,13-14,2,94,1161,9288,9440,9472,32,0.3389830508474576,0.1,0.0950168918918919,9,10,9573041,9.573041,,CRC_DETECTED
CRC32,13-14,2,95,1161,9288,9440,9472,32,0.3389830508474576,0.1,0.0950168918918919,9,8,9328875,9.328875,,CRC_DETECTED
CRC32,13-14,2,96,1161,9288,9440,9472,32,0.3389830508474576,0.1,0.0950168918918919,9,12,9249583,9.249583,,CRC_DETECTED
CRC32,13-14,2,97,1161,9288,9440,9472,32,0.3389830508474576,0.1,0.0950168918918919,9,8,9245916,9.245916,,CRC_DETECTED
CRC32,13-14,2,98,1161,9288,9440,9472,32,0.3389830508474576,0.1,0.0950168918918919,9,4,9192708,9.192708,,CRC_DETECTED
CRC32,13-14,2,99,1161,9288,9440,9472,32,0.3389830508474576,0.1,0.0950168918918919,9,7,9259083,9.259083,,CRC_DETECTED
CRC32,13-14,2,100,1161,9288,9440,9472,32,0.3389830508474576,0.1,0.0950168918918919,9,6,9152417,9.152417,,CRC_DETECTED
CRC32,13-14,2,1,1161,9288,9440,9472,32,0.3389830508474576,1.0,1.0029560810810811,95,97,9383333,9.383333,,CRC_DETECTED
CRC32,13-14,2,2,1161,9288,9440,9472,32,0.3389830508474576,1.0,1.0029560810810811,95,99,10382083,10.382083,,CRC_DETECTED
CRC32,13-14,2,3,1161,9288,9440,9472,32,0.3389830508474576,1.0,1.0029560810810811,95,105,9866834,9.866834,,CRC_DETECTED
CRC32,13-14,2,4,1161,9288,9440,9472,32,0.3389830508474576,1.0,1.0029560810810811,95,97,9477083,9.477083,,CRC_DETECTED
CRC32,13-14,2,5,1161,9288,9440,9472,32,0.3389830508474576,1.0,1.0029560810810811,95,93,9422916,9.422916,,CRC_DETECTED
CRC32,13-14,2,6,1161,9288,9440,9472,32,0.3389830508474576,1.0,1.0029560810810811,95,91,9517959,9.517959,,CRC_DETECTED
CRC32,13-14,2,7,1161,9288,9440,9472,32,0.3389830508474576,1.0,1.0029560810810811,95,100,9694334,9.694334,,CRC_DETECTED
CRC32,13-14,2,8,1161,9288,9440,9472,32,0.3389830508474576,1.0,1.0029560810810811,95,76,9429541,9.429541,,CRC_DETECTED
CRC32,13-14,2,9,1161,9288,9440,9472,32,0.3389830508474576,1.0,1.0029560810810811,95,104,9572708,9.572708,,CRC_DETECTED
CRC32,13-14,2,10,1161,9288,9440,9472,32,0.3389830508474576,1.0,1.0029560810810811,95,88,9860125,9.860125,,CRC_DETECTED
CRC32,13-14,2,11,1161,9288,9440,9472,32,0.3389830508474576,1.0,1.0029560810810811,95,96,9271834,9.271834,,CRC_DETECTED
CRC32,13-14,2,12,1161,9288,9440,9472,32,0.3389830508474576,1.0,1.0029560810810811,95,74,9261541,9.261541,,CRC_DETECTED
CRC32,13-14,2,13,1161,9288,9440,9472,32,0.3389830508474576,1.0,1.0029560810810811,95,91,9595833,9.595833,,CRC_DETECTED
CRC32,13-14,2,14,1161,9288,9440,9472,32,0.3389830508474576,1.0,1.0029560810810811,95,92,9668083,9.668083,,CRC_DETECTED
CRC32,13-14,2,15,1161,9288,9440,9472,32,0.3389830508474576,1.0,1.0029560810810811,95,80,9238625,9.238625,,CRC_DETECTED
CRC32,13-14,2,16,1161,9288,9440,9472,32,0.3389830508474576,1.0,1.0029560810810811,95,102,9170750,9.17075,,CRC_DETECTED
CRC32,13-14,2,17,1161,9288,9440,9472,32,0.3389830508474576,1.0,1.0029560810810811,95,84,9142750,9.14275,,CRC_DETECTED
CRC32,13-14,2,18,1161,9288,9440,9472,32,0.3389830508474576,1.0,1.0029560810810811,95,95,9364000,9.364,,CRC_DETECTED
CRC32,13-14,2,19,1161,9288,9440,9472,32,0.3389830508474576,1.0,1.0029560810810811,95,85,9309542,9.309542,,CRC_DETECTED
CRC32,13-14,2,20,1161,9288,9440,9472,32,0.3389830508474576,1.0,1.0029560810810811,95,92,9193000,9.193,,CRC_DETECTED
CRC32,13-14,2,21,1161,9288,9440,9472,32,0.3389830508474576,1.0,1.0029560810810811,95,117,9238250,9.23825,,CRC_DETECTED
CRC32,13-14,2,22,1161,9288,9440,9472,32,0.3389830508474576,1.0,1.0029560810810811,95,92,9563042,9.563042,,CRC_DETECTED
CRC32,13-14,2,23,1161,9288,9440,9472,32,0.3389830508474576,1.0,1.0029560810810811,95,96,9389042,9.389042,,CRC_DETECTED
CRC32,13-14,2,24,1161,9288,9440,9472,32,0.3389830508474576,1.0,1.0029560810810811,95,95,9355708,9.355708,,CRC_DETECTED
CRC32,13-14,2,25,1161,9288,9440,9472,32,0.3389830508474576,1.0,1.0029560810810811,95,105,9211958,9.211958,,CRC_DETECTED
CRC32,13-14,2,26,1161,9288,9440,9472,32,0.3389830508474576,1.0,1.0029560810810811,95,87,9178041,9.178041,,CRC_DETECTED
CRC32,13-14,2,27,1161,9288,9440,9472,32,0.3389830508474576,1.0,1.0029560810810811,95,85,9186416,9.186416,,CRC_DETECTED
CRC32,13-14,2,28,1161,9288,9440,9472,32,0.3389830508474576,1.0,1.0029560810810811,95,111,9213875,9.213875,,CRC_DETECTED
CRC32,13-14,2,29,1161,9288,9440,9472,32,0.3389830508474576,1.0,1.0029560810810811,95,80,9207667,9.207667,,CRC_DETECTED
CRC32,13-14,2,30,1161,9288,9440,9472,32,0.3389830508474576,1.0,1.0029560810810811,95,79,9229750,9.22975,,CRC_DETECTED
CRC32,13-14,2,31,1161,9288,9440,9472,32,0.3389830508474576,1.0,1.0029560810810811,95,92,9250333,9.250333,,CRC_DETECTED
CRC32,13-14,2,32,1161,9288,9440,9472,32,0.3389830508474576,1.0,1.0029560810810811,95,94,9405250,9.40525,,CRC_DETECTED
CRC32,13-14,2,33,1161,9288,9440,9472,32,0.3389830508474576,1.0,1.0029560810810811,95,90,9280667,9.280667,,CRC_DETECTED
CRC32,13-14,2,34,1161,9288,9440,9472,32,0.3389830508474576,1.0,1.0029560810810811,95,96,9196459,9.196459,,CRC_DETECTED
CRC32,13-14,2,35,1161,9288,9440,9472,32,0.3389830508474576,1.0,1.0029560810810811,95,91,9295083,9.295083,,CRC_DETECTED
CRC32,13-14,2,36,1161,9288,9440,9472,32,0.3389830508474576,1.0,1.0029560810810811,95,86,9281166,9.281166,,CRC_DETECTED
CRC32,13-14,2,37,1161,9288,9440,9472,32,0.3389830508474576,1.0,1.0029560810810811,95,92,9214958,9.214958,,CRC_DETECTED
CRC32,13-14,2,38,1161,9288,9440,9472,32,0.3389830508474576,1.0,1.0029560810810811,95,91,9219833,9.219833,,CRC_DETECTED
CRC32,13-14,2,39,1161,9288,9440,9472,32,0.3389830508474576,1.0,1.0029560810810811,95,106,9295708,9.295708,,CRC_DETECTED
CRC32,13-14,2,40,1161,9288,9440,9472,32,0.3389830508474576,1.0,1.0029560810810811,95,97,9174291,9.174291,,CRC_DETECTED
CRC32,13-14,2,41,1161,9288,9440,9472,32,0.3389830508474576,1.0,1.0029560810810811,95,106,9234917,9.234917,,CRC_DETECTED
CRC32,13-14,2,42,1161,9288,9440,9472,32,0.3389830508474576,1.0,1.0029560810810811,95,103,9164875,9.164875,,CRC_DETECTED
CRC32,13-14,2,43,1161,9288,9440,9472,32,0.3389830508474576,1.0,1.0029560810810811,95,98,9215291,9.215291,,CRC_DETECTED
CRC32,13-14,2,44,1161,9288,9440,9472,32,0.3389830508474576,1.0,1.0029560810810811,95,89,9314417,9.314417,,CRC_DETECTED
CRC32,13-14,2,45,1161,9288,9440,9472,32,0.3389830508474576,1.0,1.0029560810810811,95,87,9282917,9.282917,,CRC_DETECTED
CRC32,13-14,2,46,1161,9288,9440,9472,32,0.3389830508474576,1.0,1.0029560810810811,95,110,9288875,9.288875,,CRC_DETECTED
CRC32,13-14,2,47,1161,9288,9440,9472,32,0.3389830508474576,1.0,1.0029560810810811,95,98,9144000,9.144,,CRC_DETECTED
CRC32,13-14,2,48,1161,9288,9440,9472,32,0.3389830508474576,1.0,1.0029560810810811,95,110,9263917,9.263917,,CRC_DETECTED
CRC32,13-14,2,49,1161,9288,9440,9472,32,0.3389830508474576,1.0,1.0029560810810811,95,116,9208917,9.208917,,CRC_DETECTED
CRC32,13-14,2,50,1161,9288,9440,9472,32,0.3389830508474576,1.0,1.0029560810810811,95,101,9242291,9.242291,,CRC_DETECTED
CRC32,13-14,2,51,1161,9288,9440,9472,32,0.3389830508474576,1.0,1.0029560810810811,95,90,9083750,9.08375,,CRC_DETECTED
CRC32,13-14,2,52,1161,9288,9440,9472,32,0.3389830508474576,1.0,1.0029560810810811,95,93,9255042,9.255042,,CRC_DETECTED
CRC32,13-14,2,53,1161,9288,9440,9472,32,0.3389830508474576,1.0,1.0029560810810811,95,95,9287750,9.28775,,CRC_DETECTED
CRC32,13-14,2,54,1161,9288,9440,9472,32,0.3389830508474576,1.0,1.0029560810810811,95,84,9258875,9.258875,,CRC_DETECTED
CRC32,13-14,2,55,1161,9288,9440,9472,32,0.3389830508474576,1.0,1.0029560810810811,95,88,9178708,9.178708,,CRC_DETECTED
CRC32,13-14,2,56,1161,9288,9440,9472,32,0.3389830508474576,1.0,1.0029560810810811,95,98,9269584,9.269584,,CRC_DETECTED
CRC32,13-14,2,57,1161,9288,9440,9472,32,0.3389830508474576,1.0,1.0029560810810811,95,91,9384084,9.384084,,CRC_DETECTED
CRC32,13-14,2,58,1161,9288,9440,9472,32,0.3389830508474576,1.0,1.0029560810810811,95,102,9330250,9.33025,,CRC_DETECTED
CRC32,13-14,2,59,1161,9288,9440,9472,32,0.3389830508474576,1.0,1.0029560810810811,95,105,9256917,9.256917,,CRC_DETECTED
CRC32,13-14,2,60,1161,9288,9440,9472,32,0.3389830508474576,1.0,1.0029560810810811,95,106,9535625,9.535625,,CRC_DETECTED
CRC32,13-14,2,61,1161,9288,9440,9472,32,0.3389830508474576,1.0,1.0029560810810811,95,93,9622417,9.622417,,CRC_DETECTED
CRC32,13-14,2,62,1161,9288,9440,9472,32,0.3389830508474576,1.0,1.0029560810810811,95,95,9467042,9.467042,,CRC_DETECTED
CRC32,13-14,2,63,1161,9288,9440,9472,32,0.3389830508474576,1.0,1.0029560810810811,95,75,9298334,9.298334,,CRC_DETECTED
CRC32,13-14,2,64,1161,9288,9440,9472,32,0.3389830508474576,1.0,1.0029560810810811,95,95,9328875,9.328875,,CRC_DETECTED
CRC32,13-14,2,65,1161,9288,9440,9472,32,0.3389830508474576,1.0,1.0029560810810811,95,82,9349042,9.349042,,CRC_DETECTED
CRC32,13-14,2,66,1161,9288,9440,9472,32,0.3389830508474576,1.0,1.0029560810810811,95,86,9451125,9.451125,,CRC_DETECTED
CRC32,13-14,2,67,1161,9288,9440,9472,32,0.3389830508474576,1.0,1.0029560810810811,95,99,9379083,9.379083,,CRC_DETECTED
CRC32,13-14,2,68,1161,9288,9440,9472,32,0.3389830508474576,1.0,1.0029560810810811,95,96,9583959,9.583959,,CRC_DETECTED
CRC32,13-14,2,69,1161,9288,9440,9472,32,0.3389830508474576,1.0,1.0029560810810811,95,92,9419792,9.419792,,CRC_DETECTED
CRC32,13-14,2,70,1161,9288,9440,9472,32,0.3389830508474576,1.0,1.0029560810810811,95,90,9590583,9.590583,,CRC_DETECTED
CRC32,13-14,2,71,1161,9288,9440,9472,32,0.3389830508474576,1.0,1.0029560810810811,95,92,9578125,9.578125,,CRC_DETECTED
CRC32,13-14,2,72,1161,9288,9440,9472,32,0.3389830508474576,1.0,1.0029560810810811,95,108,9450500,9.4505,,CRC_DETECTED
CRC32,13-14,2,73,1161,9288,9440,9472,32,0.3389830508474576,1.0,1.0029560810810811,95,100,9450625,9.450625,,CRC_DETECTED
CRC32,13-14,2,74,1161,9288,9440,9472,32,0.3389830508474576,1.0,1.0029560810810811,95,108,9498000,9.498,,CRC_DETECTED
CRC32,13-14,2,75,1161,9288,9440,9472,32,0.3389830508474576,1.0,1.0029560810810811,95,114,9345375,9.345375,,CRC_DETECTED
CRC32,13-14,2,76,1161,9288,9440,9472,32,0.3389830508474576,1.0,1.0029560810810811,95,99,9218458,9.218458,,CRC_DETECTED
CRC32,13-14,2,77,1161,9288,9440,9472,32,0.3389830508474576,1.0,1.0029560810810811,95,101,9593833,9.593833,,CRC_DETECTED
CRC32,13-14,2,78,1161,9288,9440,9472,32,0.3389830508474576,1.0,1.0029560810810811,95,95,9518584,9.518584,,CRC_DETECTED
CRC32,13-14,2,79,1161,9288,9440,9472,32,0.3389830508474576,1.0,1.0029560810810811,95,82,9522666,9.522666,,CRC_DETECTED
CRC32,13-14,2,80,1161,9288,9440,9472,32,0.3389830508474576,1.0,1.0029560810810811,95,83,9582625,9.582625,,CRC_DETECTED
CRC32,13-14,2,81,1161,9288,9440,9472,32,0.3389830508474576,1.0,1.0029560810810811,95,95,9834875,9.834875,,CRC_DETECTED
CRC32,13-14,2,82,1161,9288,9440,9472,32,0.3389830508474576,1.0,1.0029560810810811,95,98,9640250,9.64025,,CRC_DETECTED
CRC32,13-14,2,83,1161,9288,9440,9472,32,0.3389830508474576,1.0,1.0029560810810811,95,89,9479791,9.479791,,CRC_DETECTED
CRC32,13-14,2,84,1161,9288,9440,9472,32,0.3389830508474576,1.0,1.0029560810810811,95,90,9761542,9.761542,,CRC_DETECTED
CRC32,13-14,2,85,1161,9288,9440,9472,32,0.3389830508474576,1.0,1.0029560810810811,95,91,9569042,9.569042,,CRC_DETECTED
CRC32,13-14,2,86,1161,9288,9440,9472,32,0.3389830508474576,1.0,1.0029560810810811,95,97,9709166,9.709166,,CRC_DETECTED
CRC32,13-14,2,87,1161,9288,9440,9472,32,0.3389830508474576,1.0,1.0029560810810811,95,109,9682375,9.682375,,CRC_DETECTED
CRC32,13-14,2,88,1161,9288,9440,9472,32,0.3389830508474576,1.0,1.0029560810810811,95,75,9730250,9.73025,,CRC_DETECTED
CRC32,13-14,2,89,1161,9288,9440,9472,32,0.3389830508474576,1.0,1.0029560810810811,95,94,9779042,9.779042,,CRC_DETECTED
CRC32,13-14,2,90,1161,9288,9440,9472,32,0.3389830508474576,1.0,1.0029560810810811,95,76,9615625,9.615625,,CRC_DETECTED
CRC32,13-14,2,91,1161,9288,9440,9472,32,0.3389830508474576,1.0,1.0029560810810811,95,96,9709125,9.709125,,CRC_DETECTED
CRC32,13-14,2,92,1161,9288,9440,9472,32,0.3389830508474576,1.0,1.0029560810810811,95,99,9761041,9.761041,,CRC_DETECTED
CRC32,13-14,2,93,1161,9288,9440,9472,32,0.3389830508474576,1.0,1.0029560810810811,95,100,9590041,9.590041,,CRC_DETECTED
CRC32,13-14,2,94,1161,9288,9440,9472,32,0.3389830508474576,1.0,1.0029560810810811,95,107,9496625,9.496625,,CRC_DETECTED
CRC32,13-14,2,95,1161,9288,9440,9472,32,0.3389830508474576,1.0,1.0029560810810811,95,98,9419583,9.419583,,CRC_DETECTED
CRC32,13-14,2,96,1161,9288,9440,9472,32,0.3389830508474576,1.0,1.0029560810810811,95,90,9868875,9.868875,,CRC_DETECTED
CRC32,13-14,2,97,1161,9288,9440,9472,32,0.3389830508474576,1.0,1.0029560810810811,95,103,9582167,9.582167,,CRC_DETECTED
CRC32,13-14,2,98,1161,9288,9440,9472,32,0.3389830508474576,1.0,1.0029560810810811,95,98,9890417,9.890417,,CRC_DETECTED
CRC32,13-14,2,99,1161,9288,9440,9472,32,0.3389830508474576,1.0,1.0029560810810811,95,110,9953416,9.953416,,CRC_DETECTED
CRC32,13-14,2,100,1161,9288,9440,9472,32,0.3389830508474576,1.0,1.0029560810810811,95,96,9570167,9.570167,,CRC_DETECTED
CRC32,13-15,3,1,1364,10912,11064,11096,32,0.28922631959508316,0.0,0.0,0,0,11538875,11.538875,True,CLEAN
CRC32,13-15,3,2,1364,10912,11064,11096,32,0.28922631959508316,0.0,0.0,0,0,11247541,11.247541,True,CLEAN
CRC32,13-15,3,3,1364,10912,11064,11096,32,0.28922631959508316,0.0,0.0,0,0,11593959,11.593959,True,CLEAN
CRC32,13-15,3,4,1364,10912,11064,11096,32,0.28922631959508316,0.0,0.0,0,0,11459625,11.459625,True,CLEAN
CRC32,13-15,3,5,1364,10912,11064,11096,32,0.28922631959508316,0.0,0.0,0,0,11192916,11.192916,True,CLEAN
CRC32,13-15,3,6,1364,10912,11064,11096,32,0.28922631959508316,0.0,0.0,0,0,11771916,11.771916,True,CLEAN
CRC32,13-15,3,7,1364,10912,11064,11096,32,0.28922631959508316,0.0,0.0,0,0,11387750,11.38775,True,CLEAN
CRC32,13-15,3,8,1364,10912,11064,11096,32,0.28922631959508316,0.0,0.0,0,0,11231625,11.231625,True,CLEAN
CRC32,13-15,3,9,1364,10912,11064,11096,32,0.28922631959508316,0.0,0.0,0,0,11476375,11.476375,True,CLEAN
CRC32,13-15,3,10,1364,10912,11064,11096,32,0.28922631959508316,0.0,0.0,0,0,11658750,11.65875,True,CLEAN
CRC32,13-15,3,11,1364,10912,11064,11096,32,0.28922631959508316,0.0,0.0,0,0,11681333,11.681333,True,CLEAN
CRC32,13-15,3,12,1364,10912,11064,11096,32,0.28922631959508316,0.0,0.0,0,0,12263584,12.263584,True,CLEAN
CRC32,13-15,3,13,1364,10912,11064,11096,32,0.28922631959508316,0.0,0.0,0,0,12208250,12.20825,True,CLEAN
CRC32,13-15,3,14,1364,10912,11064,11096,32,0.28922631959508316,0.0,0.0,0,0,14367584,14.367584,True,CLEAN
CRC32,13-15,3,15,1364,10912,11064,11096,32,0.28922631959508316,0.0,0.0,0,0,21063000,21.063,True,CLEAN
CRC32,13-15,3,16,1364,10912,11064,11096,32,0.28922631959508316,0.0,0.0,0,0,65568583,65.568583,True,CLEAN
CRC32,13-15,3,17,1364,10912,11064,11096,32,0.28922631959508316,0.0,0.0,0,0,22492209,22.492209,True,CLEAN
CRC32,13-15,3,18,1364,10912,11064,11096,32,0.28922631959508316,0.0,0.0,0,0,12737042,12.737042,True,CLEAN
CRC32,13-15,3,19,1364,10912,11064,11096,32,0.28922631959508316,0.0,0.0,0,0,13003667,13.003667,True,CLEAN
CRC32,13-15,3,20,1364,10912,11064,11096,32,0.28922631959508316,0.0,0.0,0,0,12342459,12.342459,True,CLEAN
CRC32,13-15,3,21,1364,10912,11064,11096,32,0.28922631959508316,0.0,0.0,0,0,12277167,12.277167,True,CLEAN
CRC32,13-15,3,22,1364,10912,11064,11096,32,0.28922631959508316,0.0,0.0,0,0,11796208,11.796208,True,CLEAN
CRC32,13-15,3,23,1364,10912,11064,11096,32,0.28922631959508316,0.0,0.0,0,0,12047833,12.047833,True,CLEAN
CRC32,13-15,3,24,1364,10912,11064,11096,32,0.28922631959508316,0.0,0.0,0,0,11736583,11.736583,True,CLEAN
CRC32,13-15,3,25,1364,10912,11064,11096,32,0.28922631959508316,0.0,0.0,0,0,11529792,11.529792,True,CLEAN
CRC32,13-15,3,26,1364,10912,11064,11096,32,0.28922631959508316,0.0,0.0,0,0,12138416,12.138416,True,CLEAN
CRC32,13-15,3,27,1364,10912,11064,11096,32,0.28922631959508316,0.0,0.0,0,0,11790459,11.790459,True,CLEAN
CRC32,13-15,3,28,1364,10912,11064,11096,32,0.28922631959508316,0.0,0.0,0,0,11547958,11.547958,True,CLEAN
CRC32,13-15,3,29,1364,10912,11064,11096,32,0.28922631959508316,0.0,0.0,0,0,11200417,11.200417,True,CLEAN
CRC32,13-15,3,30,1364,10912,11064,11096,32,0.28922631959508316,0.0,0.0,0,0,11258042,11.258042,True,CLEAN
CRC32,13-15,3,31,1364,10912,11064,11096,32,0.28922631959508316,0.0,0.0,0,0,11823667,11.823667,True,CLEAN
CRC32,13-15,3,32,1364,10912,11064,11096,32,0.28922631959508316,0.0,0.0,0,0,11400459,11.400459,True,CLEAN
CRC32,13-15,3,33,1364,10912,11064,11096,32,0.28922631959508316,0.0,0.0,0,0,11910666,11.910666,True,CLEAN
CRC32,13-15,3,34,1364,10912,11064,11096,32,0.28922631959508316,0.0,0.0,0,0,11397083,11.397083,True,CLEAN
CRC32,13-15,3,35,1364,10912,11064,11096,32,0.28922631959508316,0.0,0.0,0,0,11357250,11.35725,True,CLEAN
CRC32,13-15,3,36,1364,10912,11064,11096,32,0.28922631959508316,0.0,0.0,0,0,10967583,10.967583,True,CLEAN
CRC32,13-15,3,37,1364,10912,11064,11096,32,0.28922631959508316,0.0,0.0,0,0,11004167,11.004167,True,CLEAN
CRC32,13-15,3,38,1364,10912,11064,11096,32,0.28922631959508316,0.0,0.0,0,0,11028708,11.028708,True,CLEAN
CRC32,13-15,3,39,1364,10912,11064,11096,32,0.28922631959508316,0.0,0.0,0,0,11198375,11.198375,True,CLEAN
CRC32,13-15,3,40,1364,10912,11064,11096,32,0.28922631959508316,0.0,0.0,0,0,11217167,11.217167,True,CLEAN
CRC32,13-15,3,41,1364,10912,11064,11096,32,0.28922631959508316,0.0,0.0,0,0,11001000,11.001,True,CLEAN
CRC32,13-15,3,42,1364,10912,11064,11096,32,0.28922631959508316,0.0,0.0,0,0,11198750,11.19875,True,CLEAN
CRC32,13-15,3,43,1364,10912,11064,11096,32,0.28922631959508316,0.0,0.0,0,0,11003625,11.003625,True,CLEAN
CRC32,13-15,3,44,1364,10912,11064,11096,32,0.28922631959508316,0.0,0.0,0,0,11171125,11.171125,True,CLEAN
CRC32,13-15,3,45,1364,10912,11064,11096,32,0.28922631959508316,0.0,0.0,0,0,10943750,10.94375,True,CLEAN
CRC32,13-15,3,46,1364,10912,11064,11096,32,0.28922631959508316,0.0,0.0,0,0,11082125,11.082125,True,CLEAN
CRC32,13-15,3,47,1364,10912,11064,11096,32,0.28922631959508316,0.0,0.0,0,0,11004958,11.004958,True,CLEAN
CRC32,13-15,3,48,1364,10912,11064,11096,32,0.28922631959508316,0.0,0.0,0,0,11444583,11.444583,True,CLEAN
CRC32,13-15,3,49,1364,10912,11064,11096,32,0.28922631959508316,0.0,0.0,0,0,11069375,11.069375,True,CLEAN
CRC32,13-15,3,50,1364,10912,11064,11096,32,0.28922631959508316,0.0,0.0,0,0,11104500,11.1045,True,CLEAN
CRC32,13-15,3,51,1364,10912,11064,11096,32,0.28922631959508316,0.0,0.0,0,0,11037542,11.037542,True,CLEAN
CRC32,13-15,3,52,1364,10912,11064,11096,32,0.28922631959508316,0.0,0.0,0,0,11158917,11.158917,True,CLEAN
CRC32,13-15,3,53,1364,10912,11064,11096,32,0.28922631959508316,0.0,0.0,0,0,11161625,11.161625,True,CLEAN
CRC32,13-15,3,54,1364,10912,11064,11096,32,0.28922631959508316,0.0,0.0,0,0,10976125,10.976125,True,CLEAN
CRC32,13-15,3,55,1364,10912,11064,11096,32,0.28922631959508316,0.0,0.0,0,0,11004542,11.004542,True,CLEAN
CRC32,13-15,3,56,1364,10912,11064,11096,32,0.28922631959508316,0.0,0.0,0,0,11056125,11.056125,True,CLEAN
CRC32,13-15,3,57,1364,10912,11064,11096,32,0.28922631959508316,0.0,0.0,0,0,11110583,11.110583,True,CLEAN
CRC32,13-15,3,58,1364,10912,11064,11096,32,0.28922631959508316,0.0,0.0,0,0,10973709,10.973709,True,CLEAN
CRC32,13-15,3,59,1364,10912,11064,11096,32,0.28922631959508316,0.0,0.0,0,0,10925334,10.925334,True,CLEAN
CRC32,13-15,3,60,1364,10912,11064,11096,32,0.28922631959508316,0.0,0.0,0,0,10930708,10.930708,True,CLEAN
CRC32,13-15,3,61,1364,10912,11064,11096,32,0.28922631959508316,0.0,0.0,0,0,10910333,10.910333,True,CLEAN
CRC32,13-15,3,62,1364,10912,11064,11096,32,0.28922631959508316,0.0,0.0,0,0,11032916,11.032916,True,CLEAN
CRC32,13-15,3,63,1364,10912,11064,11096,32,0.28922631959508316,0.0,0.0,0,0,10904083,10.904083,True,CLEAN
CRC32,13-15,3,64,1364,10912,11064,11096,32,0.28922631959508316,0.0,0.0,0,0,10877167,10.877167,True,CLEAN
CRC32,13-15,3,65,1364,10912,11064,11096,32,0.28922631959508316,0.0,0.0,0,0,11322000,11.322,True,CLEAN
CRC32,13-15,3,66,1364,10912,11064,11096,32,0.28922631959508316,0.0,0.0,0,0,11312583,11.312583,True,CLEAN
CRC32,13-15,3,67,1364,10912,11064,11096,32,0.28922631959508316,0.0,0.0,0,0,11125708,11.125708,True,CLEAN
CRC32,13-15,3,68,1364,10912,11064,11096,32,0.28922631959508316,0.0,0.0,0,0,11056167,11.056167,True,CLEAN
CRC32,13-15,3,69,1364,10912,11064,11096,32,0.28922631959508316,0.0,0.0,0,0,10919084,10.919084,True,CLEAN
CRC32,13-15,3,70,1364,10912,11064,11096,32,0.28922631959508316,0.0,0.0,0,0,11024000,11.024,True,CLEAN
CRC32,13-15,3,71,1364,10912,11064,11096,32,0.28922631959508316,0.0,0.0,0,0,11258375,11.258375,True,CLEAN
CRC32,13-15,3,72,1364,10912,11064,11096,32,0.28922631959508316,0.0,0.0,0,0,11093500,11.0935,True,CLEAN
CRC32,13-15,3,73,1364,10912,11064,11096,32,0.28922631959508316,0.0,0.0,0,0,11087834,11.087834,True,CLEAN
CRC32,13-15,3,74,1364,10912,11064,11096,32,0.28922631959508316,0.0,0.0,0,0,11141958,11.141958,True,CLEAN
CRC32,13-15,3,75,1364,10912,11064,11096,32,0.28922631959508316,0.0,0.0,0,0,11024334,11.024334,True,CLEAN
CRC32,13-15,3,76,1364,10912,11064,11096,32,0.28922631959508316,0.0,0.0,0,0,10924083,10.924083,True,CLEAN
CRC32,13-15,3,77,1364,10912,11064,11096,32,0.28922631959508316,0.0,0.0,0,0,10930625,10.930625,True,CLEAN
CRC32,13-15,3,78,1364,10912,11064,11096,32,0.28922631959508316,0.0,0.0,0,0,10914625,10.914625,True,CLEAN
CRC32,13-15,3,79,1364,10912,11064,11096,32,0.28922631959508316,0.0,0.0,0,0,10856083,10.856083,True,CLEAN
CRC32,13-15,3,80,1364,10912,11064,11096,32,0.28922631959508316,0.0,0.0,0,0,10830292,10.830292,True,CLEAN
CRC32,13-15,3,81,1364,10912,11064,11096,32,0.28922631959508316,0.0,0.0,0,0,11487084,11.487084,True,CLEAN
CRC32,13-15,3,82,1364,10912,11064,11096,32,0.28922631959508316,0.0,0.0,0,0,11132917,11.132917,True,CLEAN
CRC32,13-15,3,83,1364,10912,11064,11096,32,0.28922631959508316,0.0,0.0,0,0,11099709,11.099709,True,CLEAN
CRC32,13-15,3,84,1364,10912,11064,11096,32,0.28922631959508316,0.0,0.0,0,0,11033125,11.033125,True,CLEAN
CRC32,13-15,3,85,1364,10912,11064,11096,32,0.28922631959508316,0.0,0.0,0,0,11611583,11.611583,True,CLEAN
CRC32,13-15,3,86,1364,10912,11064,11096,32,0.28922631959508316,0.0,0.0,0,0,11929334,11.929334,True,CLEAN
CRC32,13-15,3,87,1364,10912,11064,11096,32,0.28922631959508316,0.0,0.0,0,0,27720792,27.720792,True,CLEAN
CRC32,13-15,3,88,1364,10912,11064,11096,32,0.28922631959508316,0.0,0.0,0,0,11112541,11.112541,True,CLEAN
CRC32,13-15,3,89,1364,10912,11064,11096,32,0.28922631959508316,0.0,0.0,0,0,11037875,11.037875,True,CLEAN
CRC32,13-15,3,90,1364,10912,11064,11096,32,0.28922631959508316,0.0,0.0,0,0,11128708,11.128708,True,CLEAN
CRC32,13-15,3,91,1364,10912,11064,11096,32,0.28922631959508316,0.0,0.0,0,0,11185292,11.185292,True,CLEAN
CRC32,13-15,3,92,1364,10912,11064,11096,32,0.28922631959508316,0.0,0.0,0,0,11248041,11.248041,True,CLEAN
CRC32,13-15,3,93,1364,10912,11064,11096,32,0.28922631959508316,0.0,0.0,0,0,11006792,11.006792,True,CLEAN
CRC32,13-15,3,94,1364,10912,11064,11096,32,0.28922631959508316,0.0,0.0,0,0,11100166,11.100166,True,CLEAN
CRC32,13-15,3,95,1364,10912,11064,11096,32,0.28922631959508316,0.0,0.0,0,0,10977708,10.977708,True,CLEAN
CRC32,13-15,3,96,1364,10912,11064,11096,32,0.28922631959508316,0.0,0.0,0,0,11361291,11.361291,True,CLEAN
CRC32,13-15,3,97,1364,10912,11064,11096,32,0.28922631959508316,0.0,0.0,0,0,11223042,11.223042,True,CLEAN
CRC32,13-15,3,98,1364,10912,11064,11096,32,0.28922631959508316,0.0,0.0,0,0,11090084,11.090084,True,CLEAN
CRC32,13-15,3,99,1364,10912,11064,11096,32,0.28922631959508316,0.0,0.0,0,0,11440000,11.44,True,CLEAN
CRC32,13-15,3,100,1364,10912,11064,11096,32,0.28922631959508316,0.0,0.0,0,0,11036500,11.0365,True,CLEAN
CRC32,13-15,3,1,1364,10912,11064,11096,32,0.28922631959508316,0.01,0.009012256669069935,1,0,11241750,11.24175,True,CLEAN
CRC32,13-15,3,2,1364,10912,11064,11096,32,0.28922631959508316,0.01,0.009012256669069935,1,0,11524000,11.524,True,CLEAN
CRC32,13-15,3,3,1364,10912,11064,11096,32,0.28922631959508316,0.01,0.009012256669069935,1,0,11631541,11.631541,True,CLEAN
CRC32,13-15,3,4,1364,10912,11064,11096,32,0.28922631959508316,0.01,0.009012256669069935,1,0,11614500,11.6145,True,CLEAN
CRC32,13-15,3,5,1364,10912,11064,11096,32,0.28922631959508316,0.01,0.009012256669069935,1,0,11412166,11.412166,True,CLEAN
CRC32,13-15,3,6,1364,10912,11064,11096,32,0.28922631959508316,0.01,0.009012256669069935,1,1,10836000,10.836,,CRC_DETECTED
CRC32,13-15,3,7,1364,10912,11064,11096,32,0.28922631959508316,0.01,0.009012256669069935,1,1,10739541,10.739541,,CRC_DETECTED
CRC32,13-15,3,8,1364,10912,11064,11096,32,0.28922631959508316,0.01,0.009012256669069935,1,0,11488667,11.488667,True,CLEAN
CRC32,13-15,3,9,1364,10912,11064,11096,32,0.28922631959508316,0.01,0.009012256669069935,1,0,11106167,11.106167,True,CLEAN
CRC32,13-15,3,10,1364,10912,11064,11096,32,0.28922631959508316,0.01,0.009012256669069935,1,1,10834416,10.834416,,CRC_DETECTED
CRC32,13-15,3,11,1364,10912,11064,11096,32,0.28922631959508316,0.01,0.009012256669069935,1,1,10653584,10.653584,,CRC_DETECTED
CRC32,13-15,3,12,1364,10912,11064,11096,32,0.28922631959508316,0.01,0.009012256669069935,1,1,10537625,10.537625,,CRC_DETECTED
CRC32,13-15,3,13,1364,10912,11064,11096,32,0.28922631959508316,0.01,0.009012256669069935,1,1,10791500,10.7915,,CRC_DETECTED
CRC32,13-15,3,14,1364,10912,11064,11096,32,0.28922631959508316,0.01,0.009012256669069935,1,2,10615500,10.6155,,CRC_DETECTED
CRC32,13-15,3,15,1364,10912,11064,11096,32,0.28922631959508316,0.01,0.009012256669069935,1,0,10924459,10.924459,True,CLEAN
CRC32,13-15,3,16,1364,10912,11064,11096,32,0.28922631959508316,0.01,0.009012256669069935,1,1,10432333,10.432333,,CRC_DETECTED
CRC32,13-15,3,17,1364,10912,11064,11096,32,0.28922631959508316,0.01,0.009012256669069935,1,1,10778750,10.77875,,CRC_DETECTED
CRC32,13-15,3,18,1364,10912,11064,11096,32,0.28922631959508316,0.01,0.009012256669069935,1,2,10769458,10.769458,,CRC_DETECTED
CRC32,13-15,3,19,1364,10912,11064,11096,32,0.28922631959508316,0.01,0.009012256669069935,1,1,10688917,10.688917,,CRC_DETECTED
CRC32,13-15,3,20,1364,10912,11064,11096,32,0.28922631959508316,0.01,0.009012256669069935,1,3,10749542,10.749542,,CRC_DETECTED
CRC32,13-15,3,21,1364,10912,11064,11096,32,0.28922631959508316,0.01,0.009012256669069935,1,3,10678209,10.678209,,CRC_DETECTED
CRC32,13-15,3,22,1364,10912,11064,11096,32,0.28922631959508316,0.01,0.009012256669069935,1,0,11374458,11.374458,True,CLEAN
CRC32,13-15,3,23,1364,10912,11064,11096,32,0.28922631959508316,0.01,0.009012256669069935,1,0,11034875,11.034875,True,CLEAN
CRC32,13-15,3,24,1364,10912,11064,11096,32,0.28922631959508316,0.01,0.009012256669069935,1,1,10626459,10.626459,,CRC_DETECTED
CRC32,13-15,3,25,1364,10912,11064,11096,32,0.28922631959508316,0.01,0.009012256669069935,1,0,11459166,11.459166,True,CLEAN
CRC32,13-15,3,26,1364,10912,11064,11096,32,0.28922631959508316,0.01,0.009012256669069935,1,1,10903292,10.903292,,CRC_DETECTED
CRC32,13-15,3,27,1364,10912,11064,11096,32,0.28922631959508316,0.01,0.009012256669069935,1,0,11031291,11.031291,True,CLEAN
CRC32,13-15,3,28,1364,10912,11064,11096,32,0.28922631959508316,0.01,0.009012256669069935,1,0,11090083,11.090083,True,CLEAN
CRC32,13-15,3,29,1364,10912,11064,11096,32,0.28922631959508316,0.01,0.009012256669069935,1,3,10762625,10.762625,,CRC_DETECTED
CRC32,13-15,3,30,1364,10912,11064,11096,32,0.28922631959508316,0.01,0.009012256669069935,1,0,10944292,10.944292,True,CLEAN
CRC32,13-15,3,31,1364,10912,11064,11096,32,0.28922631959508316,0.01,0.009012256669069935,1,0,11202208,11.202208,True,CLEAN
CRC32,13-15,3,32,1364,10912,11064,11096,32,0.28922631959508316,0.01,0.009012256669069935,1,0,11252916,11.252916,True,CLEAN
CRC32,13-15,3,33,1364,10912,11064,11096,32,0.28922631959508316,0.01,0.009012256669069935,1,0,11331833,11.331833,True,CLEAN
CRC32,13-15,3,34,1364,10912,11064,11096,32,0.28922631959508316,0.01,0.009012256669069935,1,1,10854500,10.8545,,CRC_DETECTED
CRC32,13-15,3,35,1364,10912,11064,11096,32,0.28922631959508316,0.01,0.009012256669069935,1,1,10723208,10.723208,,CRC_DETECTED
CRC32,13-15,3,36,1364,10912,11064,11096,32,0.28922631959508316,0.01,0.009012256669069935,1,1,10764459,10.764459,,CRC_DETECTED
CRC32,13-15,3,37,1364,10912,11064,11096,32,0.28922631959508316,0.01,0.009012256669069935,1,1,10648292,10.648292,,CRC_DETECTED
CRC32,13-15,3,38,1364,10912,11064,11096,32,0.28922631959508316,0.01,0.009012256669069935,1,3,10704625,10.704625,,CRC_DETECTED
CRC32,13-15,3,39,1364,10912,11064,11096,32,0.28922631959508316,0.01,0.009012256669069935,1,3,10615334,10.615334,,CRC_DETECTED
CRC32,13-15,3,40,1364,10912,11064,11096,32,0.28922631959508316,0.01,0.009012256669069935,1,1,10620584,10.620584,,CRC_DETECTED
CRC32,13-15,3,41,1364,10912,11064,11096,32,0.28922631959508316,0.01,0.009012256669069935,1,0,11093458,11.093458,True,CLEAN
CRC32,13-15,3,42,1364,10912,11064,11096,32,0.28922631959508316,0.01,0.009012256669069935,1,0,11199875,11.199875,True,CLEAN
CRC32,13-15,3,43,1364,10912,11064,11096,32,0.28922631959508316,0.01,0.009012256669069935,1,1,10561500,10.5615,,CRC_DETECTED
CRC32,13-15,3,44,1364,10912,11064,11096,32,0.28922631959508316,0.01,0.009012256669069935,1,1,10938125,10.938125,,CRC_DETECTED
CRC32,13-15,3,45,1364,10912,11064,11096,32,0.28922631959508316,0.01,0.009012256669069935,1,2,10652458,10.652458,,CRC_DETECTED
CRC32,13-15,3,46,1364,10912,11064,11096,32,0.28922631959508316,0.01,0.009012256669069935,1,1,10537625,10.537625,,CRC_DETECTED
CRC32,13-15,3,47,1364,10912,11064,11096,32,0.28922631959508316,0.01,0.009012256669069935,1,0,11084333,11.084333,True,CLEAN
CRC32,13-15,3,48,1364,10912,11064,11096,32,0.28922631959508316,0.01,0.009012256669069935,1,2,10661167,10.661167,,CRC_DETECTED
CRC32,13-15,3,49,1364,10912,11064,11096,32,0.28922631959508316,0.01,0.009012256669069935,1,0,11074333,11.074333,True,CLEAN
CRC32,13-15,3,50,1364,10912,11064,11096,32,0.28922631959508316,0.01,0.009012256669069935,1,1,10663417,10.663417,,CRC_DETECTED
CRC32,13-15,3,51,1364,10912,11064,11096,32,0.28922631959508316,0.01,0.009012256669069935,1,1,10616208,10.616208,,CRC_DETECTED
CRC32,13-15,3,52,1364,10912,11064,11096,32,0.28922631959508316,0.01,0.009012256669069935,1,0,11010041,11.010041,True,CLEAN
CRC32,13-15,3,53,1364,10912,11064,11096,32,0.28922631959508316,0.01,0.009012256669069935,1,2,10670125,10.670125,,CRC_DETECTED
CRC32,13-15,3,54,1364,10912,11064,11096,32,0.28922631959508316,0.01,0.009012256669069935,1,1,10576209,10.576209,,CRC_DETECTED
CRC32,13-15,3,55,1364,10912,11064,11096,32,0.28922631959508316,0.01,0.009012256669069935,1,0,11039250,11.03925,True,CLEAN
CRC32,13-15,3,56,1364,10912,11064,11096,32,0.28922631959508316,0.01,0.009012256669069935,1,0,10978042,10.978042,True,CLEAN
CRC32,13-15,3,57,1364,10912,11064,11096,32,0.28922631959508316,0.01,0.009012256669069935,1,1,10939250,10.93925,,CRC_DETECTED
CRC32,13-15,3,58,1364,10912,11064,11096,32,0.28922631959508316,0.01,0.009012256669069935,1,2,10923000,10.923,,CRC_DETECTED
CRC32,13-15,3,59,1364,10912,11064,11096,32,0.28922631959508316,0.01,0.009012256669069935,1,1,10911125,10.911125,,CRC_DETECTED
CRC32,13-15,3,60,1364,10912,11064,11096,32,0.28922631959508316,0.01,0.009012256669069935,1,3,10944458,10.944458,,CRC_DETECTED
CRC32,13-15,3,61,1364,10912,11064,11096,32,0.28922631959508316,0.01,0.009012256669069935,1,0,11679166,11.679166,True,CLEAN
CRC32,13-15,3,62,1364,10912,11064,11096,32,0.28922631959508316,0.01,0.009012256669069935,1,1,10654542,10.654542,,CRC_DETECTED
CRC32,13-15,3,63,1364,10912,11064,11096,32,0.28922631959508316,0.01,0.009012256669069935,1,0,11327834,11.327834,True,CLEAN
CRC32,13-15,3,64,1364,10912,11064,11096,32,0.28922631959508316,0.01,0.009012256669069935,1,4,10964209,10.964209,,CRC_DETECTED
CRC32,13-15,3,65,1364,10912,11064,11096,32,0.28922631959508316,0.01,0.009012256669069935,1,1,10795375,10.795375,,CRC_DETECTED
CRC32,13-15,3,66,1364,10912,11064,11096,32,0.28922631959508316,0.01,0.009012256669069935,1,1,10930791,10.930791,,CRC_DETECTED
CRC32,13-15,3,67,1364,10912,11064,11096,32,0.28922631959508316,0.01,0.009012256669069935,1,0,11122166,11.122166,True,CLEAN
CRC32,13-15,3,68,1364,10912,11064,11096,32,0.28922631959508316,0.01,0.009012256669069935,1,0,10909500,10.9095,True,CLEAN
CRC32,13-15,3,69,1364,10912,11064,11096,32,0.28922631959508316,0.01,0.009012256669069935,1,1,10438791,10.438791,,CRC_DETECTED
CRC32,13-15,3,70,1364,10912,11064,11096,32,0.28922631959508316,0.01,0.009012256669069935,1,0,11032625,11.032625,True,CLEAN
CRC32,13-15,3,71,1364,10912,11064,11096,32,0.28922631959508316,0.01,0.009012256669069935,1,1,10724459,10.724459,,CRC_DETECTED
CRC32,13-15,3,72,1364,10912,11064,11096,32,0.28922631959508316,0.01,0.009012256669069935,1,0,11317500,11.3175,True,CLEAN
CRC32,13-15,3,73,1364,10912,11064,11096,32,0.28922631959508316,0.01,0.009012256669069935,1,0,11064000,11.064,True,CLEAN
CRC32,13-15,3,74,1364,10912,11064,11096,32,0.28922631959508316,0.01,0.009012256669069935,1,3,10934375,10.934375,,CRC_DETECTED
CRC32,13-15,3,75,1364,10912,11064,11096,32,0.28922631959508316,0.01,0.009012256669069935,1,1,10682250,10.68225,,CRC_DETECTED
CRC32,13-15,3,76,1364,10912,11064,11096,32,0.28922631959508316,0.01,0.009012256669069935,1,2,10717333,10.717333,,CRC_DETECTED
CRC32,13-15,3,77,1364,10912,11064,11096,32,0.28922631959508316,0.01,0.009012256669069935,1,1,10606417,10.606417,,CRC_DETECTED
CRC32,13-15,3,78,1364,10912,11064,11096,32,0.28922631959508316,0.01,0.009012256669069935,1,2,10796291,10.796291,,CRC_DETECTED
CRC32,13-15,3,79,1364,10912,11064,11096,32,0.28922631959508316,0.01,0.009012256669069935,1,0,10976208,10.976208,True,CLEAN
CRC32,13-15,3,80,1364,10912,11064,11096,32,0.28922631959508316,0.01,0.009012256669069935,1,0,11043375,11.043375,True,CLEAN
CRC32,13-15,3,81,1364,10912,11064,11096,32,0.28922631959508316,0.01,0.009012256669069935,1,3,10802833,10.802833,,CRC_DETECTED
CRC32,13-15,3,82,1364,10912,11064,11096,32,0.28922631959508316,0.01,0.009012256669069935,1,1,10525458,10.525458,,CRC_DETECTED
CRC32,13-15,3,83,1364,10912,11064,11096,32,0.28922631959508316,0.01,0.009012256669069935,1,1,10695750,10.69575,,CRC_DETECTED
CRC32,13-15,3,84,1364,10912,11064,11096,32,0.28922631959508316,0.01,0.009012256669069935,1,0,11327625,11.327625,True,CLEAN
CRC32,13-15,3,85,1364,10912,11064,11096,32,0.28922631959508316,0.01,0.009012256669069935,1,1,10585125,10.585125,,CRC_DETECTED
CRC32,13-15,3,86,1364,10912,11064,11096,32,0.28922631959508316,0.01,0.009012256669069935,1,0,11212083,11.212083,True,CLEAN
CRC32,13-15,3,87,1364,10912,11064,11096,32,0.28922631959508316,0.01,0.009012256669069935,1,3,10698250,10.69825,,CRC_DETECTED
CRC32,13-15,3,88,1364,10912,11064,11096,32,0.28922631959508316,0.01,0.009012256669069935,1,1,10638708,10.638708,,CRC_DETECTED
CRC32,13-15,3,89,1364,10912,11064,11096,32,0.28922631959508316,0.01,0.009012256669069935,1,1,10604958,10.604958,,CRC_DETECTED
CRC32,13-15,3,90,1364,10912,11064,11096,32,0.28922631959508316,0.01,0.009012256669069935,1,1,10724792,10.724792,,CRC_DETECTED
CRC32,13-15,3,91,1364,10912,11064,11096,32,0.28922631959508316,0.01,0.009012256669069935,1,0,11394417,11.394417,True,CLEAN
CRC32,13-15,3,92,1364,10912,11064,11096,32,0.28922631959508316,0.01,0.009012256669069935,1,2,10747500,10.7475,,CRC_DETECTED
CRC32,13-15,3,93,1364,10912,11064,11096,32,0.28922631959508316,0.01,0.009012256669069935,1,1,10786417,10.786417,,CRC_DETECTED
CRC32,13-15,3,94,1364,10912,11064,11096,32,0.28922631959508316,0.01,0.009012256669069935,1,0,11263916,11.263916,True,CLEAN
CRC32,13-15,3,95,1364,10912,11064,11096,32,0.28922631959508316,0.01,0.009012256669069935,1,2,10869083,10.869083,,CRC_DETECTED
CRC32,13-15,3,96,1364,10912,11064,11096,32,0.28922631959508316,0.01,0.009012256669069935,1,0,11295875,11.295875,True,CLEAN
CRC32,13-15,3,97,1364,10912,11064,11096,32,0.28922631959508316,0.01,0.009012256669069935,1,0,10977041,10.977041,True,CLEAN
CRC32,13-15,3,98,1364,10912,11064,11096,32,0.28922631959508316,0.01,0.009012256669069935,1,2,10480125,10.480125,,CRC_DETECTED
CRC32,13-15,3,99,1364,10912,11064,11096,32,0.28922631959508316,0.01,0.009012256669069935,1,3,10761541,10.761541,,CRC_DETECTED
CRC32,13-15,3,100,1364,10912,11064,11096,32,0.28922631959508316,0.01,0.009012256669069935,1,0,11044000,11.044,True,CLEAN
CRC32,13-15,3,1,1364,10912,11064,11096,32,0.28922631959508316,0.1,0.09913482335976928,11,9,10808291,10.808291,,CRC_DETECTED
CRC32,13-15,3,2,1364,10912,11064,11096,32,0.28922631959508316,0.1,0.09913482335976928,11,9,10505916,10.505916,,CRC_DETECTED
CRC32,13-15,3,3,1364,10912,11064,11096,32,0.28922631959508316,0.1,0.09913482335976928,11,12,10690458,10.690458,,CRC_DETECTED
CRC32,13-15,3,4,1364,10912,11064,11096,32,0.28922631959508316,0.1,0.09913482335976928,11,10,10904791,10.904791,,CRC_DETECTED
CRC32,13-15,3,5,1364,10912,11064,11096,32,0.28922631959508316,0.1,0.09913482335976928,11,11,10971959,10.971959,,CRC_DETECTED
CRC32,13-15,3,6,1364,10912,11064,11096,32,0.28922631959508316,0.1,0.09913482335976928,11,5,10604208,10.604208,,CRC_DETECTED
CRC32,13-15,3,7,1364,10912,11064,11096,32,0.28922631959508316,0.1,0.09913482335976928,11,14,10707458,10.707458,,CRC_DETECTED
CRC32,13-15,3,8,1364,10912,11064,11096,32,0.28922631959508316,0.1,0.09913482335976928,11,6,10678625,10.678625,,CRC_DETECTED
CRC32,13-15,3,9,1364,10912,11064,11096,32,0.28922631959508316,0.1,0.09913482335976928,11,10,10710166,10.710166,,CRC_DETECTED
CRC32,13-15,3,10,1364,10912,11064,11096,32,0.28922631959508316,0.1,0.09913482335976928,11,14,10975250,10.97525,,CRC_DETECTED
CRC32,13-15,3,11,1364,10912,11064,11096,32,0.28922631959508316,0.1,0.09913482335976928,11,12,10815500,10.8155,,CRC_DETECTED
CRC32,13-15,3,12,1364,10912,11064,11096,32,0.28922631959508316,0.1,0.09913482335976928,11,12,10640125,10.640125,,CRC_DETECTED
CRC32,13-15,3,13,1364,10912,11064,11096,32,0.28922631959508316,0.1,0.09913482335976928,11,10,10836083,10.836083,,CRC_DETECTED
CRC32,13-15,3,14,1364,10912,11064,11096,32,0.28922631959508316,0.1,0.09913482335976928,11,15,10759250,10.75925,,CRC_DETECTED
CRC32,13-15,3,15,1364,10912,11064,11096,32,0.28922631959508316,0.1,0.09913482335976928,11,12,10745083,10.745083,,CRC_DETECTED
CRC32,13-15,3,16,1364,10912,11064,11096,32,0.28922631959508316,0.1,0.09913482335976928,11,9,10631750,10.63175,,CRC_DETECTED
CRC32,13-15,3,17,1364,10912,11064,11096,32,0.28922631959508316,0.1,0.09913482335976928,11,18,10786416,10.786416,,CRC_DETECTED
CRC32,13-15,3,18,1364,10912,11064,11096,32,0.28922631959508316,0.1,0.09913482335976928,11,11,10858917,10.858917,,CRC_DETECTED
CRC32,13-15,3,19,1364,10912,11064,11096,32,0.28922631959508316,0.1,0.09913482335976928,11,6,10796208,10.796208,,CRC_DETECTED
CRC32,13-15,3,20,1364,10912,11064,11096,32,0.28922631959508316,0.1,0.09913482335976928,11,5,10777084,10.777084,,CRC_DETECTED
CRC32,13-15,3,21,1364,10912,11064,11096,32,0.28922631959508316,0.1,0.09913482335976928,11,7,10692666,10.692666,,CRC_DETECTED
CRC32,13-15,3,22,1364,10912,11064,11096,32,0.28922631959508316,0.1,0.09913482335976928,11,7,10814084,10.814084,,CRC_DETECTED
CRC32,13-15,3,23,1364,10912,11064,11096,32,0.28922631959508316,0.1,0.09913482335976928,11,12,10717625,10.717625,,CRC_DETECTED
CRC32,13-15,3,24,1364,10912,11064,11096,32,0.28922631959508316,0.1,0.09913482335976928,11,12,10711167,10.711167,,CRC_DETECTED
CRC32,13-15,3,25,1364,10912,11064,11096,32,0.28922631959508316,0.1,0.09913482335976928,11,7,10682375,10.682375,,CRC_DETECTED
CRC32,13-15,3,26,1364,10912,11064,11096,32,0.28922631959508316,0.1,0.09913482335976928,11,9,10710167,10.710167,,CRC_DETECTED
CRC32,13-15,3,27,1364,10912,11064,11096,32,0.28922631959508316,0.1,0.09913482335976928,11,13,10661917,10.661917,,CRC_DETECTED
CRC32,13-15,3,28,1364,10912,11064,11096,32,0.28922631959508316,0.1,0.09913482335976928,11,16,10682750,10.68275,,CRC_DETECTED
CRC32,13-15,3,29,1364,10912,11064,11096,32,0.28922631959508316,0.1,0.09913482335976928,11,13,10605708,10.605708,,CRC_DETECTED
CRC32,13-15,3,30,1364,10912,11064,11096,32,0.28922631959508316,0.1,0.09913482335976928,11,12,10826000,10.826,,CRC_DETECTED
CRC32,13-15,3,31,1364,10912,11064,11096,32,0.28922631959508316,0.1,0.09913482335976928,11,7,10960750,10.96075,,CRC_DETECTED
CRC32,13-15,3,32,1364,10912,11064,11096,32,0.28922631959508316,0.1,0.09913482335976928,11,11,11309250,11.30925,,CRC_DETECTED
CRC32,13-15,3,33,1364,10912,11064,11096,32,0.28922631959508316,0.1,0.09913482335976928,11,15,11121000,11.121,,CRC_DETECTED
CRC32,13-15,3,34,1364,10912,11064,11096,32,0.28922631959508316,0.1,0.09913482335976928,11,7,11106166,11.106166,,CRC_DETECTED
CRC32,13-15,3,35,1364,10912,11064,11096,32,0.28922631959508316,0.1,0.09913482335976928,11,8,11065292,11.065292,,CRC_DETECTED
CRC32,13-15,3,36,1364,10912,11064,11096,32,0.28922631959508316,0.1,0.09913482335976928,11,5,11197833,11.197833,,CRC_DETECTED
CRC32,13-15,3,37,1364,10912,11064,11096,32,0.28922631959508316,0.1,0.09913482335976928,11,12,11121291,11.121291,,CRC_DETECTED
CRC32,13-15,3,38,1364,10912,11064,11096,32,0.28922631959508316,0.1,0.09913482335976928,11,9,11223292,11.223292,,CRC_DETECTED
CRC32,13-15,3,39,1364,10912,11064,11096,32,0.28922631959508316,0.1,0.09913482335976928,11,25,11188542,11.188542,,CRC_DETECTED
CRC32,13-15,3,40,1364,10912,11064,11096,32,0.28922631959508316,0.1,0.09913482335976928,11,8,11279959,11.279959,,CRC_DETECTED
CRC32,13-15,3,41,1364,10912,11064,11096,32,0.28922631959508316,0.1,0.09913482335976928,11,9,11033584,11.033584,,CRC_DETECTED
CRC32,13-15,3,42,1364,10912,11064,11096,32,0.28922631959508316,0.1,0.09913482335976928,11,16,11024708,11.024708,,CRC_DETECTED
CRC32,13-15,3,43,1364,10912,11064,11096,32,0.28922631959508316,0.1,0.09913482335976928,11,6,10670791,10.670791,,CRC_DETECTED
CRC32,13-15,3,44,1364,10912,11064,11096,32,0.28922631959508316,0.1,0.09913482335976928,11,12,10720792,10.720792,,CRC_DETECTED
CRC32,13-15,3,45,1364,10912,11064,11096,32,0.28922631959508316,0.1,0.09913482335976928,11,15,10677458,10.677458,,CRC_DETECTED
CRC32,13-15,3,46,1364,10912,11064,11096,32,0.28922631959508316,0.1,0.09913482335976928,11,6,10707041,10.707041,,CRC_DETECTED
CRC32,13-15,3,47,1364,10912,11064,11096,32,0.28922631959508316,0.1,0.09913482335976928,11,13,10869958,10.869958,,CRC_DETECTED
CRC32,13-15,3,48,1364,10912,11064,11096,32,0.28922631959508316,0.1,0.09913482335976928,11,11,10972125,10.972125,,CRC_DETECTED
CRC32,13-15,3,49,1364,10912,11064,11096,32,0.28922631959508316,0.1,0.09913482335976928,11,8,11264292,11.264292,,CRC_DETECTED
CRC32,13-15,3,50,1364,10912,11064,11096,32,0.28922631959508316,0.1,0.09913482335976928,11,12,11077125,11.077125,,CRC_DETECTED
CRC32,13-15,3,51,1364,10912,11064,11096,32,0.28922631959508316,0.1,0.09913482335976928,11,16,10986917,10.986917,,CRC_DETECTED
CRC32,13-15,3,52,1364,10912,11064,11096,32,0.28922631959508316,0.1,0.09913482335976928,11,8,11120041,11.120041,,CRC_DETECTED
CRC32,13-15,3,53,1364,10912,11064,11096,32,0.28922631959508316,0.1,0.09913482335976928,11,11,11021417,11.021417,,CRC_DETECTED
CRC32,13-15,3,54,1364,10912,11064,11096,32,0.28922631959508316,0.1,0.09913482335976928,11,12,10945708,10.945708,,CRC_DETECTED
CRC32,13-15,3,55,1364,10912,11064,11096,32,0.28922631959508316,0.1,0.09913482335976928,11,8,11089500,11.0895,,CRC_DETECTED
CRC32,13-15,3,56,1364,10912,11064,11096,32,0.28922631959508316,0.1,0.09913482335976928,11,9,11082292,11.082292,,CRC_DETECTED
CRC32,13-15,3,57,1364,10912,11064,11096,32,0.28922631959508316,0.1,0.09913482335976928,11,9,11453875,11.453875,,CRC_DETECTED
CRC32,13-15,3,58,1364,10912,11064,11096,32,0.28922631959508316,0.1,0.09913482335976928,11,10,11191833,11.191833,,CRC_DETECTED
CRC32,13-15,3,59,1364,10912,11064,11096,32,0.28922631959508316,0.1,0.09913482335976928,11,11,11133416,11.133416,,CRC_DETECTED
CRC32,13-15,3,60,1364,10912,11064,11096,32,0.28922631959508316,0.1,0.09913482335976928,11,6,11350417,11.350417,,CRC_DETECTED
CRC32,13-15,3,61,1364,10912,11064,11096,32,0.28922631959508316,0.1,0.09913482335976928,11,14,11353208,11.353208,,CRC_DETECTED
CRC32,13-15,3,62,1364,10912,11064,11096,32,0.28922631959508316,0.1,0.09913482335976928,11,13,11016750,11.01675,,CRC_DETECTED
CRC32,13-15,3,63,1364,10912,11064,11096,32,0.28922631959508316,0.1,0.09913482335976928,11,15,10871375,10.871375,,CRC_DETECTED
CRC32,13-15,3,64,1364,10912,11064,11096,32,0.28922631959508316,0.1,0.09913482335976928,11,14,11183459,11.183459,,CRC_DETECTED
CRC32,13-15,3,65,1364,10912,11064,11096,32,0.28922631959508316,0.1,0.09913482335976928,11,9,11057542,11.057542,,CRC_DETECTED
CRC32,13-15,3,66,1364,10912,11064,11096,32,0.28922631959508316,0.1,0.09913482335976928,11,13,11057083,11.057083,,CRC_DETECTED
CRC32,13-15,3,67,1364,10912,11064,11096,32,0.28922631959508316,0.1,0.09913482335976928,11,12,11167917,11.167917,,CRC_DETECTED
CRC32,13-15,3,68,1364,10912,11064,11096,32,0.28922631959508316,0.1,0.09913482335976928,11,11,11088458,11.088458,,CRC_DETECTED
CRC32,13-15,3,69,1364,10912,11064,11096,32,0.28922631959508316,0.1,0.09913482335976928,11,8,10894625,10.894625,,CRC_DETECTED
CRC32,13-15,3,70,1364,10912,11064,11096,32,0.28922631959508316,0.1,0.09913482335976928,11,9,11105250,11.10525,,CRC_DETECTED
CRC32,13-15,3,71,1364,10912,11064,11096,32,0.28922631959508316,0.1,0.09913482335976928,11,6,10982250,10.98225,,CRC_DETECTED
CRC32,13-15,3,72,1364,10912,11064,11096,32,0.28922631959508316,0.1,0.09913482335976928,11,9,10869875,10.869875,,CRC_DETECTED
CRC32,13-15,3,73,1364,10912,11064,11096,32,0.28922631959508316,0.1,0.09913482335976928,11,10,11388458,11.388458,,CRC_DETECTED
CRC32,13-15,3,74,1364,10912,11064,11096,32,0.28922631959508316,0.1,0.09913482335976928,11,15,10987916,10.987916,,CRC_DETECTED
CRC32,13-15,3,75,1364,10912,11064,11096,32,0.28922631959508316,0.1,0.09913482335976928,11,13,10999458,10.999458,,CRC_DETECTED
CRC32,13-15,3,76,1364,10912,11064,11096,32,0.28922631959508316,0.1,0.09913482335976928,11,10,10860584,10.860584,,CRC_DETECTED
CRC32,13-15,3,77,1364,10912,11064,11096,32,0.28922631959508316,0.1,0.09913482335976928,11,10,10722750,10.72275,,CRC_DETECTED
CRC32,13-15,3,78,1364,10912,11064,11096,32,0.28922631959508316,0.1,0.09913482335976928,11,20,10754000,10.754,,CRC_DETECTED
CRC32,13-15,3,79,1364,10912,11064,11096,32,0.28922631959508316,0.1,0.09913482335976928,11,10,10917500,10.9175,,CRC_DETECTED
CRC32,13-15,3,80,1364,10912,11064,11096,32,0.28922631959508316,0.1,0.09913482335976928,11,10,10693250,10.69325,,CRC_DETECTED
CRC32,13-15,3,81,1364,10912,11064,11096,32,0.28922631959508316,0.1,0.09913482335976928,11,12,10777209,10.777209,,CRC_DETECTED
CRC32,13-15,3,82,1364,10912,11064,11096,32,0.28922631959508316,0.1,0.09913482335976928,11,10,10695375,10.695375,,CRC_DETECTED
CRC32,13-15,3,83,1364,10912,11064,11096,32,0.28922631959508316,0.1,0.09913482335976928,11,13,10759958,10.759958,,CRC_DETECTED
CRC32,13-15,3,84,1364,10912,11064,11096,32,0.28922631959508316,0.1,0.09913482335976928,11,15,10682708,10.682708,,CRC_DETECTED
CRC32,13-15,3,85,1364,10912,11064,11096,32,0.28922631959508316,0.1,0.09913482335976928,11,10,10725292,10.725292,,CRC_DETECTED
CRC32,13-15,3,86,1364,10912,11064,11096,32,0.28922631959508316,0.1,0.09913482335976928,11,9,10622917,10.622917,,CRC_DETECTED
CRC32,13-15,3,87,1364,10912,11064,11096,32,0.28922631959508316,0.1,0.09913482335976928,11,9,10669041,10.669041,,CRC_DETECTED
CRC32,13-15,3,88,1364,10912,11064,11096,32,0.28922631959508316,0.1,0.09913482335976928,11,9,10727750,10.72775,,CRC_DETECTED
CRC32,13-15,3,89,1364,10912,11064,11096,32,0.28922631959508316,0.1,0.09913482335976928,11,11,10663542,10.663542,,CRC_DETECTED
CRC32,13-15,3,90,1364,10912,11064,11096,32,0.28922631959508316,0.1,0.09913482335976928,11,11,10669750,10.66975,,CRC_DETECTED
CRC32,13-15,3,91,1364,10912,11064,11096,32,0.28922631959508316,0.1,0.09913482335976928,11,13,10783417,10.783417,,CRC_DETECTED
CRC32,13-15,3,92,1364,10912,11064,11096,32,0.28922631959508316,0.1,0.09913482335976928,11,13,10843584,10.843584,,CRC_DETECTED
CRC32,13-15,3,93,1364,10912,11064,11096,32,0.28922631959508316,0.1,0.09913482335976928,11,8,10763916,10.763916,,CRC_DETECTED
CRC32,13-15,3,94,1364,10912,11064,11096,32,0.28922631959508316,0.1,0.09913482335976928,11,8,10854666,10.854666,,CRC_DETECTED
CRC32,13-15,3,95,1364,10912,11064,11096,32,0.28922631959508316,0.1,0.09913482335976928,11,7,10818416,10.818416,,CRC_DETECTED
CRC32,13-15,3,96,1364,10912,11064,11096,32,0.28922631959508316,0.1,0.09913482335976928,11,19,10824042,10.824042,,CRC_DETECTED
CRC32,13-15,3,97,1364,10912,11064,11096,32,0.28922631959508316,0.1,0.09913482335976928,11,5,10759667,10.759667,,CRC_DETECTED
CRC32,13-15,3,98,1364,10912,11064,11096,32,0.28922631959508316,0.1,0.09913482335976928,11,10,10664916,10.664916,,CRC_DETECTED
CRC32,13-15,3,99,1364,10912,11064,11096,32,0.28922631959508316,0.1,0.09913482335976928,11,6,10815709,10.815709,,CRC_DETECTED
CRC32,13-15,3,100,1364,10912,11064,11096,32,0.28922631959508316,0.1,0.09913482335976928,11,13,10722416,10.722416,,CRC_DETECTED
CRC32,13-15,3,1,1364,10912,11064,11096,32,0.28922631959508316,1.0,1.0003604902667627,111,109,10872750,10.87275,,CRC_DETECTED
CRC32,13-15,3,2,1364,10912,11064,11096,32,0.28922631959508316,1.0,1.0003604902667627,111,111,10851209,10.851209,,CRC_DETECTED
CRC32,13-15,3,3,1364,10912,11064,11096,32,0.28922631959508316,1.0,1.0003604902667627,111,112,10814958,10.814958,,CRC_DETECTED
CRC32,13-15,3,4,1364,10912,11064,11096,32,0.28922631959508316,1.0,1.0003604902667627,111,103,10878125,10.878125,,CRC_DETECTED
CRC32,13-15,3,5,1364,10912,11064,11096,32,0.28922631959508316,1.0,1.0003604902667627,111,95,10719583,10.719583,,CRC_DETECTED
CRC32,13-15,3,6,1364,10912,11064,11096,32,0.28922631959508316,1.0,1.0003604902667627,111,131,10726750,10.72675,,CRC_DETECTED
CRC32,13-15,3,7,1364,10912,11064,11096,32,0.28922631959508316,1.0,1.0003604902667627,111,121,10767584,10.767584,,CRC_DETECTED
CRC32,13-15,3,8,1364,10912,11064,11096,32,0.28922631959508316,1.0,1.0003604902667627,111,127,10850667,10.850667,,CRC_DETECTED
CRC32,13-15,3,9,1364,10912,11064,11096,32,0.28922631959508316,1.0,1.0003604902667627,111,117,11162666,11.162666,,CRC_DETECTED
CRC32,13-15,3,10,1364,10912,11064,11096,32,0.28922631959508316,1.0,1.0003604902667627,111,96,11162166,11.162166,,CRC_DETECTED
CRC32,13-15,3,11,1364,10912,11064,11096,32,0.28922631959508316,1.0,1.0003604902667627,111,116,10992750,10.99275,,CRC_DETECTED
CRC32,13-15,3,12,1364,10912,11064,11096,32,0.28922631959508316,1.0,1.0003604902667627,111,94,10998917,10.998917,,CRC_DETECTED
CRC32,13-15,3,13,1364,10912,11064,11096,32,0.28922631959508316,1.0,1.0003604902667627,111,82,11148875,11.148875,,CRC_DETECTED
CRC32,13-15,3,14,1364,10912,11064,11096,32,0.28922631959508316,1.0,1.0003604902667627,111,119,11019000,11.019,,CRC_DETECTED
CRC32,13-15,3,15,1364,10912,11064,11096,32,0.28922631959508316,1.0,1.0003604902667627,111,96,11293958,11.293958,,CRC_DETECTED
CRC32,13-15,3,16,1364,10912,11064,11096,32,0.28922631959508316,1.0,1.0003604902667627,111,114,11186916,11.186916,,CRC_DETECTED
CRC32,13-15,3,17,1364,10912,11064,11096,32,0.28922631959508316,1.0,1.0003604902667627,111,102,10917000,10.917,,CRC_DETECTED
CRC32,13-15,3,18,1364,10912,11064,11096,32,0.28922631959508316,1.0,1.0003604902667627,111,114,11426458,11.426458,,CRC_DETECTED
CRC32,13-15,3,19,1364,10912,11064,11096,32,0.28922631959508316,1.0,1.0003604902667627,111,102,11220750,11.22075,,CRC_DETECTED
CRC32,13-15,3,20,1364,10912,11064,11096,32,0.28922631959508316,1.0,1.0003604902667627,111,96,11053667,11.053667,,CRC_DETECTED
CRC32,13-15,3,21,1364,10912,11064,11096,32,0.28922631959508316,1.0,1.0003604902667627,111,107,11032500,11.0325,,CRC_DETECTED
CRC32,13-15,3,22,1364,10912,11064,11096,32,0.28922631959508316,1.0,1.0003604902667627,111,108,11119917,11.119917,,CRC_DETECTED
CRC32,13-15,3,23,1364,10912,11064,11096,32,0.28922631959508316,1.0,1.0003604902667627,111,109,10881250,10.88125,,CRC_DETECTED
CRC32,13-15,3,24,1364,10912,11064,11096,32,0.28922631959508316,1.0,1.0003604902667627,111,96,11234292,11.234292,,CRC_DETECTED
CRC32,13-15,3,25,1364,10912,11064,11096,32,0.28922631959508316,1.0,1.0003604902667627,111,135,11011709,11.011709,,CRC_DETECTED
CRC32,13-15,3,26,1364,10912,11064,11096,32,0.28922631959508316,1.0,1.0003604902667627,111,108,11091667,11.091667,,CRC_DETECTED
CRC32,13-15,3,27,1364,10912,11064,11096,32,0.28922631959508316,1.0,1.0003604902667627,111,106,11205375,11.205375,,CRC_DETECTED
CRC32,13-15,3,28,1364,10912,11064,11096,32,0.28922631959508316,1.0,1.0003604902667627,111,107,11294709,11.294709,,CRC_DETECTED
CRC32,13-15,3,29,1364,10912,11064,11096,32,0.28922631959508316,1.0,1.0003604902667627,111,115,11227708,11.227708,,CRC_DETECTED
CRC32,13-15,3,30,1364,10912,11064,11096,32,0.28922631959508316,1.0,1.0003604902667627,111,98,11162208,11.162208,,CRC_DETECTED
CRC32,13-15,3,31,1364,10912,11064,11096,32,0.28922631959508316,1.0,1.0003604902667627,111,86,11023375,11.023375,,CRC_DETECTED
CRC32,13-15,3,32,1364,10912,11064,11096,32,0.28922631959508316,1.0,1.0003604902667627,111,112,11223708,11.223708,,CRC_DETECTED
CRC32,13-15,3,33,1364,10912,11064,11096,32,0.28922631959508316,1.0,1.0003604902667627,111,130,10910125,10.910125,,CRC_DETECTED
CRC32,13-15,3,34,1364,10912,11064,11096,32,0.28922631959508316,1.0,1.0003604902667627,111,100,10978000,10.978,,CRC_DETECTED
CRC32,13-15,3,35,1364,10912,11064,11096,32,0.28922631959508316,1.0,1.0003604902667627,111,104,10825000,10.825,,CRC_DETECTED
CRC32,13-15,3,36,1364,10912,11064,11096,32,0.28922631959508316,1.0,1.0003604902667627,111,105,11212542,11.212542,,CRC_DETECTED
CRC32,13-15,3,37,1364,10912,11064,11096,32,0.28922631959508316,1.0,1.0003604902667627,111,121,10995042,10.995042,,CRC_DETECTED
CRC32,13-15,3,38,1364,10912,11064,11096,32,0.28922631959508316,1.0,1.0003604902667627,111,94,11060125,11.060125,,CRC_DETECTED
CRC32,13-15,3,39,1364,10912,11064,11096,32,0.28922631959508316,1.0,1.0003604902667627,111,111,11065750,11.06575,,CRC_DETECTED
CRC32,13-15,3,40,1364,10912,11064,11096,32,0.28922631959508316,1.0,1.0003604902667627,111,109,10783792,10.783792,,CRC_DETECTED
CRC32,13-15,3,41,1364,10912,11064,11096,32,0.28922631959508316,1.0,1.0003604902667627,111,112,10719208,10.719208,,CRC_DETECTED
CRC32,13-15,3,42,1364,10912,11064,11096,32,0.28922631959508316,1.0,1.0003604902667627,111,113,10736458,10.736458,,CRC_DETECTED
CRC32,13-15,3,43,1364,10912,11064,11096,32,0.28922631959508316,1.0,1.0003604902667627,111,113,10749792,10.749792,,CRC_DETECTED
CRC32,13-15,3,44,1364,10912,11064,11096,32,0.28922631959508316,1.0,1.0003604902667627,111,118,10951292,10.951292,,CRC_DETECTED
CRC32,13-15,3,45,1364,10912,11064,11096,32,0.28922631959508316,1.0,1.0003604902667627,111,121,10923375,10.923375,,CRC_DETECTED
CRC32,13-15,3,46,1364,10912,11064,11096,32,0.28922631959508316,1.0,1.0003604902667627,111,86,10793333,10.793333,,CRC_DETECTED
CRC32,13-15,3,47,1364,10912,11064,11096,32,0.28922631959508316,1.0,1.0003604902667627,111,106,10808291,10.808291,,CRC_DETECTED
CRC32,13-15,3,48,1364,10912,11064,11096,32,0.28922631959508316,1.0,1.0003604902667627,111,115,10978625,10.978625,,CRC_DETECTED
CRC32,13-15,3,49,1364,10912,11064,11096,32,0.28922631959508316,1.0,1.0003604902667627,111,118,10820042,10.820042,,CRC_DETECTED
CRC32,13-15,3,50,1364,10912,11064,11096,32,0.28922631959508316,1.0,1.0003604902667627,111,127,10794875,10.794875,,CRC_DETECTED
CRC32,13-15,3,51,1364,10912,11064,11096,32,0.28922631959508316,1.0,1.0003604902667627,111,121,10767000,10.767,,CRC_DETECTED
CRC32,13-15,3,52,1364,10912,11064,11096,32,0.28922631959508316,1.0,1.0003604902667627,111,116,10865042,10.865042,,CRC_DETECTED
CRC32,13-15,3,53,1364,10912,11064,11096,32,0.28922631959508316,1.0,1.0003604902667627,111,124,10841250,10.84125,,CRC_DETECTED
CRC32,13-15,3,54,1364,10912,11064,11096,32,0.28922631959508316,1.0,1.0003604902667627,111,109,10728958,10.728958,,CRC_DETECTED
CRC32,13-15,3,55,1364,10912,11064,11096,32,0.28922631959508316,1.0,1.0003604902667627,111,107,10899750,10.89975,,CRC_DETECTED
CRC32,13-15,3,56,1364,10912,11064,11096,32,0.28922631959508316,1.0,1.0003604902667627,111,115,10795958,10.795958,,CRC_DETECTED
CRC32,13-15,3,57,1364,10912,11064,11096,32,0.28922631959508316,1.0,1.0003604902667627,111,130,10895709,10.895709,,CRC_DETECTED
CRC32,13-15,3,58,1364,10912,11064,11096,32,0.28922631959508316,1.0,1.0003604902667627,111,111,10980292,10.980292,,CRC_DETECTED
CRC32,13-15,3,59,1364,10912,11064,11096,32,0.28922631959508316,1.0,1.0003604902667627,111,117,11102708,11.102708,,CRC_DETECTED
CRC32,13-15,3,60,1364,10912,11064,11096,32,0.28922631959508316,1.0,1.0003604902667627,111,116,11043000,11.043,,CRC_DETECTED
CRC32,13-15,3,61,1364,10912,11064,11096,32,0.28922631959508316,1.0,1.0003604902667627,111,107,10691667,10.691667,,CRC_DETECTED
CRC32,13-15,3,62,1364,10912,11064,11096,32,0.28922631959508316,1.0,1.0003604902667627,111,112,10886834,10.886834,,CRC_DETECTED
CRC32,13-15,3,63,1364,10912,11064,11096,32,0.28922631959508316,1.0,1.0003604902667627,111,104,10648166,10.648166,,CRC_DETECTED
CRC32,13-15,3,64,1364,10912,11064,11096,32,0.28922631959508316,1.0,1.0003604902667627,111,114,10811208,10.811208,,CRC_DETECTED
CRC32,13-15,3,65,1364,10912,11064,11096,32,0.28922631959508316,1.0,1.0003604902667627,111,113,10750958,10.750958,,CRC_DETECTED
CRC32,13-15,3,66,1364,10912,11064,11096,32,0.28922631959508316,1.0,1.0003604902667627,111,121,10628292,10.628292,,CRC_DETECTED
CRC32,13-15,3,67,1364,10912,11064,11096,32,0.28922631959508316,1.0,1.0003604902667627,111,125,10714500,10.7145,,CRC_DETECTED
CRC32,13-15,3,68,1364,10912,11064,11096,32,0.28922631959508316,1.0,1.0003604902667627,111,115,10810125,10.810125,,CRC_DETECTED
CRC32,13-15,3,69,1364,10912,11064,11096,32,0.28922631959508316,1.0,1.0003604902667627,111,123,10814333,10.814333,,CRC_DETECTED
CRC32,13-15,3,70,1364,10912,11064,11096,32,0.28922631959508316,1.0,1.0003604902667627,111,121,10785125,10.785125,,CRC_DETECTED
CRC32,13-15,3,71,1364,10912,11064,11096,32,0.28922631959508316,1.0,1.0003604902667627,111,112,10832292,10.832292,,CRC_DETECTED
CRC32,13-15,3,72,1364,10912,11064,11096,32,0.28922631959508316,1.0,1.0003604902667627,111,112,10737250,10.73725,,CRC_DETECTED
CRC32,13-15,3,73,1364,10912,11064,11096,32,0.28922631959508316,1.0,1.0003604902667627,111,103,10741000,10.741,,CRC_DETECTED
CRC32,13-15,3,74,1364,10912,11064,11096,32,0.28922631959508316,1.0,1.0003604902667627,111,94,10638250,10.63825,,CRC_DETECTED
CRC32,13-15,3,75,1364,10912,11064,11096,32,0.28922631959508316,1.0,1.0003604902667627,111,109,10690625,10.690625,,CRC_DETECTED
CRC32,13-15,3,76,1364,10912,11064,11096,32,0.28922631959508316,1.0,1.0003604902667627,111,104,10770166,10.770166,,CRC_DETECTED
CRC32,13-15,3,77,1364,10912,11064,11096,32,0.28922631959508316,1.0,1.0003604902667627,111,87,34336250,34.33625,,CRC_DETECTED
CRC32,13-15,3,78,1364,10912,11064,11096,32,0.28922631959508316,1.0,1.0003604902667627,111,114,25935000,25.935,,CRC_DETECTED
CRC32,13-15,3,79,1364,10912,11064,11096,32,0.28922631959508316,1.0,1.0003604902667627,111,110,10830625,10.830625,,CRC_DETECTED
CRC32,13-15,3,80,1364,10912,11064,11096,32,0.28922631959508316,1.0,1.0003604902667627,111,117,10616042,10.616042,,CRC_DETECTED
CRC32,13-15,3,81,1364,10912,11064,11096,32,0.28922631959508316,1.0,1.0003604902667627,111,102,10928166,10.928166,,CRC_DETECTED
CRC32,13-15,3,82,1364,10912,11064,11096,32,0.28922631959508316,1.0,1.0003604902667627,111,98,11069250,11.06925,,CRC_DETECTED
CRC32,13-15,3,83,1364,10912,11064,11096,32,0.28922631959508316,1.0,1.0003604902667627,111,99,10972916,10.972916,,CRC_DETECTED
CRC32,13-15,3,84,1364,10912,11064,11096,32,0.28922631959508316,1.0,1.0003604902667627,111,99,11238833,11.238833,,CRC_DETECTED
CRC32,13-15,3,85,1364,10912,11064,11096,32,0.28922631959508316,1.0,1.0003604902667627,111,112,10982125,10.982125,,CRC_DETECTED
CRC32,13-15,3,86,1364,10912,11064,11096,32,0.28922631959508316,1.0,1.0003604902667627,111,101,11046584,11.046584,,CRC_DETECTED
CRC32,13-15,3,87,1364,10912,11064,11096,32,0.28922631959508316,1.0,1.0003604902667627,111,103,11475458,11.475458,,CRC_DETECTED
CRC32,13-15,3,88,1364,10912,11064,11096,32,0.28922631959508316,1.0,1.0003604902667627,111,131,10954709,10.954709,,CRC_DETECTED
CRC32,13-15,3,89,1364,10912,11064,11096,32,0.28922631959508316,1.0,1.0003604902667627,111,112,10897375,10.897375,,CRC_DETECTED
CRC32,13-15,3,90,1364,10912,11064,11096,32,0.28922631959508316,1.0,1.0003604902667627,111,121,10887917,10.887917,,CRC_DETECTED
CRC32,13-15,3,91,1364,10912,11064,11096,32,0.28922631959508316,1.0,1.0003604902667627,111,92,10900584,10.900584,,CRC_DETECTED
CRC32,13-15,3,92,1364,10912,11064,11096,32,0.28922631959508316,1.0,1.0003604902667627,111,112,10934958,10.934958,,CRC_DETECTED
CRC32,13-15,3,93,1364,10912,11064,11096,32,0.28922631959508316,1.0,1.0003604902667627,111,115,10784667,10.784667,,CRC_DETECTED
CRC32,13-15,3,94,1364,10912,11064,11096,32,0.28922631959508316,1.0,1.0003604902667627,111,108,10802417,10.802417,,CRC_DETECTED
CRC32,13-15,3,95,1364,10912,11064,11096,32,0.28922631959508316,1.0,1.0003604902667627,111,111,10872209,10.872209,,CRC_DETECTED
CRC32,13-15,3,96,1364,10912,11064,11096,32,0.28922631959508316,1.0,1.0003604902667627,111,102,10900833,10.900833,,CRC_DETECTED
CRC32,13-15,3,97,1364,10912,11064,11096,32,0.28922631959508316,1.0,1.0003604902667627,111,114,10776166,10.776166,,CRC_DETECTED
CRC32,13-15,3,98,1364,10912,11064,11096,32,0.28922631959508316,1.0,1.0003604902667627,111,117,10801000,10.801,,CRC_DETECTED
CRC32,13-15,3,99,1364,10912,11064,11096,32,0.28922631959508316,1.0,1.0003604902667627,111,128,10828541,10.828541,,CRC_DETECTED
CRC32,13-15,3,100,1364,10912,11064,11096,32,0.28922631959508316,1.0,1.0003604902667627,111,104,10807916,10.807916,,CRC_DETECTED
CRC32,13-16,4,1,2206,17648,17800,17832,32,0.1797752808988764,0.0,0.0,0,0,18690000,18.69,True,CLEAN
CRC32,13-16,4,2,2206,17648,17800,17832,32,0.1797752808988764,0.0,0.0,0,0,18481417,18.481417,True,CLEAN
CRC32,13-16,4,3,2206,17648,17800,17832,32,0.1797752808988764,0.0,0.0,0,0,17943459,17.943459,True,CLEAN
CRC32,13-16,4,4,2206,17648,17800,17832,32,0.1797752808988764,0.0,0.0,0,0,18045750,18.04575,True,CLEAN
CRC32,13-16,4,5,2206,17648,17800,17832,32,0.1797752808988764,0.0,0.0,0,0,18071209,18.071209,True,CLEAN
CRC32,13-16,4,6,2206,17648,17800,17832,32,0.1797752808988764,0.0,0.0,0,0,18362500,18.3625,True,CLEAN
CRC32,13-16,4,7,2206,17648,17800,17832,32,0.1797752808988764,0.0,0.0,0,0,17817500,17.8175,True,CLEAN
CRC32,13-16,4,8,2206,17648,17800,17832,32,0.1797752808988764,0.0,0.0,0,0,17903958,17.903958,True,CLEAN
CRC32,13-16,4,9,2206,17648,17800,17832,32,0.1797752808988764,0.0,0.0,0,0,17920167,17.920167,True,CLEAN
CRC32,13-16,4,10,2206,17648,17800,17832,32,0.1797752808988764,0.0,0.0,0,0,18026708,18.026708,True,CLEAN
CRC32,13-16,4,11,2206,17648,17800,17832,32,0.1797752808988764,0.0,0.0,0,0,17784792,17.784792,True,CLEAN
CRC32,13-16,4,12,2206,17648,17800,17832,32,0.1797752808988764,0.0,0.0,0,0,18088250,18.08825,True,CLEAN
CRC32,13-16,4,13,2206,17648,17800,17832,32,0.1797752808988764,0.0,0.0,0,0,17788166,17.788166,True,CLEAN
CRC32,13-16,4,14,2206,17648,17800,17832,32,0.1797752808988764,0.0,0.0,0,0,17911708,17.911708,True,CLEAN
CRC32,13-16,4,15,2206,17648,17800,17832,32,0.1797752808988764,0.0,0.0,0,0,18395542,18.395542,True,CLEAN
CRC32,13-16,4,16,2206,17648,17800,17832,32,0.1797752808988764,0.0,0.0,0,0,18410417,18.410417,True,CLEAN
CRC32,13-16,4,17,2206,17648,17800,17832,32,0.1797752808988764,0.0,0.0,0,0,18110125,18.110125,True,CLEAN
CRC32,13-16,4,18,2206,17648,17800,17832,32,0.1797752808988764,0.0,0.0,0,0,18062250,18.06225,True,CLEAN
CRC32,13-16,4,19,2206,17648,17800,17832,32,0.1797752808988764,0.0,0.0,0,0,17854333,17.854333,True,CLEAN
CRC32,13-16,4,20,2206,17648,17800,17832,32,0.1797752808988764,0.0,0.0,0,0,18090667,18.090667,True,CLEAN
CRC32,13-16,4,21,2206,17648,17800,17832,32,0.1797752808988764,0.0,0.0,0,0,18396083,18.396083,True,CLEAN
CRC32,13-16,4,22,2206,17648,17800,17832,32,0.1797752808988764,0.0,0.0,0,0,19050625,19.050625,True,CLEAN
CRC32,13-16,4,23,2206,17648,17800,17832,32,0.1797752808988764,0.0,0.0,0,0,18870250,18.87025,True,CLEAN
CRC32,13-16,4,24,2206,17648,17800,17832,32,0.1797752808988764,0.0,0.0,0,0,19058375,19.058375,True,CLEAN
CRC32,13-16,4,25,2206,17648,17800,17832,32,0.1797752808988764,0.0,0.0,0,0,18457125,18.457125,True,CLEAN
CRC32,13-16,4,26,2206,17648,17800,17832,32,0.1797752808988764,0.0,0.0,0,0,18188750,18.18875,True,CLEAN
CRC32,13-16,4,27,2206,17648,17800,17832,32,0.1797752808988764,0.0,0.0,0,0,18073125,18.073125,True,CLEAN
CRC32,13-16,4,28,2206,17648,17800,17832,32,0.1797752808988764,0.0,0.0,0,0,18167375,18.167375,True,CLEAN
CRC32,13-16,4,29,2206,17648,17800,17832,32,0.1797752808988764,0.0,0.0,0,0,17898750,17.89875,True,CLEAN
CRC32,13-16,4,30,2206,17648,17800,17832,32,0.1797752808988764,0.0,0.0,0,0,17908875,17.908875,True,CLEAN
CRC32,13-16,4,31,2206,17648,17800,17832,32,0.1797752808988764,0.0,0.0,0,0,17899416,17.899416,True,CLEAN
CRC32,13-16,4,32,2206,17648,17800,17832,32,0.1797752808988764,0.0,0.0,0,0,17912792,17.912792,True,CLEAN
CRC32,13-16,4,33,2206,17648,17800,17832,32,0.1797752808988764,0.0,0.0,0,0,18156167,18.156167,True,CLEAN
CRC32,13-16,4,34,2206,17648,17800,17832,32,0.1797752808988764,0.0,0.0,0,0,18119125,18.119125,True,CLEAN
CRC32,13-16,4,35,2206,17648,17800,17832,32,0.1797752808988764,0.0,0.0,0,0,17923125,17.923125,True,CLEAN
CRC32,13-16,4,36,2206,17648,17800,17832,32,0.1797752808988764,0.0,0.0,0,0,17883291,17.883291,True,CLEAN
CRC32,13-16,4,37,2206,17648,17800,17832,32,0.1797752808988764,0.0,0.0,0,0,18032125,18.032125,True,CLEAN
CRC32,13-16,4,38,2206,17648,17800,17832,32,0.1797752808988764,0.0,0.0,0,0,18030500,18.0305,True,CLEAN
CRC32,13-16,4,39,2206,17648,17800,17832,32,0.1797752808988764,0.0,0.0,0,0,18127208,18.127208,True,CLEAN
CRC32,13-16,4,40,2206,17648,17800,17832,32,0.1797752808988764,0.0,0.0,0,0,18035083,18.035083,True,CLEAN
CRC32,13-16,4,41,2206,17648,17800,17832,32,0.1797752808988764,0.0,0.0,0,0,17643791,17.643791,True,CLEAN
CRC32,13-16,4,42,2206,17648,17800,17832,32,0.1797752808988764,0.0,0.0,0,0,18043125,18.043125,True,CLEAN
CRC32,13-16,4,43,2206,17648,17800,17832,32,0.1797752808988764,0.0,0.0,0,0,18034375,18.034375,True,CLEAN
CRC32,13-16,4,44,2206,17648,17800,17832,32,0.1797752808988764,0.0,0.0,0,0,17785375,17.785375,True,CLEAN
CRC32,13-16,4,45,2206,17648,17800,17832,32,0.1797752808988764,0.0,0.0,0,0,17867541,17.867541,True,CLEAN
CRC32,13-16,4,46,2206,17648,17800,17832,32,0.1797752808988764,0.0,0.0,0,0,18358542,18.358542,True,CLEAN
CRC32,13-16,4,47,2206,17648,17800,17832,32,0.1797752808988764,0.0,0.0,0,0,18204833,18.204833,True,CLEAN
CRC32,13-16,4,48,2206,17648,17800,17832,32,0.1797752808988764,0.0,0.0,0,0,18092792,18.092792,True,CLEAN
CRC32,13-16,4,49,2206,17648,17800,17832,32,0.1797752808988764,0.0,0.0,0,0,17914000,17.914,True,CLEAN
CRC32,13-16,4,50,2206,17648,17800,17832,32,0.1797752808988764,0.0,0.0,0,0,17821042,17.821042,True,CLEAN
CRC32,13-16,4,51,2206,17648,17800,17832,32,0.1797752808988764,0.0,0.0,0,0,17905667,17.905667,True,CLEAN
CRC32,13-16,4,52,2206,17648,17800,17832,32,0.1797752808988764,0.0,0.0,0,0,17801875,17.801875,True,CLEAN
CRC32,13-16,4,53,2206,17648,17800,17832,32,0.1797752808988764,0.0,0.0,0,0,17975667,17.975667,True,CLEAN
CRC32,13-16,4,54,2206,17648,17800,17832,32,0.1797752808988764,0.0,0.0,0,0,18151375,18.151375,True,CLEAN
CRC32,13-16,4,55,2206,17648,17800,17832,32,0.1797752808988764,0.0,0.0,0,0,17892875,17.892875,True,CLEAN
CRC32,13-16,4,56,2206,17648,17800,17832,32,0.1797752808988764,0.0,0.0,0,0,17959917,17.959917,True,CLEAN
CRC32,13-16,4,57,2206,17648,17800,17832,32,0.1797752808988764,0.0,0.0,0,0,17936833,17.936833,True,CLEAN
CRC32,13-16,4,58,2206,17648,17800,17832,32,0.1797752808988764,0.0,0.0,0,0,17963708,17.963708,True,CLEAN
CRC32,13-16,4,59,2206,17648,17800,17832,32,0.1797752808988764,0.0,0.0,0,0,17849792,17.849792,True,CLEAN
CRC32,13-16,4,60,2206,17648,17800,17832,32,0.1797752808988764,0.0,0.0,0,0,17951708,17.951708,True,CLEAN
CRC32,13-16,4,61,2206,17648,17800,17832,32,0.1797752808988764,0.0,0.0,0,0,17858625,17.858625,True,CLEAN
CRC32,13-16,4,62,2206,17648,17800,17832,32,0.1797752808988764,0.0,0.0,0,0,17853875,17.853875,True,CLEAN
CRC32,13-16,4,63,2206,17648,17800,17832,32,0.1797752808988764,0.0,0.0,0,0,17824917,17.824917,True,CLEAN
CRC32,13-16,4,64,2206,17648,17800,17832,32,0.1797752808988764,0.0,0.0,0,0,17806958,17.806958,True,CLEAN
CRC32,13-16,4,65,2206,17648,17800,17832,32,0.1797752808988764,0.0,0.0,0,0,17946708,17.946708,True,CLEAN
CRC32,13-16,4,66,2206,17648,17800,17832,32,0.1797752808988764,0.0,0.0,0,0,18211000,18.211,True,CLEAN
CRC32,13-16,4,67,2206,17648,17800,17832,32,0.1797752808988764,0.0,0.0,0,0,17716917,17.716917,True,CLEAN
CRC32,13-16,4,68,2206,17648,17800,17832,32,0.1797752808988764,0.0,0.0,0,0,17776083,17.776083,True,CLEAN
CRC32,13-16,4,69,2206,17648,17800,17832,32,0.1797752808988764,0.0,0.0,0,0,18743000,18.743,True,CLEAN
CRC32,13-16,4,70,2206,17648,17800,17832,32,0.1797752808988764,0.0,0.0,0,0,18968000,18.968,True,CLEAN
CRC32,13-16,4,71,2206,17648,17800,17832,32,0.1797752808988764,0.0,0.0,0,0,18161542,18.161542,True,CLEAN
CRC32,13-16,4,72,2206,17648,17800,17832,32,0.1797752808988764,0.0,0.0,0,0,17989833,17.989833,True,CLEAN
CRC32,13-16,4,73,2206,17648,17800,17832,32,0.1797752808988764,0.0,0.0,0,0,17959042,17.959042,True,CLEAN
CRC32,13-16,4,74,2206,17648,17800,17832,32,0.1797752808988764,0.0,0.0,0,0,18268667,18.268667,True,CLEAN
CRC32,13-16,4,75,2206,17648,17800,17832,32,0.1797752808988764,0.0,0.0,0,0,18065084,18.065084,True,CLEAN
CRC32,13-16,4,76,2206,17648,17800,17832,32,0.1797752808988764,0.0,0.0,0,0,18728250,18.72825,True,CLEAN
CRC32,13-16,4,77,2206,17648,17800,17832,32,0.1797752808988764,0.0,0.0,0,0,18277625,18.277625,True,CLEAN
CRC32,13-16,4,78,2206,17648,17800,17832,32,0.1797752808988764,0.0,0.0,0,0,18441250,18.44125,True,CLEAN
CRC32,13-16,4,79,2206,17648,17800,17832,32,0.1797752808988764,0.0,0.0,0,0,18220542,18.220542,True,CLEAN
CRC32,13-16,4,80,2206,17648,17800,17832,32,0.1797752808988764,0.0,0.0,0,0,18344666,18.344666,True,CLEAN
CRC32,13-16,4,81,2206,17648,17800,17832,32,0.1797752808988764,0.0,0.0,0,0,18283959,18.283959,True,CLEAN
CRC32,13-16,4,82,2206,17648,17800,17832,32,0.1797752808988764,0.0,0.0,0,0,18096292,18.096292,True,CLEAN
CRC32,13-16,4,83,2206,17648,17800,17832,32,0.1797752808988764,0.0,0.0,0,0,18087584,18.087584,True,CLEAN
CRC32,13-16,4,84,2206,17648,17800,17832,32,0.1797752808988764,0.0,0.0,0,0,18186833,18.186833,True,CLEAN
CRC32,13-16,4,85,2206,17648,17800,17832,32,0.1797752808988764,0.0,0.0,0,0,20690541,20.690541,True,CLEAN
CRC32,13-16,4,86,2206,17648,17800,17832,32,0.1797752808988764,0.0,0.0,0,0,23509667,23.509667,True,CLEAN
CRC32,13-16,4,87,2206,17648,17800,17832,32,0.1797752808988764,0.0,0.0,0,0,43324750,43.32475,True,CLEAN
CRC32,13-16,4,88,2206,17648,17800,17832,32,0.1797752808988764,0.0,0.0,0,0,18574500,18.5745,True,CLEAN
CRC32,13-16,4,89,2206,17648,17800,17832,32,0.1797752808988764,0.0,0.0,0,0,18306291,18.306291,True,CLEAN
CRC32,13-16,4,90,2206,17648,17800,17832,32,0.1797752808988764,0.0,0.0,0,0,18170459,18.170459,True,CLEAN
CRC32,13-16,4,91,2206,17648,17800,17832,32,0.1797752808988764,0.0,0.0,0,0,18114375,18.114375,True,CLEAN
CRC32,13-16,4,92,2206,17648,17800,17832,32,0.1797752808988764,0.0,0.0,0,0,17994042,17.994042,True,CLEAN
CRC32,13-16,4,93,2206,17648,17800,17832,32,0.1797752808988764,0.0,0.0,0,0,18072708,18.072708,True,CLEAN
CRC32,13-16,4,94,2206,17648,17800,17832,32,0.1797752808988764,0.0,0.0,0,0,18264667,18.264667,True,CLEAN
CRC32,13-16,4,95,2206,17648,17800,17832,32,0.1797752808988764,0.0,0.0,0,0,18843292,18.843292,True,CLEAN
CRC32,13-16,4,96,2206,17648,17800,17832,32,0.1797752808988764,0.0,0.0,0,0,18465625,18.465625,True,CLEAN
CRC32,13-16,4,97,2206,17648,17800,17832,32,0.1797752808988764,0.0,0.0,0,0,18513208,18.513208,True,CLEAN
CRC32,13-16,4,98,2206,17648,17800,17832,32,0.1797752808988764,0.0,0.0,0,0,18989458,18.989458,True,CLEAN
CRC32,13-16,4,99,2206,17648,17800,17832,32,0.1797752808988764,0.0,0.0,0,0,18632875,18.632875,True,CLEAN
CRC32,13-16,4,100,2206,17648,17800,17832,32,0.1797752808988764,0.0,0.0,0,0,18408000,18.408,True,CLEAN
CRC32,13-16,4,1,2206,17648,17800,17832,32,0.1797752808988764,0.01,0.011215791834903543,2,1,18295542,18.295542,,CRC_DETECTED
CRC32,13-16,4,2,2206,17648,17800,17832,32,0.1797752808988764,0.01,0.011215791834903543,2,2,17908958,17.908958,,CRC_DETECTED
CRC32,13-16,4,3,2206,17648,17800,17832,32,0.1797752808988764,0.01,0.011215791834903543,2,1,17263500,17.2635,,CRC_DETECTED
CRC32,13-16,4,4,2206,17648,17800,17832,32,0.1797752808988764,0.01,0.011215791834903543,2,2,17364167,17.364167,,CRC_DETECTED
CRC32,13-16,4,5,2206,17648,17800,17832,32,0.1797752808988764,0.01,0.011215791834903543,2,4,17308583,17.308583,,CRC_DETECTED
CRC32,13-16,4,6,2206,17648,17800,17832,32,0.1797752808988764,0.01,0.011215791834903543,2,3,17223500,17.2235,,CRC_DETECTED
CRC32,13-16,4,7,2206,17648,17800,17832,32,0.1797752808988764,0.01,0.011215791834903543,2,2,17479667,17.479667,,CRC_DETECTED
CRC32,13-16,4,8,2206,17648,17800,17832,32,0.1797752808988764,0.01,0.011215791834903543,2,3,17809000,17.809,,CRC_DETECTED
CRC32,13-16,4,9,2206,17648,17800,17832,32,0.1797752808988764,0.01,0.011215791834903543,2,3,17712917,17.712917,,CRC_DETECTED
CRC32,13-16,4,10,2206,17648,17800,17832,32,0.1797752808988764,0.01,0.011215791834903543,2,1,17362000,17.362,,CRC_DETECTED
CRC32,13-16,4,11,2206,17648,17800,17832,32,0.1797752808988764,0.01,0.011215791834903543,2,4,17420291,17.420291,,CRC_DETECTED
CRC32,13-16,4,12,2206,17648,17800,17832,32,0.1797752808988764,0.01,0.011215791834903543,2,4,17232417,17.232417,,CRC_DETECTED
CRC32,13-16,4,13,2206,17648,17800,17832,32,0.1797752808988764,0.01,0.011215791834903543,2,5,17304791,17.304791,,CRC_DETECTED
CRC32,13-16,4,14,2206,17648,17800,17832,32,0.1797752808988764,0.01,0.011215791834903543,2,2,17400791,17.400791,,CRC_DETECTED
CRC32,13-16,4,15,2206,17648,17800,17832,32,0.1797752808988764,0.01,0.011215791834903543,2,2,17693959,17.693959,,CRC_DETECTED
CRC32,13-16,4,16,2206,17648,17800,17832,32,0.1797752808988764,0.01,0.011215791834903543,2,0,18441000,18.441,True,CLEAN
CRC32,13-16,4,17,2206,17648,17800,17832,32,0.1797752808988764,0.01,0.011215791834903543,2,4,17346083,17.346083,,CRC_DETECTED
CRC32,13-16,4,18,2206,17648,17800,17832,32,0.1797752808988764,0.01,0.011215791834903543,2,1,17168125,17.168125,,CRC_DETECTED
CRC32,13-16,4,19,2206,17648,17800,17832,32,0.1797752808988764,0.01,0.011215791834903543,2,8,17233750,17.23375,,CRC_DETECTED
CRC32,13-16,4,20,2206,17648,17800,17832,32,0.1797752808988764,0.01,0.011215791834903543,2,2,17176542,17.176542,,CRC_DETECTED
CRC32,13-16,4,21,2206,17648,17800,17832,32,0.1797752808988764,0.01,0.011215791834903543,2,1,17551167,17.551167,,CRC_DETECTED
CRC32,13-16,4,22,2206,17648,17800,17832,32,0.1797752808988764,0.01,0.011215791834903543,2,1,17492000,17.492,,CRC_DETECTED
CRC32,13-16,4,23,2206,17648,17800,17832,32,0.1797752808988764,0.01,0.011215791834903543,2,4,17486375,17.486375,,CRC_DETECTED
CRC32,13-16,4,24,2206,17648,17800,17832,32,0.1797752808988764,0.01,0.011215791834903543,2,0,18252709,18.252709,True,CLEAN
CRC32,13-16,4,25,2206,17648,17800,17832,32,0.1797752808988764,0.01,0.011215791834903543,2,3,17430292,17.430292,,CRC_DETECTED
CRC32,13-16,4,26,2206,17648,17800,17832,32,0.1797752808988764,0.01,0.011215791834903543,2,3,17482000,17.482,,CRC_DETECTED
CRC32,13-16,4,27,2206,17648,17800,17832,32,0.1797752808988764,0.01,0.011215791834903543,2,3,17445458,17.445458,,CRC_DETECTED
CRC32,13-16,4,28,2206,17648,17800,17832,32,0.1797752808988764,0.01,0.011215791834903543,2,2,18514833,18.514833,,CRC_DETECTED
CRC32,13-16,4,29,2206,17648,17800,17832,32,0.1797752808988764,0.01,0.011215791834903543,2,3,21521584,21.521584,,CRC_DETECTED
CRC32,13-16,4,30,2206,17648,17800,17832,32,0.1797752808988764,0.01,0.011215791834903543,2,6,19602584,19.602584,,CRC_DETECTED
CRC32,13-16,4,31,2206,17648,17800,17832,32,0.1797752808988764,0.01,0.011215791834903543,2,1,18095458,18.095458,,CRC_DETECTED
CRC32,13-16,4,32,2206,17648,17800,17832,32,0.1797752808988764,0.01,0.011215791834903543,2,0,18754791,18.754791,True,CLEAN
CRC32,13-16,4,33,2206,17648,17800,17832,32,0.1797752808988764,0.01,0.011215791834903543,2,1,18008667,18.008667,,CRC_DETECTED
CRC32,13-16,4,34,2206,17648,17800,17832,32,0.1797752808988764,0.01,0.011215791834903543,2,2,18304125,18.304125,,CRC_DETECTED
CRC32,13-16,4,35,2206,17648,17800,17832,32,0.1797752808988764,0.01,0.011215791834903543,2,0,19096375,19.096375,True,CLEAN
CRC32,13-16,4,36,2206,17648,17800,17832,32,0.1797752808988764,0.01,0.011215791834903543,2,1,18814708,18.814708,,CRC_DETECTED
CRC32,13-16,4,37,2206,17648,17800,17832,32,0.1797752808988764,0.01,0.011215791834903543,2,1,18038250,18.03825,,CRC_DETECTED
CRC32,13-16,4,38,2206,17648,17800,17832,32,0.1797752808988764,0.01,0.011215791834903543,2,4,17849625,17.849625,,CRC_DETECTED
CRC32,13-16,4,39,2206,17648,17800,17832,32,0.1797752808988764,0.01,0.011215791834903543,2,1,18162375,18.162375,,CRC_DETECTED
CRC32,13-16,4,40,2206,17648,17800,17832,32,0.1797752808988764,0.01,0.011215791834903543,2,2,17826375,17.826375,,CRC_DETECTED
CRC32,13-16,4,41,2206,17648,17800,17832,32,0.1797752808988764,0.01,0.011215791834903543,2,1,18260000,18.26,,CRC_DETECTED
CRC32,13-16,4,42,2206,17648,17800,17832,32,0.1797752808988764,0.01,0.011215791834903543,2,3,17584125,17.584125,,CRC_DETECTED
CRC32,13-16,4,43,2206,17648,17800,17832,32,0.1797752808988764,0.01,0.011215791834903543,2,2,17847000,17.847,,CRC_DETECTED
CRC32,13-16,4,44,2206,17648,17800,17832,32,0.1797752808988764,0.01,0.011215791834903543,2,1,17957958,17.957958,,CRC_DETECTED
CRC32,13-16,4,45,2206,17648,17800,17832,32,0.1797752808988764,0.01,0.011215791834903543,2,0,18910667,18.910667,True,CLEAN
CRC32,13-16,4,46,2206,17648,17800,17832,32,0.1797752808988764,0.01,0.011215791834903543,2,2,17996250,17.99625,,CRC_DETECTED
CRC32,13-16,4,47,2206,17648,17800,17832,32,0.1797752808988764,0.01,0.011215791834903543,2,2,18508958,18.508958,,CRC_DETECTED
CRC32,13-16,4,48,2206,17648,17800,17832,32,0.1797752808988764,0.01,0.011215791834903543,2,1,18147750,18.14775,,CRC_DETECTED
CRC32,13-16,4,49,2206,17648,17800,17832,32,0.1797752808988764,0.01,0.011215791834903543,2,1,17916750,17.91675,,CRC_DETECTED
CRC32,13-16,4,50,2206,17648,17800,17832,32,0.1797752808988764,0.01,0.011215791834903543,2,2,17868125,17.868125,,CRC_DETECTED
CRC32,13-16,4,51,2206,17648,17800,17832,32,0.1797752808988764,0.01,0.011215791834903543,2,4,17335750,17.33575,,CRC_DETECTED
CRC32,13-16,4,52,2206,17648,17800,17832,32,0.1797752808988764,0.01,0.011215791834903543,2,0,18300042,18.300042,True,CLEAN
CRC32,13-16,4,53,2206,17648,17800,17832,32,0.1797752808988764,0.01,0.011215791834903543,2,0,18366292,18.366292,True,CLEAN
CRC32,13-16,4,54,2206,17648,17800,17832,32,0.1797752808988764,0.01,0.011215791834903543,2,1,17505125,17.505125,,CRC_DETECTED
CRC32,13-16,4,55,2206,17648,17800,17832,32,0.1797752808988764,0.01,0.011215791834903543,2,1,17255417,17.255417,,CRC_DETECTED
CRC32,13-16,4,56,2206,17648,17800,17832,32,0.1797752808988764,0.01,0.011215791834903543,2,3,17349375,17.349375,,CRC_DETECTED
CRC32,13-16,4,57,2206,17648,17800,17832,32,0.1797752808988764,0.01,0.011215791834903543,2,3,17472000,17.472,,CRC_DETECTED
CRC32,13-16,4,58,2206,17648,17800,17832,32,0.1797752808988764,0.01,0.011215791834903543,2,5,17385000,17.385,,CRC_DETECTED
CRC32,13-16,4,59,2206,17648,17800,17832,32,0.1797752808988764,0.01,0.011215791834903543,2,2,17185583,17.185583,,CRC_DETECTED
CRC32,13-16,4,60,2206,17648,17800,17832,32,0.1797752808988764,0.01,0.011215791834903543,2,5,17309958,17.309958,,CRC_DETECTED
CRC32,13-16,4,61,2206,17648,17800,17832,32,0.1797752808988764,0.01,0.011215791834903543,2,4,17570833,17.570833,,CRC_DETECTED
CRC32,13-16,4,62,2206,17648,17800,17832,32,0.1797752808988764,0.01,0.011215791834903543,2,3,17358458,17.358458,,CRC_DETECTED
CRC32,13-16,4,63,2206,17648,17800,17832,32,0.1797752808988764,0.01,0.011215791834903543,2,0,18498333,18.498333,True,CLEAN
CRC32,13-16,4,64,2206,17648,17800,17832,32,0.1797752808988764,0.01,0.011215791834903543,2,0,18060667,18.060667,True,CLEAN
CRC32,13-16,4,65,2206,17648,17800,17832,32,0.1797752808988764,0.01,0.011215791834903543,2,1,17583166,17.583166,,CRC_DETECTED
CRC32,13-16,4,66,2206,17648,17800,17832,32,0.1797752808988764,0.01,0.011215791834903543,2,1,18283500,18.2835,,CRC_DETECTED
CRC32,13-16,4,67,2206,17648,17800,17832,32,0.1797752808988764,0.01,0.011215791834903543,2,0,19521584,19.521584,True,CLEAN
CRC32,13-16,4,68,2206,17648,17800,17832,32,0.1797752808988764,0.01,0.011215791834903543,2,1,17864000,17.864,,CRC_DETECTED
CRC32,13-16,4,69,2206,17648,17800,17832,32,0.1797752808988764,0.01,0.011215791834903543,2,4,18124167,18.124167,,CRC_DETECTED
CRC32,13-16,4,70,2206,17648,17800,17832,32,0.1797752808988764,0.01,0.011215791834903543,2,2,17866167,17.866167,,CRC_DETECTED
CRC32,13-16,4,71,2206,17648,17800,17832,32,0.1797752808988764,0.01,0.011215791834903543,2,1,17292250,17.29225,,CRC_DETECTED
CRC32,13-16,4,72,2206,17648,17800,17832,32,0.1797752808988764,0.01,0.011215791834903543,2,4,17470917,17.470917,,CRC_DETECTED
CRC32,13-16,4,73,2206,17648,17800,17832,32,0.1797752808988764,0.01,0.011215791834903543,2,3,17254250,17.25425,,CRC_DETECTED
CRC32,13-16,4,74,2206,17648,17800,17832,32,0.1797752808988764,0.01,0.011215791834903543,2,2,17331875,17.331875,,CRC_DETECTED
CRC32,13-16,4,75,2206,17648,17800,17832,32,0.1797752808988764,0.01,0.011215791834903543,2,2,17273958,17.273958,,CRC_DETECTED
CRC32,13-16,4,76,2206,17648,17800,17832,32,0.1797752808988764,0.01,0.011215791834903543,2,2,17551958,17.551958,,CRC_DETECTED
CRC32,13-16,4,77,2206,17648,17800,17832,32,0.1797752808988764,0.01,0.011215791834903543,2,4,17434333,17.434333,,CRC_DETECTED
CRC32,13-16,4,78,2206,17648,17800,17832,32,0.1797752808988764,0.01,0.011215791834903543,2,3,17336834,17.336834,,CRC_DETECTED
CRC32,13-16,4,79,2206,17648,17800,17832,32,0.1797752808988764,0.01,0.011215791834903543,2,4,17255125,17.255125,,CRC_DETECTED
CRC32,13-16,4,80,2206,17648,17800,17832,32,0.1797752808988764,0.01,0.011215791834903543,2,3,17369709,17.369709,,CRC_DETECTED
CRC32,13-16,4,81,2206,17648,17800,17832,32,0.1797752808988764,0.01,0.011215791834903543,2,2,17700042,17.700042,,CRC_DETECTED
CRC32,13-16,4,82,2206,17648,17800,17832,32,0.1797752808988764,0.01,0.011215791834903543,2,6,17750583,17.750583,,CRC_DETECTED
CRC32,13-16,4,83,2206,17648,17800,17832,32,0.1797752808988764,0.01,0.011215791834903543,2,2,17398042,17.398042,,CRC_DETECTED
CRC32,13-16,4,84,2206,17648,17800,17832,32,0.1797752808988764,0.01,0.011215791834903543,2,2,17529750,17.52975,,CRC_DETECTED
CRC32,13-16,4,85,2206,17648,17800,17832,32,0.1797752808988764,0.01,0.011215791834903543,2,1,17459917,17.459917,,CRC_DETECTED
CRC32,13-16,4,86,2206,17648,17800,17832,32,0.1797752808988764,0.01,0.011215791834903543,2,1,17352416,17.352416,,CRC_DETECTED
CRC32,13-16,4,87,2206,17648,17800,17832,32,0.1797752808988764,0.01,0.011215791834903543,2,1,17504375,17.504375,,CRC_DETECTED
CRC32,13-16,4,88,2206,17648,17800,17832,32,0.1797752808988764,0.01,0.011215791834903543,2,0,18368417,18.368417,True,CLEAN
CRC32,13-16,4,89,2206,17648,17800,17832,32,0.1797752808988764,0.01,0.011215791834903543,2,3,17449417,17.449417,,CRC_DETECTED
CRC32,13-16,4,90,2206,17648,17800,17832,32,0.1797752808988764,0.01,0.011215791834903543,2,2,17308125,17.308125,,CRC_DETECTED
CRC32,13-16,4,91,2206,17648,17800,17832,32,0.1797752808988764,0.01,0.011215791834903543,2,3,17370083,17.370083,,CRC_DETECTED
CRC32,13-16,4,92,2206,17648,17800,17832,32,0.1797752808988764,0.01,0.011215791834903543,2,2,17270333,17.270333,,CRC_DETECTED
CRC32,13-16,4,93,2206,17648,17800,17832,32,0.1797752808988764,0.01,0.011215791834903543,2,1,17385083,17.385083,,CRC_DETECTED
CRC32,13-16,4,94,2206,17648,17800,17832,32,0.1797752808988764,0.01,0.011215791834903543,2,0,18580042,18.580042,True,CLEAN
CRC32,13-16,4,95,2206,17648,17800,17832,32,0.1797752808988764,0.01,0.011215791834903543,2,1,17148000,17.148,,CRC_DETECTED
CRC32,13-16,4,96,2206,17648,17800,17832,32,0.1797752808988764,0.01,0.011215791834903543,2,4,17429667,17.429667,,CRC_DETECTED
CRC32,13-16,4,97,2206,17648,17800,17832,32,0.1797752808988764,0.01,0.011215791834903543,2,3,17474708,17.474708,,CRC_DETECTED
CRC32,13-16,4,98,2206,17648,17800,17832,32,0.1797752808988764,0.01,0.011215791834903543,2,0,18326667,18.326667,True,CLEAN
CRC32,13-16,4,99,2206,17648,17800,17832,32,0.1797752808988764,0.01,0.011215791834903543,2,2,17487292,17.487292,,CRC_DETECTED
CRC32,13-16,4,100,2206,17648,17800,17832,32,0.1797752808988764,0.01,0.011215791834903543,2,0,18131042,18.131042,True,CLEAN
CRC32,13-16,4,1,2206,17648,17800,17832,32,0.1797752808988764,0.1,0.1009421265141319,18,18,18765375,18.765375,,CRC_DETECTED
CRC32,13-16,4,2,2206,17648,17800,17832,32,0.1797752808988764,0.1,0.1009421265141319,18,15,17836833,17.836833,,CRC_DETECTED
CRC32,13-16,4,3,2206,17648,17800,17832,32,0.1797752808988764,0.1,0.1009421265141319,18,11,17911042,17.911042,,CRC_DETECTED
CRC32,13-16,4,4,2206,17648,17800,17832,32,0.1797752808988764,0.1,0.1009421265141319,18,19,17471167,17.471167,,CRC_DETECTED
CRC32,13-16,4,5,2206,17648,17800,17832,32,0.1797752808988764,0.1,0.1009421265141319,18,10,17483542,17.483542,,CRC_DETECTED
CRC32,13-16,4,6,2206,17648,17800,17832,32,0.1797752808988764,0.1,0.1009421265141319,18,17,17353541,17.353541,,CRC_DETECTED
CRC32,13-16,4,7,2206,17648,17800,17832,32,0.1797752808988764,0.1,0.1009421265141319,18,14,17374584,17.374584,,CRC_DETECTED
CRC32,13-16,4,8,2206,17648,17800,17832,32,0.1797752808988764,0.1,0.1009421265141319,18,16,17178333,17.178333,,CRC_DETECTED
CRC32,13-16,4,9,2206,17648,17800,17832,32,0.1797752808988764,0.1,0.1009421265141319,18,11,17164458,17.164458,,CRC_DETECTED
CRC32,13-16,4,10,2206,17648,17800,17832,32,0.1797752808988764,0.1,0.1009421265141319,18,19,17680208,17.680208,,CRC_DETECTED
CRC32,13-16,4,11,2206,17648,17800,17832,32,0.1797752808988764,0.1,0.1009421265141319,18,20,17629542,17.629542,,CRC_DETECTED
CRC32,13-16,4,12,2206,17648,17800,17832,32,0.1797752808988764,0.1,0.1009421265141319,18,19,17613792,17.613792,,CRC_DETECTED
CRC32,13-16,4,13,2206,17648,17800,17832,32,0.1797752808988764,0.1,0.1009421265141319,18,14,17269792,17.269792,,CRC_DETECTED
CRC32,13-16,4,14,2206,17648,17800,17832,32,0.1797752808988764,0.1,0.1009421265141319,18,15,17615500,17.6155,,CRC_DETECTED
CRC32,13-16,4,15,2206,17648,17800,17832,32,0.1797752808988764,0.1,0.1009421265141319,18,24,17762292,17.762292,,CRC_DETECTED
CRC32,13-16,4,16,2206,17648,17800,17832,32,0.1797752808988764,0.1,0.1009421265141319,18,16,17617417,17.617417,,CRC_DETECTED
CRC32,13-16,4,17,2206,17648,17800,17832,32,0.1797752808988764,0.1,0.1009421265141319,18,14,17637958,17.637958,,CRC_DETECTED
CRC32,13-16,4,18,2206,17648,17800,17832,32,0.1797752808988764,0.1,0.1009421265141319,18,20,17504625,17.504625,,CRC_DETECTED
CRC32,13-16,4,19,2206,17648,17800,17832,32,0.1797752808988764,0.1,0.1009421265141319,18,22,17624125,17.624125,,CRC_DETECTED
CRC32,13-16,4,20,2206,17648,17800,17832,32,0.1797752808988764,0.1,0.1009421265141319,18,17,17713542,17.713542,,CRC_DETECTED
CRC32,13-16,4,21,2206,17648,17800,17832,32,0.1797752808988764,0.1,0.1009421265141319,18,20,18152541,18.152541,,CRC_DETECTED
CRC32,13-16,4,22,2206,17648,17800,17832,32,0.1797752808988764,0.1,0.1009421265141319,18,21,17798375,17.798375,,CRC_DETECTED
CRC32,13-16,4,23,2206,17648,17800,17832,32,0.1797752808988764,0.1,0.1009421265141319,18,19,18814917,18.814917,,CRC_DETECTED
CRC32,13-16,4,24,2206,17648,17800,17832,32,0.1797752808988764,0.1,0.1009421265141319,18,28,18623458,18.623458,,CRC_DETECTED
CRC32,13-16,4,25,2206,17648,17800,17832,32,0.1797752808988764,0.1,0.1009421265141319,18,25,53541125,53.541125,,CRC_DETECTED
CRC32,13-16,4,26,2206,17648,17800,17832,32,0.1797752808988764,0.1,0.1009421265141319,18,17,18841459,18.841459,,CRC_DETECTED
CRC32,13-16,4,27,2206,17648,17800,17832,32,0.1797752808988764,0.1,0.1009421265141319,18,12,18495667,18.495667,,CRC_DETECTED
CRC32,13-16,4,28,2206,17648,17800,17832,32,0.1797752808988764,0.1,0.1009421265141319,18,10,19057709,19.057709,,CRC_DETECTED
CRC32,13-16,4,29,2206,17648,17800,17832,32,0.1797752808988764,0.1,0.1009421265141319,18,26,18890250,18.89025,,CRC_DETECTED
CRC32,13-16,4,30,2206,17648,17800,17832,32,0.1797752808988764,0.1,0.1009421265141319,18,23,18772958,18.772958,,CRC_DETECTED
CRC32,13-16,4,31,2206,17648,17800,17832,32,0.1797752808988764,0.1,0.1009421265141319,18,11,18584625,18.584625,,CRC_DETECTED
CRC32,13-16,4,32,2206,17648,17800,17832,32,0.1797752808988764,0.1,0.1009421265141319,18,16,18256500,18.2565,,CRC_DETECTED
CRC32,13-16,4,33,2206,17648,17800,17832,32,0.1797752808988764,0.1,0.1009421265141319,18,23,18745250,18.74525,,CRC_DETECTED
CRC32,13-16,4,34,2206,17648,17800,17832,32,0.1797752808988764,0.1,0.1009421265141319,18,20,18215750,18.21575,,CRC_DETECTED
CRC32,13-16,4,35,2206,17648,17800,17832,32,0.1797752808988764,0.1,0.1009421265141319,18,17,18462667,18.462667,,CRC_DETECTED
CRC32,13-16,4,36,2206,17648,17800,17832,32,0.1797752808988764,0.1,0.1009421265141319,18,17,17843125,17.843125,,CRC_DETECTED
CRC32,13-16,4,37,2206,17648,17800,17832,32,0.1797752808988764,0.1,0.1009421265141319,18,15,18934541,18.934541,,CRC_DETECTED
CRC32,13-16,4,38,2206,17648,17800,17832,32,0.1797752808988764,0.1,0.1009421265141319,18,18,18445250,18.44525,,CRC_DETECTED
CRC32,13-16,4,39,2206,17648,17800,17832,32,0.1797752808988764,0.1,0.1009421265141319,18,16,18736375,18.736375,,CRC_DETECTED
CRC32,13-16,4,40,2206,17648,17800,17832,32,0.1797752808988764,0.1,0.1009421265141319,18,18,18362875,18.362875,,CRC_DETECTED
CRC32,13-16,4,41,2206,17648,17800,17832,32,0.1797752808988764,0.1,0.1009421265141319,18,27,18081083,18.081083,,CRC_DETECTED
CRC32,13-16,4,42,2206,17648,17800,17832,32,0.1797752808988764,0.1,0.1009421265141319,18,12,18161334,18.161334,,CRC_DETECTED
CRC32,13-16,4,43,2206,17648,17800,17832,32,0.1797752808988764,0.1,0.1009421265141319,18,14,18120250,18.12025,,CRC_DETECTED
CRC32,13-16,4,44,2206,17648,17800,17832,32,0.1797752808988764,0.1,0.1009421265141319,18,17,21373625,21.373625,,CRC_DETECTED
CRC32,13-16,4,45,2206,17648,17800,17832,32,0.1797752808988764,0.1,0.1009421265141319,18,15,32428666,32.428666,,CRC_DETECTED
CRC32,13-16,4,46,2206,17648,17800,17832,32,0.1797752808988764,0.1,0.1009421265141319,18,13,17933750,17.93375,,CRC_DETECTED
CRC32,13-16,4,47,2206,17648,17800,17832,32,0.1797752808988764,0.1,0.1009421265141319,18,13,18013125,18.013125,,CRC_DETECTED
CRC32,13-16,4,48,2206,17648,17800,17832,32,0.1797752808988764,0.1,0.1009421265141319,18,15,17916333,17.916333,,CRC_DETECTED
CRC32,13-16,4,49,2206,17648,17800,17832,32,0.1797752808988764,0.1,0.1009421265141319,18,17,18058583,18.058583,,CRC_DETECTED
CRC32,13-16,4,50,2206,17648,17800,17832,32,0.1797752808988764,0.1,0.1009421265141319,18,24,18007541,18.007541,,CRC_DETECTED
CRC32,13-16,4,51,2206,17648,17800,17832,32,0.1797752808988764,0.1,0.1009421265141319,18,18,17789292,17.789292,,CRC_DETECTED
CRC32,13-16,4,52,2206,17648,17800,17832,32,0.1797752808988764,0.1,0.1009421265141319,18,23,18185500,18.1855,,CRC_DETECTED
CRC32,13-16,4,53,2206,17648,17800,17832,32,0.1797752808988764,0.1,0.1009421265141319,18,20,17977500,17.9775,,CRC_DETECTED
CRC32,13-16,4,54,2206,17648,17800,17832,32,0.1797752808988764,0.1,0.1009421265141319,18,21,17847417,17.847417,,CRC_DETECTED
CRC32,13-16,4,55,2206,17648,17800,17832,32,0.1797752808988764,0.1,0.1009421265141319,18,16,18604042,18.604042,,CRC_DETECTED
CRC32,13-16,4,56,2206,17648,17800,17832,32,0.1797752808988764,0.1,0.1009421265141319,18,13,17976833,17.976833,,CRC_DETECTED
CRC32,13-16,4,57,2206,17648,17800,17832,32,0.1797752808988764,0.1,0.1009421265141319,18,19,17760333,17.760333,,CRC_DETECTED
CRC32,13-16,4,58,2206,17648,17800,17832,32,0.1797752808988764,0.1,0.1009421265141319,18,16,17585291,17.585291,,CRC_DETECTED
CRC32,13-16,4,59,2206,17648,17800,17832,32,0.1797752808988764,0.1,0.1009421265141319,18,14,34958292,34.958292,,CRC_DETECTED
CRC32,13-16,4,60,2206,17648,17800,17832,32,0.1797752808988764,0.1,0.1009421265141319,18,18,19893250,19.89325,,CRC_DETECTED
CRC32,13-16,4,61,2206,17648,17800,17832,32,0.1797752808988764,0.1,0.1009421265141319,18,20,18117292,18.117292,,CRC_DETECTED
CRC32,13-16,4,62,2206,17648,17800,17832,32,0.1797752808988764,0.1,0.1009421265141319,18,14,18160167,18.160167,,CRC_DETECTED
CRC32,13-16,4,63,2206,17648,17800,17832,32,0.1797752808988764,0.1,0.1009421265141319,18,15,17636041,17.636041,,CRC_DETECTED
CRC32,13-16,4,64,2206,17648,17800,17832,32,0.1797752808988764,0.1,0.1009421265141319,18,20,18122125,18.122125,,CRC_DETECTED
CRC32,13-16,4,65,2206,17648,17800,17832,32,0.1797752808988764,0.1,0.1009421265141319,18,8,17819833,17.819833,,CRC_DETECTED
CRC32,13-16,4,66,2206,17648,17800,17832,32,0.1797752808988764,0.1,0.1009421265141319,18,22,17924084,17.924084,,CRC_DETECTED
CRC32,13-16,4,67,2206,17648,17800,17832,32,0.1797752808988764,0.1,0.1009421265141319,18,24,17672583,17.672583,,CRC_DETECTED
CRC32,13-16,4,68,2206,17648,17800,17832,32,0.1797752808988764,0.1,0.1009421265141319,18,11,17786875,17.786875,,CRC_DETECTED
CRC32,13-16,4,69,2206,17648,17800,17832,32,0.1797752808988764,0.1,0.1009421265141319,18,16,17837125,17.837125,,CRC_DETECTED
CRC32,13-16,4,70,2206,17648,17800,17832,32,0.1797752808988764,0.1,0.1009421265141319,18,13,17888709,17.888709,,CRC_DETECTED
CRC32,13-16,4,71,2206,17648,17800,17832,32,0.1797752808988764,0.1,0.1009421265141319,18,13,17911875,17.911875,,CRC_DETECTED
CRC32,13-16,4,72,2206,17648,17800,17832,32,0.1797752808988764,0.1,0.1009421265141319,18,16,17409500,17.4095,,CRC_DETECTED
CRC32,13-16,4,73,2206,17648,17800,17832,32,0.1797752808988764,0.1,0.1009421265141319,18,22,17389750,17.38975,,CRC_DETECTED
CRC32,13-16,4,74,2206,17648,17800,17832,32,0.1797752808988764,0.1,0.1009421265141319,18,13,17364792,17.364792,,CRC_DETECTED
CRC32,13-16,4,75,2206,17648,17800,17832,32,0.1797752808988764,0.1,0.1009421265141319,18,13,17682583,17.682583,,CRC_DETECTED
CRC32,13-16,4,76,2206,17648,17800,17832,32,0.1797752808988764,0.1,0.1009421265141319,18,23,17383417,17.383417,,CRC_DETECTED
CRC32,13-16,4,77,2206,17648,17800,17832,32,0.1797752808988764,0.1,0.1009421265141319,18,24,17495667,17.495667,,CRC_DETECTED
CRC32,13-16,4,78,2206,17648,17800,17832,32,0.1797752808988764,0.1,0.1009421265141319,18,16,17370583,17.370583,,CRC_DETECTED
CRC32,13-16,4,79,2206,17648,17800,17832,32,0.1797752808988764,0.1,0.1009421265141319,18,15,17239125,17.239125,,CRC_DETECTED
CRC32,13-16,4,80,2206,17648,17800,17832,32,0.1797752808988764,0.1,0.1009421265141319,18,13,17457792,17.457792,,CRC_DETECTED
CRC32,13-16,4,81,2206,17648,17800,17832,32,0.1797752808988764,0.1,0.1009421265141319,18,16,17347041,17.347041,,CRC_DETECTED
CRC32,13-16,4,82,2206,17648,17800,17832,32,0.1797752808988764,0.1,0.1009421265141319,18,17,17209125,17.209125,,CRC_DETECTED
CRC32,13-16,4,83,2206,17648,17800,17832,32,0.1797752808988764,0.1,0.1009421265141319,18,23,17735042,17.735042,,CRC_DETECTED
CRC32,13-16,4,84,2206,17648,17800,17832,32,0.1797752808988764,0.1,0.1009421265141319,18,19,17632083,17.632083,,CRC_DETECTED
CRC32,13-16,4,85,2206,17648,17800,17832,32,0.1797752808988764,0.1,0.1009421265141319,18,19,18074333,18.074333,,CRC_DETECTED
CRC32,13-16,4,86,2206,17648,17800,17832,32,0.1797752808988764,0.1,0.1009421265141319,18,18,17973625,17.973625,,CRC_DETECTED
CRC32,13-16,4,87,2206,17648,17800,17832,32,0.1797752808988764,0.1,0.1009421265141319,18,15,17759083,17.759083,,CRC_DETECTED
CRC32,13-16,4,88,2206,17648,17800,17832,32,0.1797752808988764,0.1,0.1009421265141319,18,13,18019375,18.019375,,CRC_DETECTED
CRC32,13-16,4,89,2206,17648,17800,17832,32,0.1797752808988764,0.1,0.1009421265141319,18,14,17498583,17.498583,,CRC_DETECTED
CRC32,13-16,4,90,2206,17648,17800,17832,32,0.1797752808988764,0.1,0.1009421265141319,18,21,17673541,17.673541,,CRC_DETECTED
CRC32,13-16,4,91,2206,17648,17800,17832,32,0.1797752808988764,0.1,0.1009421265141319,18,22,17441208,17.441208,,CRC_DETECTED
CRC32,13-16,4,92,2206,17648,17800,17832,32,0.1797752808988764,0.1,0.1009421265141319,18,20,17314958,17.314958,,CRC_DETECTED
CRC32,13-16,4,93,2206,17648,17800,17832,32,0.1797752808988764,0.1,0.1009421265141319,18,19,17638084,17.638084,,CRC_DETECTED
CRC32,13-16,4,94,2206,17648,17800,17832,32,0.1797752808988764,0.1,0.1009421265141319,18,13,17235542,17.235542,,CRC_DETECTED
CRC32,13-16,4,95,2206,17648,17800,17832,32,0.1797752808988764,0.1,0.1009421265141319,18,16,17578417,17.578417,,CRC_DETECTED
CRC32,13-16,4,96,2206,17648,17800,17832,32,0.1797752808988764,0.1,0.1009421265141319,18,13,17773708,17.773708,,CRC_DETECTED
CRC32,13-16,4,97,2206,17648,17800,17832,32,0.1797752808988764,0.1,0.1009421265141319,18,10,17590958,17.590958,,CRC_DETECTED
CRC32,13-16,4,98,2206,17648,17800,17832,32,0.1797752808988764,0.1,0.1009421265141319,18,25,17526875,17.526875,,CRC_DETECTED
CRC32,13-16,4,99,2206,17648,17800,17832,32,0.1797752808988764,0.1,0.1009421265141319,18,18,17327334,17.327334,,CRC_DETECTED
CRC32,13-16,4,100,2206,17648,17800,17832,32,0.1797752808988764,0.1,0.1009421265141319,18,25,17293625,17.293625,,CRC_DETECTED
CRC32,13-16,4,1,2206,17648,17800,17832,32,0.1797752808988764,1.0,0.9982054733064155,178,152,18355208,18.355208,,CRC_DETECTED
CRC32,13-16,4,2,2206,17648,17800,17832,32,0.1797752808988764,1.0,0.9982054733064155,178,169,17673541,17.673541,,CRC_DETECTED
CRC32,13-16,4,3,2206,17648,17800,17832,32,0.1797752808988764,1.0,0.9982054733064155,178,177,17718708,17.718708,,CRC_DETECTED
CRC32,13-16,4,4,2206,17648,17800,17832,32,0.1797752808988764,1.0,0.9982054733064155,178,197,17754625,17.754625,,CRC_DETECTED
CRC32,13-16,4,5,2206,17648,17800,17832,32,0.1797752808988764,1.0,0.9982054733064155,178,198,17944459,17.944459,,CRC_DETECTED
CRC32,13-16,4,6,2206,17648,17800,17832,32,0.1797752808988764,1.0,0.9982054733064155,178,183,17959125,17.959125,,CRC_DETECTED
CRC32,13-16,4,7,2206,17648,17800,17832,32,0.1797752808988764,1.0,0.9982054733064155,178,186,17897125,17.897125,,CRC_DETECTED
CRC32,13-16,4,8,2206,17648,17800,17832,32,0.1797752808988764,1.0,0.9982054733064155,178,183,17655708,17.655708,,CRC_DETECTED
CRC32,13-16,4,9,2206,17648,17800,17832,32,0.1797752808988764,1.0,0.9982054733064155,178,203,17878292,17.878292,,CRC_DETECTED
CRC32,13-16,4,10,2206,17648,17800,17832,32,0.1797752808988764,1.0,0.9982054733064155,178,188,17999000,17.999,,CRC_DETECTED
CRC32,13-16,4,11,2206,17648,17800,17832,32,0.1797752808988764,1.0,0.9982054733064155,178,190,18227458,18.227458,,CRC_DETECTED
CRC32,13-16,4,12,2206,17648,17800,17832,32,0.1797752808988764,1.0,0.9982054733064155,178,176,18425959,18.425959,,CRC_DETECTED
CRC32,13-16,4,13,2206,17648,17800,17832,32,0.1797752808988764,1.0,0.9982054733064155,178,189,18028958,18.028958,,CRC_DETECTED
CRC32,13-16,4,14,2206,17648,17800,17832,32,0.1797752808988764,1.0,0.9982054733064155,178,188,17861041,17.861041,,CRC_DETECTED
CRC32,13-16,4,15,2206,17648,17800,17832,32,0.1797752808988764,1.0,0.9982054733064155,178,181,18283042,18.283042,,CRC_DETECTED
CRC32,13-16,4,16,2206,17648,17800,17832,32,0.1797752808988764,1.0,0.9982054733064155,178,185,17852542,17.852542,,CRC_DETECTED
CRC32,13-16,4,17,2206,17648,17800,17832,32,0.1797752808988764,1.0,0.9982054733064155,178,164,17970208,17.970208,,CRC_DETECTED
CRC32,13-16,4,18,2206,17648,17800,17832,32,0.1797752808988764,1.0,0.9982054733064155,178,161,17922709,17.922709,,CRC_DETECTED
CRC32,13-16,4,19,2206,17648,17800,17832,32,0.1797752808988764,1.0,0.9982054733064155,178,170,18282292,18.282292,,CRC_DETECTED
CRC32,13-16,4,20,2206,17648,17800,17832,32,0.1797752808988764,1.0,0.9982054733064155,178,194,21780667,21.780667,,CRC_DETECTED
CRC32,13-16,4,21,2206,17648,17800,17832,32,0.1797752808988764,1.0,0.9982054733064155,178,191,19623125,19.623125,,CRC_DETECTED
CRC32,13-16,4,22,2206,17648,17800,17832,32,0.1797752808988764,1.0,0.9982054733064155,178,171,17899375,17.899375,,CRC_DETECTED
CRC32,13-16,4,23,2206,17648,17800,17832,32,0.1797752808988764,1.0,0.9982054733064155,178,179,17968000,17.968,,CRC_DETECTED
CRC32,13-16,4,24,2206,17648,17800,17832,32,0.1797752808988764,1.0,0.9982054733064155,178,179,17758500,17.7585,,CRC_DETECTED
CRC32,13-16,4,25,2206,17648,17800,17832,32,0.1797752808988764,1.0,0.9982054733064155,178,166,18306792,18.306792,,CRC_DETECTED
CRC32,13-16,4,26,2206,17648,17800,17832,32,0.1797752808988764,1.0,0.9982054733064155,178,187,18129917,18.129917,,CRC_DETECTED
CRC32,13-16,4,27,2206,17648,17800,17832,32,0.1797752808988764,1.0,0.9982054733064155,178,193,41296209,41.296209,,CRC_DETECTED
CRC32,13-16,4,28,2206,17648,17800,17832,32,0.1797752808988764,1.0,0.9982054733064155,178,163,19011708,19.011708,,CRC_DETECTED
CRC32,13-16,4,29,2206,17648,17800,17832,32,0.1797752808988764,1.0,0.9982054733064155,178,175,17792958,17.792958,,CRC_DETECTED
CRC32,13-16,4,30,2206,17648,17800,17832,32,0.1797752808988764,1.0,0.9982054733064155,178,171,17421083,17.421083,,CRC_DETECTED
CRC32,13-16,4,31,2206,17648,17800,17832,32,0.1797752808988764,1.0,0.9982054733064155,178,173,17458375,17.458375,,CRC_DETECTED
CRC32,13-16,4,32,2206,17648,17800,17832,32,0.1797752808988764,1.0,0.9982054733064155,178,172,17461542,17.461542,,CRC_DETECTED
CRC32,13-16,4,33,2206,17648,17800,17832,32,0.1797752808988764,1.0,0.9982054733064155,178,191,17555208,17.555208,,CRC_DETECTED
CRC32,13-16,4,34,2206,17648,17800,17832,32,0.1797752808988764,1.0,0.9982054733064155,178,176,17502792,17.502792,,CRC_DETECTED
CRC32,13-16,4,35,2206,17648,17800,17832,32,0.1797752808988764,1.0,0.9982054733064155,178,168,17324750,17.32475,,CRC_DETECTED
CRC32,13-16,4,36,2206,17648,17800,17832,32,0.1797752808988764,1.0,0.9982054733064155,178,192,17415542,17.415542,,CRC_DETECTED
CRC32,13-16,4,37,2206,17648,17800,17832,32,0.1797752808988764,1.0,0.9982054733064155,178,163,17471209,17.471209,,CRC_DETECTED
CRC32,13-16,4,38,2206,17648,17800,17832,32,0.1797752808988764,1.0,0.9982054733064155,178,198,17737041,17.737041,,CRC_DETECTED
CRC32,13-16,4,39,2206,17648,17800,17832,32,0.1797752808988764,1.0,0.9982054733064155,178,159,17669791,17.669791,,CRC_DETECTED
CRC32,13-16,4,40,2206,17648,17800,17832,32,0.1797752808988764,1.0,0.9982054733064155,178,183,17405375,17.405375,,CRC_DETECTED
CRC32,13-16,4,41,2206,17648,17800,17832,32,0.1797752808988764,1.0,0.9982054733064155,178,180,17414583,17.414583,,CRC_DETECTED
CRC32,13-16,4,42,2206,17648,17800,17832,32,0.1797752808988764,1.0,0.9982054733064155,178,178,17294167,17.294167,,CRC_DETECTED
CRC32,13-16,4,43,2206,17648,17800,17832,32,0.1797752808988764,1.0,0.9982054733064155,178,179,17611000,17.611,,CRC_DETECTED
CRC32,13-16,4,44,2206,17648,17800,17832,32,0.1797752808988764,1.0,0.9982054733064155,178,203,17418916,17.418916,,CRC_DETECTED
CRC32,13-16,4,45,2206,17648,17800,17832,32,0.1797752808988764,1.0,0.9982054733064155,178,174,17373792,17.373792,,CRC_DETECTED
CRC32,13-16,4,46,2206,17648,17800,17832,32,0.1797752808988764,1.0,0.9982054733064155,178,183,17599042,17.599042,,CRC_DETECTED
CRC32,13-16,4,47,2206,17648,17800,17832,32,0.1797752808988764,1.0,0.9982054733064155,178,203,17412291,17.412291,,CRC_DETECTED
CRC32,13-16,4,48,2206,17648,17800,17832,32,0.1797752808988764,1.0,0.9982054733064155,178,181,17475208,17.475208,,CRC_DETECTED
CRC32,13-16,4,49,2206,17648,17800,17832,32,0.1797752808988764,1.0,0.9982054733064155,178,169,17343209,17.343209,,CRC_DETECTED
CRC32,13-16,4,50,2206,17648,17800,17832,32,0.1797752808988764,1.0,0.9982054733064155,178,186,17406583,17.406583,,CRC_DETECTED
CRC32,13-16,4,51,2206,17648,17800,17832,32,0.1797752808988764,1.0,0.9982054733064155,178,169,17360125,17.360125,,CRC_DETECTED
CRC32,13-16,4,52,2206,17648,17800,17832,32,0.1797752808988764,1.0,0.9982054733064155,178,184,17439375,17.439375,,CRC_DETECTED
CRC32,13-16,4,53,2206,17648,17800,17832,32,0.1797752808988764,1.0,0.9982054733064155,178,158,17514292,17.514292,,CRC_DETECTED
CRC32,13-16,4,54,2206,17648,17800,17832,32,0.1797752808988764,1.0,0.9982054733064155,178,148,17495916,17.495916,,CRC_DETECTED
CRC32,13-16,4,55,2206,17648,17800,17832,32,0.1797752808988764,1.0,0.9982054733064155,178,186,17592583,17.592583,,CRC_DETECTED
CRC32,13-16,4,56,2206,17648,17800,17832,32,0.1797752808988764,1.0,0.9982054733064155,178,191,17476291,17.476291,,CRC_DETECTED
CRC32,13-16,4,57,2206,17648,17800,17832,32,0.1797752808988764,1.0,0.9982054733064155,178,185,17370958,17.370958,,CRC_DETECTED
CRC32,13-16,4,58,2206,17648,17800,17832,32,0.1797752808988764,1.0,0.9982054733064155,178,176,17439000,17.439,,CRC_DETECTED
CRC32,13-16,4,59,2206,17648,17800,17832,32,0.1797752808988764,1.0,0.9982054733064155,178,178,17290500,17.2905,,CRC_DETECTED
CRC32,13-16,4,60,2206,17648,17800,17832,32,0.1797752808988764,1.0,0.9982054733064155,178,181,17414500,17.4145,,CRC_DETECTED
CRC32,13-16,4,61,2206,17648,17800,17832,32,0.1797752808988764,1.0,0.9982054733064155,178,177,17307958,17.307958,,CRC_DETECTED
CRC32,13-16,4,62,2206,17648,17800,17832,32,0.1797752808988764,1.0,0.9982054733064155,178,189,17419500,17.4195,,CRC_DETECTED
CRC32,13-16,4,63,2206,17648,17800,17832,32,0.1797752808988764,1.0,0.9982054733064155,178,164,17357916,17.357916,,CRC_DETECTED
CRC32,13-16,4,64,2206,17648,17800,17832,32,0.1797752808988764,1.0,0.9982054733064155,178,155,17257750,17.25775,,CRC_DETECTED
CRC32,13-16,4,65,2206,17648,17800,17832,32,0.1797752808988764,1.0,0.9982054733064155,178,164,17441958,17.441958,,CRC_DETECTED
CRC32,13-16,4,66,2206,17648,17800,17832,32,0.1797752808988764,1.0,0.9982054733064155,178,168,17372834,17.372834,,CRC_DETECTED
CRC32,13-16,4,67,2206,17648,17800,17832,32,0.1797752808988764,1.0,0.9982054733064155,178,186,17518750,17.51875,,CRC_DETECTED
CRC32,13-16,4,68,2206,17648,17800,17832,32,0.1797752808988764,1.0,0.9982054733064155,178,162,17624875,17.624875,,CRC_DETECTED
CRC32,13-16,4,69,2206,17648,17800,17832,32,0.1797752808988764,1.0,0.9982054733064155,178,165,17314791,17.314791,,CRC_DETECTED
CRC32,13-16,4,70,2206,17648,17800,17832,32,0.1797752808988764,1.0,0.9982054733064155,178,170,17637125,17.637125,,CRC_DETECTED
CRC32,13-16,4,71,2206,17648,17800,17832,32,0.1797752808988764,1.0,0.9982054733064155,178,166,17487875,17.487875,,CRC_DETECTED
CRC32,13-16,4,72,2206,17648,17800,17832,32,0.1797752808988764,1.0,0.9982054733064155,178,195,17529917,17.529917,,CRC_DETECTED
CRC32,13-16,4,73,2206,17648,17800,17832,32,0.1797752808988764,1.0,0.9982054733064155,178,198,17520792,17.520792,,CRC_DETECTED
CRC32,13-16,4,74,2206,17648,17800,17832,32,0.1797752808988764,1.0,0.9982054733064155,178,193,17721083,17.721083,,CRC_DETECTED
CRC32,13-16,4,75,2206,17648,17800,17832,32,0.1797752808988764,1.0,0.9982054733064155,178,180,17896000,17.896,,CRC_DETECTED
CRC32,13-16,4,76,2206,17648,17800,17832,32,0.1797752808988764,1.0,0.9982054733064155,178,161,18572542,18.572542,,CRC_DETECTED
CRC32,13-16,4,77,2206,17648,17800,17832,32,0.1797752808988764,1.0,0.9982054733064155,178,179,18239416,18.239416,,CRC_DETECTED
CRC32,13-16,4,78,2206,17648,17800,17832,32,0.1797752808988764,1.0,0.9982054733064155,178,196,17525750,17.52575,,CRC_DETECTED
CRC32,13-16,4,79,2206,17648,17800,17832,32,0.1797752808988764,1.0,0.9982054733064155,178,169,17528666,17.528666,,CRC_DETECTED
CRC32,13-16,4,80,2206,17648,17800,17832,32,0.1797752808988764,1.0,0.9982054733064155,178,172,17452959,17.452959,,CRC_DETECTED
CRC32,13-16,4,81,2206,17648,17800,17832,32,0.1797752808988764,1.0,0.9982054733064155,178,182,17326417,17.326417,,CRC_DETECTED
CRC32,13-16,4,82,2206,17648,17800,17832,32,0.1797752808988764,1.0,0.9982054733064155,178,192,17706500,17.7065,,CRC_DETECTED
CRC32,13-16,4,83,2206,17648,17800,17832,32,0.1797752808988764,1.0,0.9982054733064155,178,170,17758167,17.758167,,CRC_DETECTED
CRC32,13-16,4,84,2206,17648,17800,17832,32,0.1797752808988764,1.0,0.9982054733064155,178,162,17473958,17.473958,,CRC_DETECTED
CRC32,13-16,4,85,2206,17648,17800,17832,32,0.1797752808988764,1.0,0.9982054733064155,178,182,17710041,17.710041,,CRC_DETECTED
CRC32,13-16,4,86,2206,17648,17800,17832,32,0.1797752808988764,1.0,0.9982054733064155,178,189,17530875,17.530875,,CRC_DETECTED
CRC32,13-16,4,87,2206,17648,17800,17832,32,0.1797752808988764,1.0,0.9982054733064155,178,187,17503792,17.503792,,CRC_DETECTED
CRC32,13-16,4,88,2206,17648,17800,17832,32,0.1797752808988764,1.0,0.9982054733064155,178,165,17487458,17.487458,,CRC_DETECTED
CRC32,13-16,4,89,2206,17648,17800,17832,32,0.1797752808988764,1.0,0.9982054733064155,178,181,17267667,17.267667,,CRC_DETECTED
CRC32,13-16,4,90,2206,17648,17800,17832,32,0.1797752808988764,1.0,0.9982054733064155,178,176,18059333,18.059333,,CRC_DETECTED
CRC32,13-16,4,91,2206,17648,17800,17832,32,0.1797752808988764,1.0,0.9982054733064155,178,197,18019083,18.019083,,CRC_DETECTED
CRC32,13-16,4,92,2206,17648,17800,17832,32,0.1797752808988764,1.0,0.9982054733064155,178,174,18073791,18.073791,,CRC_DETECTED
CRC32,13-16,4,93,2206,17648,17800,17832,32,0.1797752808988764,1.0,0.9982054733064155,178,175,17502666,17.502666,,CRC_DETECTED
CRC32,13-16,4,94,2206,17648,17800,17832,32,0.1797752808988764,1.0,0.9982054733064155,178,198,17752292,17.752292,,CRC_DETECTED
CRC32,13-16,4,95,2206,17648,17800,17832,32,0.1797752808988764,1.0,0.9982054733064155,178,168,17991250,17.99125,,CRC_DETECTED
CRC32,13-16,4,96,2206,17648,17800,17832,32,0.1797752808988764,1.0,0.9982054733064155,178,169,17800791,17.800791,,CRC_DETECTED
CRC32,13-16,4,97,2206,17648,17800,17832,32,0.1797752808988764,1.0,0.9982054733064155,178,184,17979792,17.979792,,CRC_DETECTED
CRC32,13-16,4,98,2206,17648,17800,17832,32,0.1797752808988764,1.0,0.9982054733064155,178,154,18301333,18.301333,,CRC_DETECTED
CRC32,13-16,4,99,2206,17648,17800,17832,32,0.1797752808988764,1.0,0.9982054733064155,178,167,17970333,17.970333,,CRC_DETECTED
CRC32,13-16,4,100,2206,17648,17800,17832,32,0.1797752808988764,1.0,0.9982054733064155,178,190,18032334,18.032334,,CRC_DETECTED
CRC32,13-17,5,1,2901,23208,23360,23392,32,0.136986301369863,0.0,0.0,0,0,24097334,24.097334,True,CLEAN
CRC32,13-17,5,2,2901,23208,23360,23392,32,0.136986301369863,0.0,0.0,0,0,23552250,23.55225,True,CLEAN
CRC32,13-17,5,3,2901,23208,23360,23392,32,0.136986301369863,0.0,0.0,0,0,23646042,23.646042,True,CLEAN
CRC32,13-17,5,4,2901,23208,23360,23392,32,0.136986301369863,0.0,0.0,0,0,23760083,23.760083,True,CLEAN
CRC32,13-17,5,5,2901,23208,23360,23392,32,0.136986301369863,0.0,0.0,0,0,23642833,23.642833,True,CLEAN
CRC32,13-17,5,6,2901,23208,23360,23392,32,0.136986301369863,0.0,0.0,0,0,23406916,23.406916,True,CLEAN
CRC32,13-17,5,7,2901,23208,23360,23392,32,0.136986301369863,0.0,0.0,0,0,23411541,23.411541,True,CLEAN
CRC32,13-17,5,8,2901,23208,23360,23392,32,0.136986301369863,0.0,0.0,0,0,23936583,23.936583,True,CLEAN
CRC32,13-17,5,9,2901,23208,23360,23392,32,0.136986301369863,0.0,0.0,0,0,23501750,23.50175,True,CLEAN
CRC32,13-17,5,10,2901,23208,23360,23392,32,0.136986301369863,0.0,0.0,0,0,24083542,24.083542,True,CLEAN
CRC32,13-17,5,11,2901,23208,23360,23392,32,0.136986301369863,0.0,0.0,0,0,23372750,23.37275,True,CLEAN
CRC32,13-17,5,12,2901,23208,23360,23392,32,0.136986301369863,0.0,0.0,0,0,23323042,23.323042,True,CLEAN
CRC32,13-17,5,13,2901,23208,23360,23392,32,0.136986301369863,0.0,0.0,0,0,23963250,23.96325,True,CLEAN
CRC32,13-17,5,14,2901,23208,23360,23392,32,0.136986301369863,0.0,0.0,0,0,23650666,23.650666,True,CLEAN
CRC32,13-17,5,15,2901,23208,23360,23392,32,0.136986301369863,0.0,0.0,0,0,26627292,26.627292,True,CLEAN
CRC32,13-17,5,16,2901,23208,23360,23392,32,0.136986301369863,0.0,0.0,0,0,50491000,50.491,True,CLEAN
CRC32,13-17,5,17,2901,23208,23360,23392,32,0.136986301369863,0.0,0.0,0,0,25567125,25.567125,True,CLEAN
CRC32,13-17,5,18,2901,23208,23360,23392,32,0.136986301369863,0.0,0.0,0,0,23670125,23.670125,True,CLEAN
CRC32,13-17,5,19,2901,23208,23360,23392,32,0.136986301369863,0.0,0.0,0,0,23502417,23.502417,True,CLEAN
CRC32,13-17,5,20,2901,23208,23360,23392,32,0.136986301369863,0.0,0.0,0,0,23238917,23.238917,True,CLEAN
CRC32,13-17,5,21,2901,23208,23360,23392,32,0.136986301369863,0.0,0.0,0,0,24753583,24.753583,True,CLEAN
CRC32,13-17,5,22,2901,23208,23360,23392,32,0.136986301369863,0.0,0.0,0,0,24610875,24.610875,True,CLEAN
CRC32,13-17,5,23,2901,23208,23360,23392,32,0.136986301369863,0.0,0.0,0,0,25088000,25.088,True,CLEAN
CRC32,13-17,5,24,2901,23208,23360,23392,32,0.136986301369863,0.0,0.0,0,0,24700875,24.700875,True,CLEAN
CRC32,13-17,5,25,2901,23208,23360,23392,32,0.136986301369863,0.0,0.0,0,0,25572125,25.572125,True,CLEAN
CRC32,13-17,5,26,2901,23208,23360,23392,32,0.136986301369863,0.0,0.0,0,0,23788792,23.788792,True,CLEAN
CRC32,13-17,5,27,2901,23208,23360,23392,32,0.136986301369863,0.0,0.0,0,0,23773417,23.773417,True,CLEAN
CRC32,13-17,5,28,2901,23208,23360,23392,32,0.136986301369863,0.0,0.0,0,0,23781417,23.781417,True,CLEAN
CRC32,13-17,5,29,2901,23208,23360,23392,32,0.136986301369863,0.0,0.0,0,0,23723625,23.723625,True,CLEAN
CRC32,13-17,5,30,2901,23208,23360,23392,32,0.136986301369863,0.0,0.0,0,0,23430584,23.430584,True,CLEAN
CRC32,13-17,5,31,2901,23208,23360,23392,32,0.136986301369863,0.0,0.0,0,0,23656875,23.656875,True,CLEAN
CRC32,13-17,5,32,2901,23208,23360,23392,32,0.136986301369863,0.0,0.0,0,0,23654833,23.654833,True,CLEAN
CRC32,13-17,5,33,2901,23208,23360,23392,32,0.136986301369863,0.0,0.0,0,0,23778875,23.778875,True,CLEAN
CRC32,13-17,5,34,2901,23208,23360,23392,32,0.136986301369863,0.0,0.0,0,0,23725291,23.725291,True,CLEAN
CRC32,13-17,5,35,2901,23208,23360,23392,32,0.136986301369863,0.0,0.0,0,0,23489083,23.489083,True,CLEAN
CRC32,13-17,5,36,2901,23208,23360,23392,32,0.136986301369863,0.0,0.0,0,0,24524291,24.524291,True,CLEAN
CRC32,13-17,5,37,2901,23208,23360,23392,32,0.136986301369863,0.0,0.0,0,0,25097792,25.097792,True,CLEAN
CRC32,13-17,5,38,2901,23208,23360,23392,32,0.136986301369863,0.0,0.0,0,0,25455750,25.45575,True,CLEAN
CRC32,13-17,5,39,2901,23208,23360,23392,32,0.136986301369863,0.0,0.0,0,0,25012667,25.012667,True,CLEAN
CRC32,13-17,5,40,2901,23208,23360,23392,32,0.136986301369863,0.0,0.0,0,0,24518667,24.518667,True,CLEAN
CRC32,13-17,5,41,2901,23208,23360,23392,32,0.136986301369863,0.0,0.0,0,0,25917375,25.917375,True,CLEAN
CRC32,13-17,5,42,2901,23208,23360,23392,32,0.136986301369863,0.0,0.0,0,0,24089250,24.08925,True,CLEAN
CRC32,13-17,5,43,2901,23208,23360,23392,32,0.136986301369863,0.0,0.0,0,0,24296958,24.296958,True,CLEAN
CRC32,13-17,5,44,2901,23208,23360,23392,32,0.136986301369863,0.0,0.0,0,0,25983375,25.983375,True,CLEAN
CRC32,13-17,5,45,2901,23208,23360,23392,32,0.136986301369863,0.0,0.0,0,0,28471416,28.471416,True,CLEAN
CRC32,13-17,5,46,2901,23208,23360,23392,32,0.136986301369863,0.0,0.0,0,0,25843042,25.843042,True,CLEAN
CRC32,13-17,5,47,2901,23208,23360,23392,32,0.136986301369863,0.0,0.0,0,0,23935666,23.935666,True,CLEAN
CRC32,13-17,5,48,2901,23208,23360,23392,32,0.136986301369863,0.0,0.0,0,0,24321709,24.321709,True,CLEAN
CRC32,13-17,5,49,2901,23208,23360,23392,32,0.136986301369863,0.0,0.0,0,0,24332500,24.3325,True,CLEAN
CRC32,13-17,5,50,2901,23208,23360,23392,32,0.136986301369863,0.0,0.0,0,0,23528333,23.528333,True,CLEAN
CRC32,13-17,5,51,2901,23208,23360,23392,32,0.136986301369863,0.0,0.0,0,0,23300875,23.300875,True,CLEAN
CRC32,13-17,5,52,2901,23208,23360,23392,32,0.136986301369863,0.0,0.0,0,0,23276042,23.276042,True,CLEAN
CRC32,13-17,5,53,2901,23208,23360,23392,32,0.136986301369863,0.0,0.0,0,0,23327416,23.327416,True,CLEAN
CRC32,13-17,5,54,2901,23208,23360,23392,32,0.136986301369863,0.0,0.0,0,0,23486083,23.486083,True,CLEAN
CRC32,13-17,5,55,2901,23208,23360,23392,32,0.136986301369863,0.0,0.0,0,0,23997541,23.997541,True,CLEAN
CRC32,13-17,5,56,2901,23208,23360,23392,32,0.136986301369863,0.0,0.0,0,0,23606834,23.606834,True,CLEAN
CRC32,13-17,5,57,2901,23208,23360,23392,32,0.136986301369863,0.0,0.0,0,0,23414042,23.414042,True,CLEAN
CRC32,13-17,5,58,2901,23208,23360,23392,32,0.136986301369863,0.0,0.0,0,0,23655833,23.655833,True,CLEAN
CRC32,13-17,5,59,2901,23208,23360,23392,32,0.136986301369863,0.0,0.0,0,0,23423834,23.423834,True,CLEAN
CRC32,13-17,5,60,2901,23208,23360,23392,32,0.136986301369863,0.0,0.0,0,0,23690500,23.6905,True,CLEAN
CRC32,13-17,5,61,2901,23208,23360,23392,32,0.136986301369863,0.0,0.0,0,0,23402292,23.402292,True,CLEAN
CRC32,13-17,5,62,2901,23208,23360,23392,32,0.136986301369863,0.0,0.0,0,0,23661375,23.661375,True,CLEAN
CRC32,13-17,5,63,2901,23208,23360,23392,32,0.136986301369863,0.0,0.0,0,0,23704625,23.704625,True,CLEAN
CRC32,13-17,5,64,2901,23208,23360,23392,32,0.136986301369863,0.0,0.0,0,0,23560792,23.560792,True,CLEAN
CRC32,13-17,5,65,2901,23208,23360,23392,32,0.136986301369863,0.0,0.0,0,0,23336916,23.336916,True,CLEAN
CRC32,13-17,5,66,2901,23208,23360,23392,32,0.136986301369863,0.0,0.0,0,0,23679584,23.679584,True,CLEAN
CRC32,13-17,5,67,2901,23208,23360,23392,32,0.136986301369863,0.0,0.0,0,0,23759708,23.759708,True,CLEAN
CRC32,13-17,5,68,2901,23208,23360,23392,32,0.136986301369863,0.0,0.0,0,0,23553083,23.553083,True,CLEAN
CRC32,13-17,5,69,2901,23208,23360,23392,32,0.136986301369863,0.0,0.0,0,0,23677458,23.677458,True,CLEAN
CRC32,13-17,5,70,2901,23208,23360,23392,32,0.136986301369863,0.0,0.0,0,0,23243500,23.2435,True,CLEAN
CRC32,13-17,5,71,2901,23208,23360,23392,32,0.136986301369863,0.0,0.0,0,0,23194167,23.194167,True,CLEAN
CRC32,13-17,5,72,2901,23208,23360,23392,32,0.136986301369863,0.0,0.0,0,0,23106750,23.10675,True,CLEAN
CRC32,13-17,5,73,2901,23208,23360,23392,32,0.136986301369863,0.0,0.0,0,0,23146542,23.146542,True,CLEAN
CRC32,13-17,5,74,2901,23208,23360,23392,32,0.136986301369863,0.0,0.0,0,0,23191125,23.191125,True,CLEAN
CRC32,13-17,5,75,2901,23208,23360,23392,32,0.136986301369863,0.0,0.0,0,0,23189750,23.18975,True,CLEAN
CRC32,13-17,5,76,2901,23208,23360,23392,32,0.136986301369863,0.0,0.0,0,0,23176334,23.176334,True,CLEAN
CRC32,13-17,5,77,2901,23208,23360,23392,32,0.136986301369863,0.0,0.0,0,0,23169208,23.169208,True,CLEAN
CRC32,13-17,5,78,2901,23208,23360,23392,32,0.136986301369863,0.0,0.0,0,0,23182916,23.182916,True,CLEAN
CRC32,13-17,5,79,2901,23208,23360,23392,32,0.136986301369863,0.0,0.0,0,0,23044709,23.044709,True,CLEAN
CRC32,13-17,5,80,2901,23208,23360,23392,32,0.136986301369863,0.0,0.0,0,0,23318166,23.318166,True,CLEAN
CRC32,13-17,5,81,2901,23208,23360,23392,32,0.136986301369863,0.0,0.0,0,0,23146541,23.146541,True,CLEAN
CRC32,13-17,5,82,2901,23208,23360,23392,32,0.136986301369863,0.0,0.0,0,0,23589500,23.5895,True,CLEAN
CRC32,13-17,5,83,2901,23208,23360,23392,32,0.136986301369863,0.0,0.0,0,0,23736000,23.736,True,CLEAN
CRC32,13-17,5,84,2901,23208,23360,23392,32,0.136986301369863,0.0,0.0,0,0,24033833,24.033833,True,CLEAN
CRC32,13-17,5,85,2901,23208,23360,23392,32,0.136986301369863,0.0,0.0,0,0,23603625,23.603625,True,CLEAN
CRC32,13-17,5,86,2901,23208,23360,23392,32,0.136986301369863,0.0,0.0,0,0,23532125,23.532125,True,CLEAN
CRC32,13-17,5,87,2901,23208,23360,23392,32,0.136986301369863,0.0,0.0,0,0,23703500,23.7035,True,CLEAN
CRC32,13-17,5,88,2901,23208,23360,23392,32,0.136986301369863,0.0,0.0,0,0,23535666,23.535666,True,CLEAN
CRC32,13-17,5,89,2901,23208,23360,23392,32,0.136986301369863,0.0,0.0,0,0,23331875,23.331875,True,CLEAN
CRC32,13-17,5,90,2901,23208,23360,23392,32,0.136986301369863,0.0,0.0,0,0,23278375,23.278375,True,CLEAN
CRC32,13-17,5,91,2901,23208,23360,23392,32,0.136986301369863,0.0,0.0,0,0,23115209,23.115209,True,CLEAN
CRC32,13-17,5,92,2901,23208,23360,23392,32,0.136986301369863,0.0,0.0,0,0,23792458,23.792458,True,CLEAN
CRC32,13-17,5,93,2901,23208,23360,23392,32,0.136986301369863,0.0,0.0,0,0,23210291,23.210291,True,CLEAN
CRC32,13-17,5,94,2901,23208,23360,23392,32,0.136986301369863,0.0,0.0,0,0,23513666,23.513666,True,CLEAN
CRC32,13-17,5,95,2901,23208,23360,23392,32,0.136986301369863,0.0,0.0,0,0,23210792,23.210792,True,CLEAN
CRC32,13-17,5,96,2901,23208,23360,23392,32,0.136986301369863,0.0,0.0,0,0,23361209,23.361209,True,CLEAN
CRC32,13-17,5,97,2901,23208,23360,23392,32,0.136986301369863,0.0,0.0,0,0,24007125,24.007125,True,CLEAN
CRC32,13-17,5,98,2901,23208,23360,23392,32,0.136986301369863,0.0,0.0,0,0,24674167,24.674167,True,CLEAN
CRC32,13-17,5,99,2901,23208,23360,23392,32,0.136986301369863,0.0,0.0,0,0,25385917,25.385917,True,CLEAN
CRC32,13-17,5,100,2901,23208,23360,23392,32,0.136986301369863,0.0,0.0,0,0,23494250,23.49425,True,CLEAN
CRC32,13-17,5,1,2901,23208,23360,23392,32,0.136986301369863,0.01,0.008549931600547196,2,1,22522500,22.5225,,CRC_DETECTED
CRC32,13-17,5,2,2901,23208,23360,23392,32,0.136986301369863,0.01,0.008549931600547196,2,1,22263875,22.263875,,CRC_DETECTED
CRC32,13-17,5,3,2901,23208,23360,23392,32,0.136986301369863,0.01,0.008549931600547196,2,1,22269500,22.2695,,CRC_DETECTED
CRC32,13-17,5,4,2901,23208,23360,23392,32,0.136986301369863,0.01,0.008549931600547196,2,6,22261083,22.261083,,CRC_DETECTED
CRC32,13-17,5,5,2901,23208,23360,23392,32,0.136986301369863,0.01,0.008549931600547196,2,2,22686833,22.686833,,CRC_DETECTED
CRC32,13-17,5,6,2901,23208,23360,23392,32,0.136986301369863,0.01,0.008549931600547196,2,1,22815125,22.815125,,CRC_DETECTED
CRC32,13-17,5,7,2901,23208,23360,23392,32,0.136986301369863,0.01,0.008549931600547196,2,3,23034792,23.034792,,CRC_DETECTED
CRC32,13-17,5,8,2901,23208,23360,23392,32,0.136986301369863,0.01,0.008549931600547196,2,0,24099500,24.0995,True,CLEAN
CRC32,13-17,5,9,2901,23208,23360,23392,32,0.136986301369863,0.01,0.008549931600547196,2,2,22874125,22.874125,,CRC_DETECTED
CRC32,13-17,5,10,2901,23208,23360,23392,32,0.136986301369863,0.01,0.008549931600547196,2,2,22769792,22.769792,,CRC_DETECTED
CRC32,13-17,5,11,2901,23208,23360,23392,32,0.136986301369863,0.01,0.008549931600547196,2,3,23058500,23.0585,,CRC_DETECTED
CRC32,13-17,5,12,2901,23208,23360,23392,32,0.136986301369863,0.01,0.008549931600547196,2,1,22676084,22.676084,,CRC_DETECTED
CRC32,13-17,5,13,2901,23208,23360,23392,32,0.136986301369863,0.01,0.008549931600547196,2,2,22393666,22.393666,,CRC_DETECTED
CRC32,13-17,5,14,2901,23208,23360,23392,32,0.136986301369863,0.01,0.008549931600547196,2,2,22528250,22.52825,,CRC_DETECTED
CRC32,13-17,5,15,2901,23208,23360,23392,32,0.136986301369863,0.01,0.008549931600547196,2,3,22584792,22.584792,,CRC_DETECTED
CRC32,13-17,5,16,2901,23208,23360,23392,32,0.136986301369863,0.01,0.008549931600547196,2,4,22502709,22.502709,,CRC_DETECTED
CRC32,13-17,5,17,2901,23208,23360,23392,32,0.136986301369863,0.01,0.008549931600547196,2,1,22726042,22.726042,,CRC_DETECTED
CRC32,13-17,5,18,2901,23208,23360,23392,32,0.136986301369863,0.01,0.008549931600547196,2,0,27339167,27.339167,True,CLEAN
CRC32,13-17,5,19,2901,23208,23360,23392,32,0.136986301369863,0.01,0.008549931600547196,2,4,22455584,22.455584,,CRC_DETECTED
CRC32,13-17,5,20,2901,23208,23360,23392,32,0.136986301369863,0.01,0.008549931600547196,2,2,22399541,22.399541,,CRC_DETECTED
CRC32,13-17,5,21,2901,23208,23360,23392,32,0.136986301369863,0.01,0.008549931600547196,2,2,22493125,22.493125,,CRC_DETECTED
CRC32,13-17,5,22,2901,23208,23360,23392,32,0.136986301369863,0.01,0.008549931600547196,2,3,22328125,22.328125,,CRC_DETECTED
CRC32,13-17,5,23,2901,23208,23360,23392,32,0.136986301369863,0.01,0.008549931600547196,2,1,22360458,22.360458,,CRC_DETECTED
CRC32,13-17,5,24,2901,23208,23360,23392,32,0.136986301369863,0.01,0.008549931600547196,2,3,22324458,22.324458,,CRC_DETECTED
CRC32,13-17,5,25,2901,23208,23360,23392,32,0.136986301369863,0.01,0.008549931600547196,2,5,22433042,22.433042,,CRC_DETECTED
CRC32,13-17,5,26,2901,23208,23360,23392,32,0.136986301369863,0.01,0.008549931600547196,2,3,22400209,22.400209,,CRC_DETECTED
CRC32,13-17,5,27,2901,23208,23360,23392,32,0.136986301369863,0.01,0.008549931600547196,2,2,22233458,22.233458,,CRC_DETECTED
CRC32,13-17,5,28,2901,23208,23360,23392,32,0.136986301369863,0.01,0.008549931600547196,2,1,22370417,22.370417,,CRC_DETECTED
CRC32,13-17,5,29,2901,23208,23360,23392,32,0.136986301369863,0.01,0.008549931600547196,2,0,23631792,23.631792,True,CLEAN
CRC32,13-17,5,30,2901,23208,23360,23392,32,0.136986301369863,0.01,0.008549931600547196,2,2,22327333,22.327333,,CRC_DETECTED
CRC32,13-17,5,31,2901,23208,23360,23392,32,0.136986301369863,0.01,0.008549931600547196,2,2,22427750,22.42775,,CRC_DETECTED
CRC32,13-17,5,32,2901,23208,23360,23392,32,0.136986301369863,0.01,0.008549931600547196,2,2,22360959,22.360959,,CRC_DETECTED
CRC32,13-17,5,33,2901,23208,23360,23392,32,0.136986301369863,0.01,0.008549931600547196,2,3,22688750,22.68875,,CRC_DETECTED
CRC32,13-17,5,34,2901,23208,23360,23392,32,0.136986301369863,0.01,0.008549931600547196,2,3,22301166,22.301166,,CRC_DETECTED
CRC32,13-17,5,35,2901,23208,23360,23392,32,0.136986301369863,0.01,0.008549931600547196,2,2,22392625,22.392625,,CRC_DETECTED
CRC32,13-17,5,36,2901,23208,23360,23392,32,0.136986301369863,0.01,0.008549931600547196,2,0,23575875,23.575875,True,CLEAN
CRC32,13-17,5,37,2901,23208,23360,23392,32,0.136986301369863,0.01,0.008549931600547196,2,2,22353333,22.353333,,CRC_DETECTED
CRC32,13-17,5,38,2901,23208,23360,23392,32,0.136986301369863,0.01,0.008549931600547196,2,3,22519375,22.519375,,CRC_DETECTED
CRC32,13-17,5,39,2901,23208,23360,23392,32,0.136986301369863,0.01,0.008549931600547196,2,3,22498334,22.498334,,CRC_DETECTED
CRC32,13-17,5,40,2901,23208,23360,23392,32,0.136986301369863,0.01,0.008549931600547196,2,3,22445208,22.445208,,CRC_DETECTED
CRC32,13-17,5,41,2901,23208,23360,23392,32,0.136986301369863,0.01,0.008549931600547196,2,1,22497292,22.497292,,CRC_DETECTED
CRC32,13-17,5,42,2901,23208,23360,23392,32,0.136986301369863,0.01,0.008549931600547196,2,1,22585125,22.585125,,CRC_DETECTED
CRC32,13-17,5,43,2901,23208,23360,23392,32,0.136986301369863,0.01,0.008549931600547196,2,2,22363708,22.363708,,CRC_DETECTED
CRC32,13-17,5,44,2901,23208,23360,23392,32,0.136986301369863,0.01,0.008549931600547196,2,1,22610250,22.61025,,CRC_DETECTED
CRC32,13-17,5,45,2901,23208,23360,23392,32,0.136986301369863,0.01,0.008549931600547196,2,1,22459083,22.459083,,CRC_DETECTED
CRC32,13-17,5,46,2901,23208,23360,23392,32,0.136986301369863,0.01,0.008549931600547196,2,2,23548500,23.5485,,CRC_DETECTED
CRC32,13-17,5,47,2901,23208,23360,23392,32,0.136986301369863,0.01,0.008549931600547196,2,1,22483125,22.483125,,CRC_DETECTED
CRC32,13-17,5,48,2901,23208,23360,23392,32,0.136986301369863,0.01,0.008549931600547196,2,2,22443042,22.443042,,CRC_DETECTED
CRC32,13-17,5,49,2901,23208,23360,23392,32,0.136986301369863,0.01,0.008549931600547196,2,2,22427458,22.427458,,CRC_DETECTED
CRC32,13-17,5,50,2901,23208,23360,23392,32,0.136986301369863,0.01,0.008549931600547196,2,1,22196083,22.196083,,CRC_DETECTED
CRC32,13-17,5,51,2901,23208,23360,23392,32,0.136986301369863,0.01,0.008549931600547196,2,1,22585000,22.585,,CRC_DETECTED
CRC32,13-17,5,52,2901,23208,23360,23392,32,0.136986301369863,0.01,0.008549931600547196,2,4,22239417,22.239417,,CRC_DETECTED
CRC32,13-17,5,53,2901,23208,23360,23392,32,0.136986301369863,0.01,0.008549931600547196,2,2,22313291,22.313291,,CRC_DETECTED
CRC32,13-17,5,54,2901,23208,23360,23392,32,0.136986301369863,0.01,0.008549931600547196,2,3,22036709,22.036709,,CRC_DETECTED
CRC32,13-17,5,55,2901,23208,23360,23392,32,0.136986301369863,0.01,0.008549931600547196,2,0,23397042,23.397042,True,CLEAN
CRC32,13-17,5,56,2901,23208,23360,23392,32,0.136986301369863,0.01,0.008549931600547196,2,3,22317791,22.317791,,CRC_DETECTED
CRC32,13-17,5,57,2901,23208,23360,23392,32,0.136986301369863,0.01,0.008549931600547196,2,4,22628375,22.628375,,CRC_DETECTED
CRC32,13-17,5,58,2901,23208,23360,23392,32,0.136986301369863,0.01,0.008549931600547196,2,1,22623833,22.623833,,CRC_DETECTED
CRC32,13-17,5,59,2901,23208,23360,23392,32,0.136986301369863,0.01,0.008549931600547196,2,0,23607000,23.607,True,CLEAN
CRC32,13-17,5,60,2901,23208,23360,23392,32,0.136986301369863,0.01,0.008549931600547196,2,5,22457250,22.45725,,CRC_DETECTED
CRC32,13-17,5,61,2901,23208,23360,23392,32,0.136986301369863,0.01,0.008549931600547196,2,3,22333375,22.333375,,CRC_DETECTED
CRC32,13-17,5,62,2901,23208,23360,23392,32,0.136986301369863,0.01,0.008549931600547196,2,4,22251750,22.25175,,CRC_DETECTED
CRC32,13-17,5,63,2901,23208,23360,23392,32,0.136986301369863,0.01,0.008549931600547196,2,1,22253000,22.253,,CRC_DETECTED
CRC32,13-17,5,64,2901,23208,23360,23392,32,0.136986301369863,0.01,0.008549931600547196,2,2,22735792,22.735792,,CRC_DETECTED
CRC32,13-17,5,65,2901,23208,23360,23392,32,0.136986301369863,0.01,0.008549931600547196,2,1,22375584,22.375584,,CRC_DETECTED
CRC32,13-17,5,66,2901,23208,23360,23392,32,0.136986301369863,0.01,0.008549931600547196,2,2,22277708,22.277708,,CRC_DETECTED
CRC32,13-17,5,67,2901,23208,23360,23392,32,0.136986301369863,0.01,0.008549931600547196,2,1,22273958,22.273958,,CRC_DETECTED
CRC32,13-17,5,68,2901,23208,23360,23392,32,0.136986301369863,0.01,0.008549931600547196,2,2,22804667,22.804667,,CRC_DETECTED
CRC32,13-17,5,69,2901,23208,23360,23392,32,0.136986301369863,0.01,0.008549931600547196,2,3,22475584,22.475584,,CRC_DETECTED
CRC32,13-17,5,70,2901,23208,23360,23392,32,0.136986301369863,0.01,0.008549931600547196,2,2,22359375,22.359375,,CRC_DETECTED
CRC32,13-17,5,71,2901,23208,23360,23392,32,0.136986301369863,0.01,0.008549931600547196,2,3,22431584,22.431584,,CRC_DETECTED
CRC32,13-17,5,72,2901,23208,23360,23392,32,0.136986301369863,0.01,0.008549931600547196,2,5,22328458,22.328458,,CRC_DETECTED
CRC32,13-17,5,73,2901,23208,23360,23392,32,0.136986301369863,0.01,0.008549931600547196,2,2,22437375,22.437375,,CRC_DETECTED
CRC32,13-17,5,74,2901,23208,23360,23392,32,0.136986301369863,0.01,0.008549931600547196,2,3,22216917,22.216917,,CRC_DETECTED
CRC32,13-17,5,75,2901,23208,23360,23392,32,0.136986301369863,0.01,0.008549931600547196,2,0,23552000,23.552,True,CLEAN
CRC32,13-17,5,76,2901,23208,23360,23392,32,0.136986301369863,0.01,0.008549931600547196,2,2,22358166,22.358166,,CRC_DETECTED
CRC32,13-17,5,77,2901,23208,23360,23392,32,0.136986301369863,0.01,0.008549931600547196,2,3,22225208,22.225208,,CRC_DETECTED
CRC32,13-17,5,78,2901,23208,23360,23392,32,0.136986301369863,0.01,0.008549931600547196,2,1,22301541,22.301541,,CRC_DETECTED
CRC32,13-17,5,79,2901,23208,23360,23392,32,0.136986301369863,0.01,0.008549931600547196,2,3,22138667,22.138667,,CRC_DETECTED
CRC32,13-17,5,80,2901,23208,23360,23392,32,0.136986301369863,0.01,0.008549931600547196,2,2,22224417,22.224417,,CRC_DETECTED
CRC32,13-17,5,81,2901,23208,23360,23392,32,0.136986301369863,0.01,0.008549931600547196,2,5,22515167,22.515167,,CRC_DETECTED
CRC32,13-17,5,82,2901,23208,23360,23392,32,0.136986301369863,0.01,0.008549931600547196,2,1,22310000,22.31,,CRC_DETECTED
CRC32,13-17,5,83,2901,23208,23360,23392,32,0.136986301369863,0.01,0.008549931600547196,2,2,22526708,22.526708,,CRC_DETECTED
CRC32,13-17,5,84,2901,23208,23360,23392,32,0.136986301369863,0.01,0.008549931600547196,2,3,22200333,22.200333,,CRC_DETECTED
CRC32,13-17,5,85,2901,23208,23360,23392,32,0.136986301369863,0.01,0.008549931600547196,2,3,22126167,22.126167,,CRC_DETECTED
CRC32,13-17,5,86,2901,23208,23360,23392,32,0.136986301369863,0.01,0.008549931600547196,2,1,22186375,22.186375,,CRC_DETECTED
CRC32,13-17,5,87,2901,23208,23360,23392,32,0.136986301369863,0.01,0.008549931600547196,2,0,23335083,23.335083,True,CLEAN
CRC32,13-17,5,88,2901,23208,23360,23392,32,0.136986301369863,0.01,0.008549931600547196,2,1,22078583,22.078583,,CRC_DETECTED
CRC32,13-17,5,89,2901,23208,23360,23392,32,0.136986301369863,0.01,0.008549931600547196,2,4,22132375,22.132375,,CRC_DETECTED
CRC32,13-17,5,90,2901,23208,23360,23392,32,0.136986301369863,0.01,0.008549931600547196,2,7,22241709,22.241709,,CRC_DETECTED
CRC32,13-17,5,91,2901,23208,23360,23392,32,0.136986301369863,0.01,0.008549931600547196,2,0,23255833,23.255833,True,CLEAN
CRC32,13-17,5,92,2901,23208,23360,23392,32,0.136986301369863,0.01,0.008549931600547196,2,2,22060042,22.060042,,CRC_DETECTED
CRC32,13-17,5,93,2901,23208,23360,23392,32,0.136986301369863,0.01,0.008549931600547196,2,1,22163458,22.163458,,CRC_DETECTED
CRC32,13-17,5,94,2901,23208,23360,23392,32,0.136986301369863,0.01,0.008549931600547196,2,2,22080417,22.080417,,CRC_DETECTED
CRC32,13-17,5,95,2901,23208,23360,23392,32,0.136986301369863,0.01,0.008549931600547196,2,1,22459541,22.459541,,CRC_DETECTED
CRC32,13-17,5,96,2901,23208,23360,23392,32,0.136986301369863,0.01,0.008549931600547196,2,2,22086250,22.08625,,CRC_DETECTED
CRC32,13-17,5,97,2901,23208,23360,23392,32,0.136986301369863,0.01,0.008549931600547196,2,3,22149833,22.149833,,CRC_DETECTED
CRC32,13-17,5,98,2901,23208,23360,23392,32,0.136986301369863,0.01,0.008549931600547196,2,1,22099083,22.099083,,CRC_DETECTED
CRC32,13-17,5,99,2901,23208,23360,23392,32,0.136986301369863,0.01,0.008549931600547196,2,1,22043667,22.043667,,CRC_DETECTED
CRC32,13-17,5,100,2901,23208,23360,23392,32,0.136986301369863,0.01,0.008549931600547196,2,2,22423959,22.423959,,CRC_DETECTED
CRC32,13-17,5,1,2901,23208,23360,23392,32,0.136986301369863,0.1,0.09832421340629274,23,26,22583958,22.583958,,CRC_DETECTED
CRC32,13-17,5,2,2901,23208,23360,23392,32,0.136986301369863,0.1,0.09832421340629274,23,19,22291125,22.291125,,CRC_DETECTED
CRC32,13-17,5,3,2901,23208,23360,23392,32,0.136986301369863,0.1,0.09832421340629274,23,21,22082958,22.082958,,CRC_DETECTED
CRC32,13-17,5,4,2901,23208,23360,23392,32,0.136986301369863,0.1,0.09832421340629274,23,21,22185583,22.185583,,CRC_DETECTED
CRC32,13-17,5,5,2901,23208,23360,23392,32,0.136986301369863,0.1,0.09832421340629274,23,23,22244250,22.24425,,CRC_DETECTED
CRC32,13-17,5,6,2901,23208,23360,23392,32,0.136986301369863,0.1,0.09832421340629274,23,21,22486625,22.486625,,CRC_DETECTED
CRC32,13-17,5,7,2901,23208,23360,23392,32,0.136986301369863,0.1,0.09832421340629274,23,27,22163750,22.16375,,CRC_DETECTED
CRC32,13-17,5,8,2901,23208,23360,23392,32,0.136986301369863,0.1,0.09832421340629274,23,16,22375167,22.375167,,CRC_DETECTED
CRC32,13-17,5,9,2901,23208,23360,23392,32,0.136986301369863,0.1,0.09832421340629274,23,17,22154625,22.154625,,CRC_DETECTED
CRC32,13-17,5,10,2901,23208,23360,23392,32,0.136986301369863,0.1,0.09832421340629274,23,28,22087500,22.0875,,CRC_DETECTED
CRC32,13-17,5,11,2901,23208,23360,23392,32,0.136986301369863,0.1,0.09832421340629274,23,22,22324083,22.324083,,CRC_DETECTED
CRC32,13-17,5,12,2901,23208,23360,23392,32,0.136986301369863,0.1,0.09832421340629274,23,28,22164500,22.1645,,CRC_DETECTED
CRC32,13-17,5,13,2901,23208,23360,23392,32,0.136986301369863,0.1,0.09832421340629274,23,27,22146959,22.146959,,CRC_DETECTED
CRC32,13-17,5,14,2901,23208,23360,23392,32,0.136986301369863,0.1,0.09832421340629274,23,27,22129959,22.129959,,CRC_DETECTED
CRC32,13-17,5,15,2901,23208,23360,23392,32,0.136986301369863,0.1,0.09832421340629274,23,17,22293875,22.293875,,CRC_DETECTED
CRC32,13-17,5,16,2901,23208,23360,23392,32,0.136986301369863,0.1,0.09832421340629274,23,19,22118666,22.118666,,CRC_DETECTED
CRC32,13-17,5,17,2901,23208,23360,23392,32,0.136986301369863,0.1,0.09832421340629274,23,28,22217209,22.217209,,CRC_DETECTED
CRC32,13-17,5,18,2901,23208,23360,23392,32,0.136986301369863,0.1,0.09832421340629274,23,22,22392167,22.392167,,CRC_DETECTED
CRC32,13-17,5,19,2901,23208,23360,23392,32,0.136986301369863,0.1,0.09832421340629274,23,21,22489042,22.489042,,CRC_DETECTED
CRC32,13-17,5,20,2901,23208,23360,23392,32,0.136986301369863,0.1,0.09832421340629274,23,22,22280834,22.280834,,CRC_DETECTED
CRC32,13-17,5,21,2901,23208,23360,23392,32,0.136986301369863,0.1,0.09832421340629274,23,20,22273000,22.273,,CRC_DETECTED
CRC32,13-17,5,22,2901,23208,23360,23392,32,0.136986301369863,0.1,0.09832421340629274,23,17,22314667,22.314667,,CRC_DETECTED
CRC32,13-17,5,23,2901,23208,23360,23392,32,0.136986301369863,0.1,0.09832421340629274,23,27,22166750,22.16675,,CRC_DETECTED
CRC32,13-17,5,24,2901,23208,23360,23392,32,0.136986301369863,0.1,0.09832421340629274,23,14,22366792,22.366792,,CRC_DETECTED
CRC32,13-17,5,25,2901,23208,23360,23392,32,0.136986301369863,0.1,0.09832421340629274,23,23,22631000,22.631,,CRC_DETECTED
CRC32,13-17,5,26,2901,23208,23360,23392,32,0.136986301369863,0.1,0.09832421340629274,23,25,22953333,22.953333,,CRC_DETECTED
CRC32,13-17,5,27,2901,23208,23360,23392,32,0.136986301369863,0.1,0.09832421340629274,23,25,22943084,22.943084,,CRC_DETECTED
CRC32,13-17,5,28,2901,23208,23360,23392,32,0.136986301369863,0.1,0.09832421340629274,23,22,23059875,23.059875,,CRC_DETECTED
CRC32,13-17,5,29,2901,23208,23360,23392,32,0.136986301369863,0.1,0.09832421340629274,23,24,22847541,22.847541,,CRC_DETECTED
CRC32,13-17,5,30,2901,23208,23360,23392,32,0.136986301369863,0.1,0.09832421340629274,23,24,22740750,22.74075,,CRC_DETECTED
CRC32,13-17,5,31,2901,23208,23360,23392,32,0.136986301369863,0.1,0.09832421340629274,23,18,22868000,22.868,,CRC_DETECTED
CRC32,13-17,5,32,2901,23208,23360,23392,32,0.136986301369863,0.1,0.09832421340629274,23,24,22721208,22.721208,,CRC_DETECTED
CRC32,13-17,5,33,2901,23208,23360,23392,32,0.136986301369863,0.1,0.09832421340629274,23,28,22883458,22.883458,,CRC_DETECTED
CRC32,13-17,5,34,2901,23208,23360,23392,32,0.136986301369863,0.1,0.09832421340629274,23,30,23158208,23.158208,,CRC_DETECTED
CRC32,13-17,5,35,2901,23208,23360,23392,32,0.136986301369863,0.1,0.09832421340629274,23,28,23606292,23.606292,,CRC_DETECTED
CRC32,13-17,5,36,2901,23208,23360,23392,32,0.136986301369863,0.1,0.09832421340629274,23,28,23682292,23.682292,,CRC_DETECTED
CRC32,13-17,5,37,2901,23208,23360,23392,32,0.136986301369863,0.1,0.09832421340629274,23,40,23640834,23.640834,,CRC_DETECTED
CRC32,13-17,5,38,2901,23208,23360,23392,32,0.136986301369863,0.1,0.09832421340629274,23,20,23892958,23.892958,,CRC_DETECTED
CRC32,13-17,5,39,2901,23208,23360,23392,32,0.136986301369863,0.1,0.09832421340629274,23,22,23534042,23.534042,,CRC_DETECTED
CRC32,13-17,5,40,2901,23208,23360,23392,32,0.136986301369863,0.1,0.09832421340629274,23,21,22828625,22.828625,,CRC_DETECTED
CRC32,13-17,5,41,2901,23208,23360,23392,32,0.136986301369863,0.1,0.09832421340629274,23,25,22979375,22.979375,,CRC_DETECTED
CRC32,13-17,5,42,2901,23208,23360,23392,32,0.136986301369863,0.1,0.09832421340629274,23,21,23715250,23.71525,,CRC_DETECTED
CRC32,13-17,5,43,2901,23208,23360,23392,32,0.136986301369863,0.1,0.09832421340629274,23,18,24028375,24.028375,,CRC_DETECTED
CRC32,13-17,5,44,2901,23208,23360,23392,32,0.136986301369863,0.1,0.09832421340629274,23,29,39803625,39.803625,,CRC_DETECTED
CRC32,13-17,5,45,2901,23208,23360,23392,32,0.136986301369863,0.1,0.09832421340629274,23,34,23177667,23.177667,,CRC_DETECTED
CRC32,13-17,5,46,2901,23208,23360,23392,32,0.136986301369863,0.1,0.09832421340629274,23,27,22657417,22.657417,,CRC_DETECTED
CRC32,13-17,5,47,2901,23208,23360,23392,32,0.136986301369863,0.1,0.09832421340629274,23,14,23069125,23.069125,,CRC_DETECTED
CRC32,13-17,5,48,2901,23208,23360,23392,32,0.136986301369863,0.1,0.09832421340629274,23,29,23061209,23.061209,,CRC_DETECTED
CRC32,13-17,5,49,2901,23208,23360,23392,32,0.136986301369863,0.1,0.09832421340629274,23,29,22805292,22.805292,,CRC_DETECTED
CRC32,13-17,5,50,2901,23208,23360,23392,32,0.136986301369863,0.1,0.09832421340629274,23,22,23057750,23.05775,,CRC_DETECTED
CRC32,13-17,5,51,2901,23208,23360,23392,32,0.136986301369863,0.1,0.09832421340629274,23,21,23084625,23.084625,,CRC_DETECTED
CRC32,13-17,5,52,2901,23208,23360,23392,32,0.136986301369863,0.1,0.09832421340629274,23,22,23096250,23.09625,,CRC_DETECTED
CRC32,13-17,5,53,2901,23208,23360,23392,32,0.136986301369863,0.1,0.09832421340629274,23,21,23054542,23.054542,,CRC_DETECTED
CRC32,13-17,5,54,2901,23208,23360,23392,32,0.136986301369863,0.1,0.09832421340629274,23,28,22999459,22.999459,,CRC_DETECTED
CRC32,13-17,5,55,2901,23208,23360,23392,32,0.136986301369863,0.1,0.09832421340629274,23,24,23239541,23.239541,,CRC_DETECTED
CRC32,13-17,5,56,2901,23208,23360,23392,32,0.136986301369863,0.1,0.09832421340629274,23,31,22956292,22.956292,,CRC_DETECTED
CRC32,13-17,5,57,2901,23208,23360,23392,32,0.136986301369863,0.1,0.09832421340629274,23,17,38983042,38.983042,,CRC_DETECTED
CRC32,13-17,5,58,2901,23208,23360,23392,32,0.136986301369863,0.1,0.09832421340629274,23,21,24448583,24.448583,,CRC_DETECTED
CRC32,13-17,5,59,2901,23208,23360,23392,32,0.136986301369863,0.1,0.09832421340629274,23,23,22893834,22.893834,,CRC_DETECTED
CRC32,13-17,5,60,2901,23208,23360,23392,32,0.136986301369863,0.1,0.09832421340629274,23,27,23153292,23.153292,,CRC_DETECTED
CRC32,13-17,5,61,2901,23208,23360,23392,32,0.136986301369863,0.1,0.09832421340629274,23,20,24432833,24.432833,,CRC_DETECTED
CRC32,13-17,5,62,2901,23208,23360,23392,32,0.136986301369863,0.1,0.09832421340629274,23,28,22791041,22.791041,,CRC_DETECTED
CRC32,13-17,5,63,2901,23208,23360,23392,32,0.136986301369863,0.1,0.09832421340629274,23,19,22685250,22.68525,,CRC_DETECTED
CRC32,13-17,5,64,2901,23208,23360,23392,32,0.136986301369863,0.1,0.09832421340629274,23,24,22341542,22.341542,,CRC_DETECTED
CRC32,13-17,5,65,2901,23208,23360,23392,32,0.136986301369863,0.1,0.09832421340629274,23,23,22181209,22.181209,,CRC_DETECTED
CRC32,13-17,5,66,2901,23208,23360,23392,32,0.136986301369863,0.1,0.09832421340629274,23,19,22067125,22.067125,,CRC_DETECTED
CRC32,13-17,5,67,2901,23208,23360,23392,32,0.136986301369863,0.1,0.09832421340629274,23,38,22054708,22.054708,,CRC_DETECTED
CRC32,13-17,5,68,2901,23208,23360,23392,32,0.136986301369863,0.1,0.09832421340629274,23,23,22326959,22.326959,,CRC_DETECTED
CRC32,13-17,5,69,2901,23208,23360,23392,32,0.136986301369863,0.1,0.09832421340629274,23,30,21989458,21.989458,,CRC_DETECTED
CRC32,13-17,5,70,2901,23208,23360,23392,32,0.136986301369863,0.1,0.09832421340629274,23,23,22136541,22.136541,,CRC_DETECTED
CRC32,13-17,5,71,2901,23208,23360,23392,32,0.136986301369863,0.1,0.09832421340629274,23,24,22084833,22.084833,,CRC_DETECTED
CRC32,13-17,5,72,2901,23208,23360,23392,32,0.136986301369863,0.1,0.09832421340629274,23,25,22129792,22.129792,,CRC_DETECTED
CRC32,13-17,5,73,2901,23208,23360,23392,32,0.136986301369863,0.1,0.09832421340629274,23,19,21998708,21.998708,,CRC_DETECTED
CRC32,13-17,5,74,2901,23208,23360,23392,32,0.136986301369863,0.1,0.09832421340629274,23,21,22105500,22.1055,,CRC_DETECTED
CRC32,13-17,5,75,2901,23208,23360,23392,32,0.136986301369863,0.1,0.09832421340629274,23,20,22308292,22.308292,,CRC_DETECTED
CRC32,13-17,5,76,2901,23208,23360,23392,32,0.136986301369863,0.1,0.09832421340629274,23,22,22345625,22.345625,,CRC_DETECTED
CRC32,13-17,5,77,2901,23208,23360,23392,32,0.136986301369863,0.1,0.09832421340629274,23,16,22303708,22.303708,,CRC_DETECTED
CRC32,13-17,5,78,2901,23208,23360,23392,32,0.136986301369863,0.1,0.09832421340629274,23,18,22424583,22.424583,,CRC_DETECTED
CRC32,13-17,5,79,2901,23208,23360,23392,32,0.136986301369863,0.1,0.09832421340629274,23,24,22239125,22.239125,,CRC_DETECTED
CRC32,13-17,5,80,2901,23208,23360,23392,32,0.136986301369863,0.1,0.09832421340629274,23,26,22349958,22.349958,,CRC_DETECTED
CRC32,13-17,5,81,2901,23208,23360,23392,32,0.136986301369863,0.1,0.09832421340629274,23,19,22282958,22.282958,,CRC_DETECTED
CRC32,13-17,5,82,2901,23208,23360,23392,32,0.136986301369863,0.1,0.09832421340629274,23,28,22679375,22.679375,,CRC_DETECTED
CRC32,13-17,5,83,2901,23208,23360,23392,32,0.136986301369863,0.1,0.09832421340629274,23,26,22518250,22.51825,,CRC_DETECTED
CRC32,13-17,5,84,2901,23208,23360,23392,32,0.136986301369863,0.1,0.09832421340629274,23,34,22820833,22.820833,,CRC_DETECTED
CRC32,13-17,5,85,2901,23208,23360,23392,32,0.136986301369863,0.1,0.09832421340629274,23,24,22538458,22.538458,,CRC_DETECTED
CRC32,13-17,5,86,2901,23208,23360,23392,32,0.136986301369863,0.1,0.09832421340629274,23,23,22643250,22.64325,,CRC_DETECTED
CRC32,13-17,5,87,2901,23208,23360,23392,32,0.136986301369863,0.1,0.09832421340629274,23,22,22694417,22.694417,,CRC_DETECTED
CRC32,13-17,5,88,2901,23208,23360,23392,32,0.136986301369863,0.1,0.09832421340629274,23,16,22245042,22.245042,,CRC_DETECTED
CRC32,13-17,5,89,2901,23208,23360,23392,32,0.136986301369863,0.1,0.09832421340629274,23,21,22189250,22.18925,,CRC_DETECTED
CRC32,13-17,5,90,2901,23208,23360,23392,32,0.136986301369863,0.1,0.09832421340629274,23,22,22235708,22.235708,,CRC_DETECTED
CRC32,13-17,5,91,2901,23208,23360,23392,32,0.136986301369863,0.1,0.09832421340629274,23,22,22497792,22.497792,,CRC_DETECTED
CRC32,13-17,5,92,2901,23208,23360,23392,32,0.136986301369863,0.1,0.09832421340629274,23,26,22220541,22.220541,,CRC_DETECTED
CRC32,13-17,5,93,2901,23208,23360,23392,32,0.136986301369863,0.1,0.09832421340629274,23,25,22296709,22.296709,,CRC_DETECTED
CRC32,13-17,5,94,2901,23208,23360,23392,32,0.136986301369863,0.1,0.09832421340629274,23,33,22510542,22.510542,,CRC_DETECTED
CRC32,13-17,5,95,2901,23208,23360,23392,32,0.136986301369863,0.1,0.09832421340629274,23,28,22361875,22.361875,,CRC_DETECTED
CRC32,13-17,5,96,2901,23208,23360,23392,32,0.136986301369863,0.1,0.09832421340629274,23,32,22456916,22.456916,,CRC_DETECTED
CRC32,13-17,5,97,2901,23208,23360,23392,32,0.136986301369863,0.1,0.09832421340629274,23,24,22468792,22.468792,,CRC_DETECTED
CRC32,13-17,5,98,2901,23208,23360,23392,32,0.136986301369863,0.1,0.09832421340629274,23,20,22440334,22.440334,,CRC_DETECTED
CRC32,13-17,5,99,2901,23208,23360,23392,32,0.136986301369863,0.1,0.09832421340629274,23,28,22162208,22.162208,,CRC_DETECTED
CRC32,13-17,5,100,2901,23208,23360,23392,32,0.136986301369863,0.1,0.09832421340629274,23,29,22310208,22.310208,,CRC_DETECTED
CRC32,13-17,5,1,2901,23208,23360,23392,32,0.136986301369863,1.0,1.000341997264022,234,208,22540542,22.540542,,CRC_DETECTED
CRC32,13-17,5,2,2901,23208,23360,23392,32,0.136986301369863,1.0,1.000341997264022,234,245,22791833,22.791833,,CRC_DETECTED
CRC32,13-17,5,3,2901,23208,23360,23392,32,0.136986301369863,1.0,1.000341997264022,234,245,22267667,22.267667,,CRC_DETECTED
CRC32,13-17,5,4,2901,23208,23360,23392,32,0.136986301369863,1.0,1.000341997264022,234,253,22804916,22.804916,,CRC_DETECTED
CRC32,13-17,5,5,2901,23208,23360,23392,32,0.136986301369863,1.0,1.000341997264022,234,224,22611625,22.611625,,CRC_DETECTED
CRC32,13-17,5,6,2901,23208,23360,23392,32,0.136986301369863,1.0,1.000341997264022,234,258,22821708,22.821708,,CRC_DETECTED
CRC32,13-17,5,7,2901,23208,23360,23392,32,0.136986301369863,1.0,1.000341997264022,234,245,22546583,22.546583,,CRC_DETECTED
CRC32,13-17,5,8,2901,23208,23360,23392,32,0.136986301369863,1.0,1.000341997264022,234,250,22335958,22.335958,,CRC_DETECTED
CRC32,13-17,5,9,2901,23208,23360,23392,32,0.136986301369863,1.0,1.000341997264022,234,235,22567042,22.567042,,CRC_DETECTED
CRC32,13-17,5,10,2901,23208,23360,23392,32,0.136986301369863,1.0,1.000341997264022,234,252,22544333,22.544333,,CRC_DETECTED
CRC32,13-17,5,11,2901,23208,23360,23392,32,0.136986301369863,1.0,1.000341997264022,234,271,22415500,22.4155,,CRC_DETECTED
CRC32,13-17,5,12,2901,23208,23360,23392,32,0.136986301369863,1.0,1.000341997264022,234,261,23929791,23.929791,,CRC_DETECTED
CRC32,13-17,5,13,2901,23208,23360,23392,32,0.136986301369863,1.0,1.000341997264022,234,224,22651000,22.651,,CRC_DETECTED
CRC32,13-17,5,14,2901,23208,23360,23392,32,0.136986301369863,1.0,1.000341997264022,234,223,22965458,22.965458,,CRC_DETECTED
CRC32,13-17,5,15,2901,23208,23360,23392,32,0.136986301369863,1.0,1.000341997264022,234,201,23967709,23.967709,,CRC_DETECTED
CRC32,13-17,5,16,2901,23208,23360,23392,32,0.136986301369863,1.0,1.000341997264022,234,281,25102750,25.10275,,CRC_DETECTED
CRC32,13-17,5,17,2901,23208,23360,23392,32,0.136986301369863,1.0,1.000341997264022,234,268,25249666,25.249666,,CRC_DETECTED
CRC32,13-17,5,18,2901,23208,23360,23392,32,0.136986301369863,1.0,1.000341997264022,234,241,23666667,23.666667,,CRC_DETECTED
CRC32,13-17,5,19,2901,23208,23360,23392,32,0.136986301369863,1.0,1.000341997264022,234,204,23924500,23.9245,,CRC_DETECTED
CRC32,13-17,5,20,2901,23208,23360,23392,32,0.136986301369863,1.0,1.000341997264022,234,227,23084708,23.084708,,CRC_DETECTED
CRC32,13-17,5,21,2901,23208,23360,23392,32,0.136986301369863,1.0,1.000341997264022,234,229,23483708,23.483708,,CRC_DETECTED
CRC32,13-17,5,22,2901,23208,23360,23392,32,0.136986301369863,1.0,1.000341997264022,234,225,23559333,23.559333,,CRC_DETECTED
CRC32,13-17,5,23,2901,23208,23360,23392,32,0.136986301369863,1.0,1.000341997264022,234,205,23270458,23.270458,,CRC_DETECTED
CRC32,13-17,5,24,2901,23208,23360,23392,32,0.136986301369863,1.0,1.000341997264022,234,223,42818083,42.818083,,CRC_DETECTED
CRC32,13-17,5,25,2901,23208,23360,23392,32,0.136986301369863,1.0,1.000341997264022,234,261,23627292,23.627292,,CRC_DETECTED
CRC32,13-17,5,26,2901,23208,23360,23392,32,0.136986301369863,1.0,1.000341997264022,234,214,23310333,23.310333,,CRC_DETECTED
CRC32,13-17,5,27,2901,23208,23360,23392,32,0.136986301369863,1.0,1.000341997264022,234,246,22811292,22.811292,,CRC_DETECTED
CRC32,13-17,5,28,2901,23208,23360,23392,32,0.136986301369863,1.0,1.000341997264022,234,230,23326250,23.32625,,CRC_DETECTED
CRC32,13-17,5,29,2901,23208,23360,23392,32,0.136986301369863,1.0,1.000341997264022,234,256,23465333,23.465333,,CRC_DETECTED
CRC32,13-17,5,30,2901,23208,23360,23392,32,0.136986301369863,1.0,1.000341997264022,234,257,22638292,22.638292,,CRC_DETECTED
CRC32,13-17,5,31,2901,23208,23360,23392,32,0.136986301369863,1.0,1.000341997264022,234,230,22335833,22.335833,,CRC_DETECTED
CRC32,13-17,5,32,2901,23208,23360,23392,32,0.136986301369863,1.0,1.000341997264022,234,223,22902542,22.902542,,CRC_DETECTED
CRC32,13-17,5,33,2901,23208,23360,23392,32,0.136986301369863,1.0,1.000341997264022,234,252,22823291,22.823291,,CRC_DETECTED
CRC32,13-17,5,34,2901,23208,23360,23392,32,0.136986301369863,1.0,1.000341997264022,234,224,22769542,22.769542,,CRC_DETECTED
CRC32,13-17,5,35,2901,23208,23360,23392,32,0.136986301369863,1.0,1.000341997264022,234,216,22907042,22.907042,,CRC_DETECTED
CRC32,13-17,5,36,2901,23208,23360,23392,32,0.136986301369863,1.0,1.000341997264022,234,221,23292250,23.29225,,CRC_DETECTED
CRC32,13-17,5,37,2901,23208,23360,23392,32,0.136986301369863,1.0,1.000341997264022,234,239,23289250,23.28925,,CRC_DETECTED
CRC32,13-17,5,38,2901,23208,23360,23392,32,0.136986301369863,1.0,1.000341997264022,234,253,39017542,39.017542,,CRC_DETECTED
CRC32,13-17,5,39,2901,23208,23360,23392,32,0.136986301369863,1.0,1.000341997264022,234,258,26519625,26.519625,,CRC_DETECTED
CRC32,13-17,5,40,2901,23208,23360,23392,32,0.136986301369863,1.0,1.000341997264022,234,242,22793458,22.793458,,CRC_DETECTED
CRC32,13-17,5,41,2901,23208,23360,23392,32,0.136986301369863,1.0,1.000341997264022,234,239,22945834,22.945834,,CRC_DETECTED
CRC32,13-17,5,42,2901,23208,23360,23392,32,0.136986301369863,1.0,1.000341997264022,234,232,22853125,22.853125,,CRC_DETECTED
CRC32,13-17,5,43,2901,23208,23360,23392,32,0.136986301369863,1.0,1.000341997264022,234,214,22840417,22.840417,,CRC_DETECTED
CRC32,13-17,5,44,2901,23208,23360,23392,32,0.136986301369863,1.0,1.000341997264022,234,227,22815375,22.815375,,CRC_DETECTED
CRC32,13-17,5,45,2901,23208,23360,23392,32,0.136986301369863,1.0,1.000341997264022,234,208,22536792,22.536792,,CRC_DETECTED
CRC32,13-17,5,46,2901,23208,23360,23392,32,0.136986301369863,1.0,1.000341997264022,234,243,22381125,22.381125,,CRC_DETECTED
CRC32,13-17,5,47,2901,23208,23360,23392,32,0.136986301369863,1.0,1.000341997264022,234,246,22512916,22.512916,,CRC_DETECTED
CRC32,13-17,5,48,2901,23208,23360,23392,32,0.136986301369863,1.0,1.000341997264022,234,221,22381417,22.381417,,CRC_DETECTED
CRC32,13-17,5,49,2901,23208,23360,23392,32,0.136986301369863,1.0,1.000341997264022,234,243,22412792,22.412792,,CRC_DETECTED
CRC32,13-17,5,50,2901,23208,23360,23392,32,0.136986301369863,1.0,1.000341997264022,234,234,22378667,22.378667,,CRC_DETECTED
CRC32,13-17,5,51,2901,23208,23360,23392,32,0.136986301369863,1.0,1.000341997264022,234,232,22374084,22.374084,,CRC_DETECTED
CRC32,13-17,5,52,2901,23208,23360,23392,32,0.136986301369863,1.0,1.000341997264022,234,226,22561542,22.561542,,CRC_DETECTED
CRC32,13-17,5,53,2901,23208,23360,23392,32,0.136986301369863,1.0,1.000341997264022,234,244,22555542,22.555542,,CRC_DETECTED
CRC32,13-17,5,54,2901,23208,23360,23392,32,0.136986301369863,1.0,1.000341997264022,234,240,23195417,23.195417,,CRC_DETECTED
CRC32,13-17,5,55,2901,23208,23360,23392,32,0.136986301369863,1.0,1.000341997264022,234,235,22483958,22.483958,,CRC_DETECTED
CRC32,13-17,5,56,2901,23208,23360,23392,32,0.136986301369863,1.0,1.000341997264022,234,206,23139833,23.139833,,CRC_DETECTED
CRC32,13-17,5,57,2901,23208,23360,23392,32,0.136986301369863,1.0,1.000341997264022,234,237,41383250,41.38325,,CRC_DETECTED
CRC32,13-17,5,58,2901,23208,23360,23392,32,0.136986301369863,1.0,1.000341997264022,234,225,24132375,24.132375,,CRC_DETECTED
CRC32,13-17,5,59,2901,23208,23360,23392,32,0.136986301369863,1.0,1.000341997264022,234,250,23707083,23.707083,,CRC_DETECTED
CRC32,13-17,5,60,2901,23208,23360,23392,32,0.136986301369863,1.0,1.000341997264022,234,251,23053458,23.053458,,CRC_DETECTED
CRC32,13-17,5,61,2901,23208,23360,23392,32,0.136986301369863,1.0,1.000341997264022,234,219,23381334,23.381334,,CRC_DETECTED
CRC32,13-17,5,62,2901,23208,23360,23392,32,0.136986301369863,1.0,1.000341997264022,234,223,23532084,23.532084,,CRC_DETECTED
CRC32,13-17,5,63,2901,23208,23360,23392,32,0.136986301369863,1.0,1.000341997264022,234,211,23995125,23.995125,,CRC_DETECTED
CRC32,13-17,5,64,2901,23208,23360,23392,32,0.136986301369863,1.0,1.000341997264022,234,255,22965750,22.96575,,CRC_DETECTED
CRC32,13-17,5,65,2901,23208,23360,23392,32,0.136986301369863,1.0,1.000341997264022,234,239,23277750,23.27775,,CRC_DETECTED
CRC32,13-17,5,66,2901,23208,23360,23392,32,0.136986301369863,1.0,1.000341997264022,234,239,22674250,22.67425,,CRC_DETECTED
CRC32,13-17,5,67,2901,23208,23360,23392,32,0.136986301369863,1.0,1.000341997264022,234,225,23632000,23.632,,CRC_DETECTED
CRC32,13-17,5,68,2901,23208,23360,23392,32,0.136986301369863,1.0,1.000341997264022,234,205,23884250,23.88425,,CRC_DETECTED
CRC32,13-17,5,69,2901,23208,23360,23392,32,0.136986301369863,1.0,1.000341997264022,234,222,23961000,23.961,,CRC_DETECTED
CRC32,13-17,5,70,2901,23208,23360,23392,32,0.136986301369863,1.0,1.000341997264022,234,201,23634125,23.634125,,CRC_DETECTED
CRC32,13-17,5,71,2901,23208,23360,23392,32,0.136986301369863,1.0,1.000341997264022,234,245,23243958,23.243958,,CRC_DETECTED
CRC32,13-17,5,72,2901,23208,23360,23392,32,0.136986301369863,1.0,1.000341997264022,234,219,23204375,23.204375,,CRC_DETECTED
CRC32,13-17,5,73,2901,23208,23360,23392,32,0.136986301369863,1.0,1.000341997264022,234,251,23220000,23.22,,CRC_DETECTED
CRC32,13-17,5,74,2901,23208,23360,23392,32,0.136986301369863,1.0,1.000341997264022,234,242,24018584,24.018584,,CRC_DETECTED
CRC32,13-17,5,75,2901,23208,23360,23392,32,0.136986301369863,1.0,1.000341997264022,234,237,23246417,23.246417,,CRC_DETECTED
CRC32,13-17,5,76,2901,23208,23360,23392,32,0.136986301369863,1.0,1.000341997264022,234,242,23282042,23.282042,,CRC_DETECTED
CRC32,13-17,5,77,2901,23208,23360,23392,32,0.136986301369863,1.0,1.000341997264022,234,247,23134208,23.134208,,CRC_DETECTED
CRC32,13-17,5,78,2901,23208,23360,23392,32,0.136986301369863,1.0,1.000341997264022,234,255,23488292,23.488292,,CRC_DETECTED
CRC32,13-17,5,79,2901,23208,23360,23392,32,0.136986301369863,1.0,1.000341997264022,234,221,42886292,42.886292,,CRC_DETECTED
CRC32,13-17,5,80,2901,23208,23360,23392,32,0.136986301369863,1.0,1.000341997264022,234,226,23241250,23.24125,,CRC_DETECTED
CRC32,13-17,5,81,2901,23208,23360,23392,32,0.136986301369863,1.0,1.000341997264022,234,246,23462292,23.462292,,CRC_DETECTED
CRC32,13-17,5,82,2901,23208,23360,23392,32,0.136986301369863,1.0,1.000341997264022,234,236,23240084,23.240084,,CRC_DETECTED
CRC32,13-17,5,83,2901,23208,23360,23392,32,0.136986301369863,1.0,1.000341997264022,234,233,22950209,22.950209,,CRC_DETECTED
CRC32,13-17,5,84,2901,23208,23360,23392,32,0.136986301369863,1.0,1.000341997264022,234,213,23184042,23.184042,,CRC_DETECTED
CRC32,13-17,5,85,2901,23208,23360,23392,32,0.136986301369863,1.0,1.000341997264022,234,258,22949042,22.949042,,CRC_DETECTED
CRC32,13-17,5,86,2901,23208,23360,23392,32,0.136986301369863,1.0,1.000341997264022,234,209,23135083,23.135083,,CRC_DETECTED
CRC32,13-17,5,87,2901,23208,23360,23392,32,0.136986301369863,1.0,1.000341997264022,234,235,23077292,23.077292,,CRC_DETECTED
CRC32,13-17,5,88,2901,23208,23360,23392,32,0.136986301369863,1.0,1.000341997264022,234,237,23132833,23.132833,,CRC_DETECTED
CRC32,13-17,5,89,2901,23208,23360,23392,32,0.136986301369863,1.0,1.000341997264022,234,239,23082625,23.082625,,CRC_DETECTED
CRC32,13-17,5,90,2901,23208,23360,23392,32,0.136986301369863,1.0,1.000341997264022,234,194,23322666,23.322666,,CRC_DETECTED
CRC32,13-17,5,91,2901,23208,23360,23392,32,0.136986301369863,1.0,1.000341997264022,234,220,22999584,22.999584,,CRC_DETECTED
CRC32,13-17,5,92,2901,23208,23360,23392,32,0.136986301369863,1.0,1.000341997264022,234,232,22947292,22.947292,,CRC_DETECTED
CRC32,13-17,5,93,2901,23208,23360,23392,32,0.136986301369863,1.0,1.000341997264022,234,231,23109500,23.1095,,CRC_DETECTED
CRC32,13-17,5,94,2901,23208,23360,23392,32,0.136986301369863,1.0,1.000341997264022,234,220,23291417,23.291417,,CRC_DETECTED
CRC32,13-17,5,95,2901,23208,23360,23392,32,0.136986301369863,1.0,1.000341997264022,234,211,23113250,23.11325,,CRC_DETECTED
CRC32,13-17,5,96,2901,23208,23360,23392,32,0.136986301369863,1.0,1.000341997264022,234,228,23012292,23.012292,,CRC_DETECTED
CRC32,13-17,5,97,2901,23208,23360,23392,32,0.136986301369863,1.0,1.000341997264022,234,212,23152667,23.152667,,CRC_DETECTED
CRC32,13-17,5,98,2901,23208,23360,23392,32,0.136986301369863,1.0,1.000341997264022,234,215,23070875,23.070875,,CRC_DETECTED
CRC32,13-17,5,99,2901,23208,23360,23392,32,0.136986301369863,1.0,1.000341997264022,234,226,23003708,23.003708,,CRC_DETECTED
CRC32,13-17,5,100,2901,23208,23360,23392,32,0.136986301369863,1.0,1.000341997264022,234,261,22964042,22.964042,,CRC_DETECTED
CRC32,13-18,6,1,3184,25472,25624,25656,32,0.1248829222603809,0.0,0.0,0,0,26317333,26.317333,True,CLEAN
CRC32,13-18,6,2,3184,25472,25624,25656,32,0.1248829222603809,0.0,0.0,0,0,26526209,26.526209,True,CLEAN
CRC32,13-18,6,3,3184,25472,25624,25656,32,0.1248829222603809,0.0,0.0,0,0,26325708,26.325708,True,CLEAN
CRC32,13-18,6,4,3184,25472,25624,25656,32,0.1248829222603809,0.0,0.0,0,0,26427375,26.427375,True,CLEAN
CRC32,13-18,6,5,3184,25472,25624,25656,32,0.1248829222603809,0.0,0.0,0,0,26466959,26.466959,True,CLEAN
CRC32,13-18,6,6,3184,25472,25624,25656,32,0.1248829222603809,0.0,0.0,0,0,26655500,26.6555,True,CLEAN
CRC32,13-18,6,7,3184,25472,25624,25656,32,0.1248829222603809,0.0,0.0,0,0,26234042,26.234042,True,CLEAN
CRC32,13-18,6,8,3184,25472,25624,25656,32,0.1248829222603809,0.0,0.0,0,0,26459084,26.459084,True,CLEAN
CRC32,13-18,6,9,3184,25472,25624,25656,32,0.1248829222603809,0.0,0.0,0,0,44923458,44.923458,True,CLEAN
CRC32,13-18,6,10,3184,25472,25624,25656,32,0.1248829222603809,0.0,0.0,0,0,26646834,26.646834,True,CLEAN
CRC32,13-18,6,11,3184,25472,25624,25656,32,0.1248829222603809,0.0,0.0,0,0,26076000,26.076,True,CLEAN
CRC32,13-18,6,12,3184,25472,25624,25656,32,0.1248829222603809,0.0,0.0,0,0,26149041,26.149041,True,CLEAN
CRC32,13-18,6,13,3184,25472,25624,25656,32,0.1248829222603809,0.0,0.0,0,0,26446917,26.446917,True,CLEAN
CRC32,13-18,6,14,3184,25472,25624,25656,32,0.1248829222603809,0.0,0.0,0,0,26637833,26.637833,True,CLEAN
CRC32,13-18,6,15,3184,25472,25624,25656,32,0.1248829222603809,0.0,0.0,0,0,27147959,27.147959,True,CLEAN
CRC32,13-18,6,16,3184,25472,25624,25656,32,0.1248829222603809,0.0,0.0,0,0,26480250,26.48025,True,CLEAN
CRC32,13-18,6,17,3184,25472,25624,25656,32,0.1248829222603809,0.0,0.0,0,0,26366458,26.366458,True,CLEAN
CRC32,13-18,6,18,3184,25472,25624,25656,32,0.1248829222603809,0.0,0.0,0,0,26880584,26.880584,True,CLEAN
CRC32,13-18,6,19,3184,25472,25624,25656,32,0.1248829222603809,0.0,0.0,0,0,26452750,26.45275,True,CLEAN
CRC32,13-18,6,20,3184,25472,25624,25656,32,0.1248829222603809,0.0,0.0,0,0,26423542,26.423542,True,CLEAN
CRC32,13-18,6,21,3184,25472,25624,25656,32,0.1248829222603809,0.0,0.0,0,0,26562166,26.562166,True,CLEAN
CRC32,13-18,6,22,3184,25472,25624,25656,32,0.1248829222603809,0.0,0.0,0,0,26301000,26.301,True,CLEAN
CRC32,13-18,6,23,3184,25472,25624,25656,32,0.1248829222603809,0.0,0.0,0,0,26284041,26.284041,True,CLEAN
CRC32,13-18,6,24,3184,25472,25624,25656,32,0.1248829222603809,0.0,0.0,0,0,26303250,26.30325,True,CLEAN
CRC32,13-18,6,25,3184,25472,25624,25656,32,0.1248829222603809,0.0,0.0,0,0,26187833,26.187833,True,CLEAN
CRC32,13-18,6,26,3184,25472,25624,25656,32,0.1248829222603809,0.0,0.0,0,0,26079208,26.079208,True,CLEAN
CRC32,13-18,6,27,3184,25472,25624,25656,32,0.1248829222603809,0.0,0.0,0,0,26210834,26.210834,True,CLEAN
CRC32,13-18,6,28,3184,25472,25624,25656,32,0.1248829222603809,0.0,0.0,0,0,26919708,26.919708,True,CLEAN
CRC32,13-18,6,29,3184,25472,25624,25656,32,0.1248829222603809,0.0,0.0,0,0,27889125,27.889125,True,CLEAN
CRC32,13-18,6,30,3184,25472,25624,25656,32,0.1248829222603809,0.0,0.0,0,0,26789292,26.789292,True,CLEAN
CRC32,13-18,6,31,3184,25472,25624,25656,32,0.1248829222603809,0.0,0.0,0,0,27275000,27.275,True,CLEAN
CRC32,13-18,6,32,3184,25472,25624,25656,32,0.1248829222603809,0.0,0.0,0,0,27022959,27.022959,True,CLEAN
CRC32,13-18,6,33,3184,25472,25624,25656,32,0.1248829222603809,0.0,0.0,0,0,27721584,27.721584,True,CLEAN
CRC32,13-18,6,34,3184,25472,25624,25656,32,0.1248829222603809,0.0,0.0,0,0,27470042,27.470042,True,CLEAN
CRC32,13-18,6,35,3184,25472,25624,25656,32,0.1248829222603809,0.0,0.0,0,0,27976916,27.976916,True,CLEAN
CRC32,13-18,6,36,3184,25472,25624,25656,32,0.1248829222603809,0.0,0.0,0,0,27883041,27.883041,True,CLEAN
CRC32,13-18,6,37,3184,25472,25624,25656,32,0.1248829222603809,0.0,0.0,0,0,28227166,28.227166,True,CLEAN
CRC32,13-18,6,38,3184,25472,25624,25656,32,0.1248829222603809,0.0,0.0,0,0,26783500,26.7835,True,CLEAN
CRC32,13-18,6,39,3184,25472,25624,25656,32,0.1248829222603809,0.0,0.0,0,0,26836542,26.836542,True,CLEAN
CRC32,13-18,6,40,3184,25472,25624,25656,32,0.1248829222603809,0.0,0.0,0,0,26448000,26.448,True,CLEAN
CRC32,13-18,6,41,3184,25472,25624,25656,32,0.1248829222603809,0.0,0.0,0,0,25783958,25.783958,True,CLEAN
CRC32,13-18,6,42,3184,25472,25624,25656,32,0.1248829222603809,0.0,0.0,0,0,25953416,25.953416,True,CLEAN
CRC32,13-18,6,43,3184,25472,25624,25656,32,0.1248829222603809,0.0,0.0,0,0,27082959,27.082959,True,CLEAN
CRC32,13-18,6,44,3184,25472,25624,25656,32,0.1248829222603809,0.0,0.0,0,0,28587583,28.587583,True,CLEAN
CRC32,13-18,6,45,3184,25472,25624,25656,32,0.1248829222603809,0.0,0.0,0,0,28934625,28.934625,True,CLEAN
CRC32,13-18,6,46,3184,25472,25624,25656,32,0.1248829222603809,0.0,0.0,0,0,28071625,28.071625,True,CLEAN
CRC32,13-18,6,47,3184,25472,25624,25656,32,0.1248829222603809,0.0,0.0,0,0,27711084,27.711084,True,CLEAN
CRC32,13-18,6,48,3184,25472,25624,25656,32,0.1248829222603809,0.0,0.0,0,0,25521542,25.521542,True,CLEAN
CRC32,13-18,6,49,3184,25472,25624,25656,32,0.1248829222603809,0.0,0.0,0,0,25600708,25.600708,True,CLEAN
CRC32,13-18,6,50,3184,25472,25624,25656,32,0.1248829222603809,0.0,0.0,0,0,25596791,25.596791,True,CLEAN
CRC32,13-18,6,51,3184,25472,25624,25656,32,0.1248829222603809,0.0,0.0,0,0,25432042,25.432042,True,CLEAN
CRC32,13-18,6,52,3184,25472,25624,25656,32,0.1248829222603809,0.0,0.0,0,0,25346458,25.346458,True,CLEAN
CRC32,13-18,6,53,3184,25472,25624,25656,32,0.1248829222603809,0.0,0.0,0,0,26116041,26.116041,True,CLEAN
CRC32,13-18,6,54,3184,25472,25624,25656,32,0.1248829222603809,0.0,0.0,0,0,25946083,25.946083,True,CLEAN
CRC32,13-18,6,55,3184,25472,25624,25656,32,0.1248829222603809,0.0,0.0,0,0,26324958,26.324958,True,CLEAN
CRC32,13-18,6,56,3184,25472,25624,25656,32,0.1248829222603809,0.0,0.0,0,0,26786125,26.786125,True,CLEAN
CRC32,13-18,6,57,3184,25472,25624,25656,32,0.1248829222603809,0.0,0.0,0,0,26395875,26.395875,True,CLEAN
CRC32,13-18,6,58,3184,25472,25624,25656,32,0.1248829222603809,0.0,0.0,0,0,26313500,26.3135,True,CLEAN
CRC32,13-18,6,59,3184,25472,25624,25656,32,0.1248829222603809,0.0,0.0,0,0,27067375,27.067375,True,CLEAN
CRC32,13-18,6,60,3184,25472,25624,25656,32,0.1248829222603809,0.0,0.0,0,0,26900625,26.900625,True,CLEAN
CRC32,13-18,6,61,3184,25472,25624,25656,32,0.1248829222603809,0.0,0.0,0,0,26828625,26.828625,True,CLEAN
CRC32,13-18,6,62,3184,25472,25624,25656,32,0.1248829222603809,0.0,0.0,0,0,26897625,26.897625,True,CLEAN
CRC32,13-18,6,63,3184,25472,25624,25656,32,0.1248829222603809,0.0,0.0,0,0,26404750,26.40475,True,CLEAN
CRC32,13-18,6,64,3184,25472,25624,25656,32,0.1248829222603809,0.0,0.0,0,0,26207083,26.207083,True,CLEAN
CRC32,13-18,6,65,3184,25472,25624,25656,32,0.1248829222603809,0.0,0.0,0,0,25492625,25.492625,True,CLEAN
CRC32,13-18,6,66,3184,25472,25624,25656,32,0.1248829222603809,0.0,0.0,0,0,25563416,25.563416,True,CLEAN
CRC32,13-18,6,67,3184,25472,25624,25656,32,0.1248829222603809,0.0,0.0,0,0,25761125,25.761125,True,CLEAN
CRC32,13-18,6,68,3184,25472,25624,25656,32,0.1248829222603809,0.0,0.0,0,0,25996709,25.996709,True,CLEAN
CRC32,13-18,6,69,3184,25472,25624,25656,32,0.1248829222603809,0.0,0.0,0,0,26153417,26.153417,True,CLEAN
CRC32,13-18,6,70,3184,25472,25624,25656,32,0.1248829222603809,0.0,0.0,0,0,26200125,26.200125,True,CLEAN
CRC32,13-18,6,71,3184,25472,25624,25656,32,0.1248829222603809,0.0,0.0,0,0,26021083,26.021083,True,CLEAN
CRC32,13-18,6,72,3184,25472,25624,25656,32,0.1248829222603809,0.0,0.0,0,0,26400417,26.400417,True,CLEAN
CRC32,13-18,6,73,3184,25472,25624,25656,32,0.1248829222603809,0.0,0.0,0,0,26607333,26.607333,True,CLEAN
CRC32,13-18,6,74,3184,25472,25624,25656,32,0.1248829222603809,0.0,0.0,0,0,26019084,26.019084,True,CLEAN
CRC32,13-18,6,75,3184,25472,25624,25656,32,0.1248829222603809,0.0,0.0,0,0,26091500,26.0915,True,CLEAN
CRC32,13-18,6,76,3184,25472,25624,25656,32,0.1248829222603809,0.0,0.0,0,0,25804625,25.804625,True,CLEAN
CRC32,13-18,6,77,3184,25472,25624,25656,32,0.1248829222603809,0.0,0.0,0,0,26117167,26.117167,True,CLEAN
CRC32,13-18,6,78,3184,25472,25624,25656,32,0.1248829222603809,0.0,0.0,0,0,26019000,26.019,True,CLEAN
CRC32,13-18,6,79,3184,25472,25624,25656,32,0.1248829222603809,0.0,0.0,0,0,26070291,26.070291,True,CLEAN
CRC32,13-18,6,80,3184,25472,25624,25656,32,0.1248829222603809,0.0,0.0,0,0,25741959,25.741959,True,CLEAN
CRC32,13-18,6,81,3184,25472,25624,25656,32,0.1248829222603809,0.0,0.0,0,0,45394125,45.394125,True,CLEAN
CRC32,13-18,6,82,3184,25472,25624,25656,32,0.1248829222603809,0.0,0.0,0,0,26118125,26.118125,True,CLEAN
CRC32,13-18,6,83,3184,25472,25624,25656,32,0.1248829222603809,0.0,0.0,0,0,26128708,26.128708,True,CLEAN
CRC32,13-18,6,84,3184,25472,25624,25656,32,0.1248829222603809,0.0,0.0,0,0,25948125,25.948125,True,CLEAN
CRC32,13-18,6,85,3184,25472,25624,25656,32,0.1248829222603809,0.0,0.0,0,0,26182667,26.182667,True,CLEAN
CRC32,13-18,6,86,3184,25472,25624,25656,32,0.1248829222603809,0.0,0.0,0,0,25836333,25.836333,True,CLEAN
CRC32,13-18,6,87,3184,25472,25624,25656,32,0.1248829222603809,0.0,0.0,0,0,26109708,26.109708,True,CLEAN
CRC32,13-18,6,88,3184,25472,25624,25656,32,0.1248829222603809,0.0,0.0,0,0,25969792,25.969792,True,CLEAN
CRC32,13-18,6,89,3184,25472,25624,25656,32,0.1248829222603809,0.0,0.0,0,0,26065625,26.065625,True,CLEAN
CRC32,13-18,6,90,3184,25472,25624,25656,32,0.1248829222603809,0.0,0.0,0,0,25864125,25.864125,True,CLEAN
CRC32,13-18,6,91,3184,25472,25624,25656,32,0.1248829222603809,0.0,0.0,0,0,25850334,25.850334,True,CLEAN
CRC32,13-18,6,92,3184,25472,25624,25656,32,0.1248829222603809,0.0,0.0,0,0,25656334,25.656334,True,CLEAN
CRC32,13-18,6,93,3184,25472,25624,25656,32,0.1248829222603809,0.0,0.0,0,0,25560042,25.560042,True,CLEAN
CRC32,13-18,6,94,3184,25472,25624,25656,32,0.1248829222603809,0.0,0.0,0,0,25928416,25.928416,True,CLEAN
CRC32,13-18,6,95,3184,25472,25624,25656,32,0.1248829222603809,0.0,0.0,0,0,25225375,25.225375,True,CLEAN
CRC32,13-18,6,96,3184,25472,25624,25656,32,0.1248829222603809,0.0,0.0,0,0,25410584,25.410584,True,CLEAN
CRC32,13-18,6,97,3184,25472,25624,25656,32,0.1248829222603809,0.0,0.0,0,0,25574459,25.574459,True,CLEAN
CRC32,13-18,6,98,3184,25472,25624,25656,32,0.1248829222603809,0.0,0.0,0,0,25676916,25.676916,True,CLEAN
CRC32,13-18,6,99,3184,25472,25624,25656,32,0.1248829222603809,0.0,0.0,0,0,25852916,25.852916,True,CLEAN
CRC32,13-18,6,100,3184,25472,25624,25656,32,0.1248829222603809,0.0,0.0,0,0,25505250,25.50525,True,CLEAN
CRC32,13-18,6,1,3184,25472,25624,25656,32,0.1248829222603809,0.01,0.011693171188026192,3,4,25408875,25.408875,,CRC_DETECTED
CRC32,13-18,6,2,3184,25472,25624,25656,32,0.1248829222603809,0.01,0.011693171188026192,3,5,25121333,25.121333,,CRC_DETECTED
CRC32,13-18,6,3,3184,25472,25624,25656,32,0.1248829222603809,0.01,0.011693171188026192,3,1,25158958,25.158958,,CRC_DETECTED
CRC32,13-18,6,4,3184,25472,25624,25656,32,0.1248829222603809,0.01,0.011693171188026192,3,3,28337750,28.33775,,CRC_DETECTED
CRC32,13-18,6,5,3184,25472,25624,25656,32,0.1248829222603809,0.01,0.011693171188026192,3,1,24865375,24.865375,,CRC_DETECTED
CRC32,13-18,6,6,3184,25472,25624,25656,32,0.1248829222603809,0.01,0.011693171188026192,3,2,24386792,24.386792,,CRC_DETECTED
CRC32,13-18,6,7,3184,25472,25624,25656,32,0.1248829222603809,0.01,0.011693171188026192,3,3,24204125,24.204125,,CRC_DETECTED
CRC32,13-18,6,8,3184,25472,25624,25656,32,0.1248829222603809,0.01,0.011693171188026192,3,3,24525750,24.52575,,CRC_DETECTED
CRC32,13-18,6,9,3184,25472,25624,25656,32,0.1248829222603809,0.01,0.011693171188026192,3,1,24305959,24.305959,,CRC_DETECTED
CRC32,13-18,6,10,3184,25472,25624,25656,32,0.1248829222603809,0.01,0.011693171188026192,3,5,24099417,24.099417,,CRC_DETECTED
CRC32,13-18,6,11,3184,25472,25624,25656,32,0.1248829222603809,0.01,0.011693171188026192,3,1,24386833,24.386833,,CRC_DETECTED
CRC32,13-18,6,12,3184,25472,25624,25656,32,0.1248829222603809,0.01,0.011693171188026192,3,4,24289667,24.289667,,CRC_DETECTED
CRC32,13-18,6,13,3184,25472,25624,25656,32,0.1248829222603809,0.01,0.011693171188026192,3,2,24482250,24.48225,,CRC_DETECTED
CRC32,13-18,6,14,3184,25472,25624,25656,32,0.1248829222603809,0.01,0.011693171188026192,3,1,24167500,24.1675,,CRC_DETECTED
CRC32,13-18,6,15,3184,25472,25624,25656,32,0.1248829222603809,0.01,0.011693171188026192,3,3,24206250,24.20625,,CRC_DETECTED
CRC32,13-18,6,16,3184,25472,25624,25656,32,0.1248829222603809,0.01,0.011693171188026192,3,3,24590125,24.590125,,CRC_DETECTED
CRC32,13-18,6,17,3184,25472,25624,25656,32,0.1248829222603809,0.01,0.011693171188026192,3,4,24422500,24.4225,,CRC_DETECTED
CRC32,13-18,6,18,3184,25472,25624,25656,32,0.1248829222603809,0.01,0.011693171188026192,3,1,24474792,24.474792,,CRC_DETECTED
CRC32,13-18,6,19,3184,25472,25624,25656,32,0.1248829222603809,0.01,0.011693171188026192,3,3,24391041,24.391041,,CRC_DETECTED
CRC32,13-18,6,20,3184,25472,25624,25656,32,0.1248829222603809,0.01,0.011693171188026192,3,4,24687750,24.68775,,CRC_DETECTED
CRC32,13-18,6,21,3184,25472,25624,25656,32,0.1248829222603809,0.01,0.011693171188026192,3,1,24424458,24.424458,,CRC_DETECTED
CRC32,13-18,6,22,3184,25472,25624,25656,32,0.1248829222603809,0.01,0.011693171188026192,3,6,24467334,24.467334,,CRC_DETECTED
CRC32,13-18,6,23,3184,25472,25624,25656,32,0.1248829222603809,0.01,0.011693171188026192,3,2,24801750,24.80175,,CRC_DETECTED
CRC32,13-18,6,24,3184,25472,25624,25656,32,0.1248829222603809,0.01,0.011693171188026192,3,3,24424542,24.424542,,CRC_DETECTED
CRC32,13-18,6,25,3184,25472,25624,25656,32,0.1248829222603809,0.01,0.011693171188026192,3,5,24377166,24.377166,,CRC_DETECTED
CRC32,13-18,6,26,3184,25472,25624,25656,32,0.1248829222603809,0.01,0.011693171188026192,3,3,24446250,24.44625,,CRC_DETECTED
CRC32,13-18,6,27,3184,25472,25624,25656,32,0.1248829222603809,0.01,0.011693171188026192,3,2,24566042,24.566042,,CRC_DETECTED
CRC32,13-18,6,28,3184,25472,25624,25656,32,0.1248829222603809,0.01,0.011693171188026192,3,2,24702875,24.702875,,CRC_DETECTED
CRC32,13-18,6,29,3184,25472,25624,25656,32,0.1248829222603809,0.01,0.011693171188026192,3,3,25767334,25.767334,,CRC_DETECTED
CRC32,13-18,6,30,3184,25472,25624,25656,32,0.1248829222603809,0.01,0.011693171188026192,3,2,24316084,24.316084,,CRC_DETECTED
CRC32,13-18,6,31,3184,25472,25624,25656,32,0.1248829222603809,0.01,0.011693171188026192,3,2,24358125,24.358125,,CRC_DETECTED
CRC32,13-18,6,32,3184,25472,25624,25656,32,0.1248829222603809,0.01,0.011693171188026192,3,5,24468791,24.468791,,CRC_DETECTED
CRC32,13-18,6,33,3184,25472,25624,25656,32,0.1248829222603809,0.01,0.011693171188026192,3,1,25988875,25.988875,,CRC_DETECTED
CRC32,13-18,6,34,3184,25472,25624,25656,32,0.1248829222603809,0.01,0.011693171188026192,3,1,24883958,24.883958,,CRC_DETECTED
CRC32,13-18,6,35,3184,25472,25624,25656,32,0.1248829222603809,0.01,0.011693171188026192,3,3,24635459,24.635459,,CRC_DETECTED
CRC32,13-18,6,36,3184,25472,25624,25656,32,0.1248829222603809,0.01,0.011693171188026192,3,2,24527542,24.527542,,CRC_DETECTED
CRC32,13-18,6,37,3184,25472,25624,25656,32,0.1248829222603809,0.01,0.011693171188026192,3,3,24619083,24.619083,,CRC_DETECTED
CRC32,13-18,6,38,3184,25472,25624,25656,32,0.1248829222603809,0.01,0.011693171188026192,3,4,24921917,24.921917,,CRC_DETECTED
CRC32,13-18,6,39,3184,25472,25624,25656,32,0.1248829222603809,0.01,0.011693171188026192,3,3,25818167,25.818167,,CRC_DETECTED
CRC32,13-18,6,40,3184,25472,25624,25656,32,0.1248829222603809,0.01,0.011693171188026192,3,2,24629125,24.629125,,CRC_DETECTED
CRC32,13-18,6,41,3184,25472,25624,25656,32,0.1248829222603809,0.01,0.011693171188026192,3,6,24455041,24.455041,,CRC_DETECTED
CRC32,13-18,6,42,3184,25472,25624,25656,32,0.1248829222603809,0.01,0.011693171188026192,3,3,24427458,24.427458,,CRC_DETECTED
CRC32,13-18,6,43,3184,25472,25624,25656,32,0.1248829222603809,0.01,0.011693171188026192,3,3,24622792,24.622792,,CRC_DETECTED
CRC32,13-18,6,44,3184,25472,25624,25656,32,0.1248829222603809,0.01,0.011693171188026192,3,0,25900334,25.900334,True,CLEAN
CRC32,13-18,6,45,3184,25472,25624,25656,32,0.1248829222603809,0.01,0.011693171188026192,3,2,24575834,24.575834,,CRC_DETECTED
CRC32,13-18,6,46,3184,25472,25624,25656,32,0.1248829222603809,0.01,0.011693171188026192,3,1,24559833,24.559833,,CRC_DETECTED
CRC32,13-18,6,47,3184,25472,25624,25656,32,0.1248829222603809,0.01,0.011693171188026192,3,0,26057917,26.057917,True,CLEAN
CRC32,13-18,6,48,3184,25472,25624,25656,32,0.1248829222603809,0.01,0.011693171188026192,3,1,24685125,24.685125,,CRC_DETECTED
CRC32,13-18,6,49,3184,25472,25624,25656,32,0.1248829222603809,0.01,0.011693171188026192,3,5,24355167,24.355167,,CRC_DETECTED
CRC32,13-18,6,50,3184,25472,25624,25656,32,0.1248829222603809,0.01,0.011693171188026192,3,2,24434834,24.434834,,CRC_DETECTED
CRC32,13-18,6,51,3184,25472,25624,25656,32,0.1248829222603809,0.01,0.011693171188026192,3,0,25711083,25.711083,True,CLEAN
CRC32,13-18,6,52,3184,25472,25624,25656,32,0.1248829222603809,0.01,0.011693171188026192,3,5,24348375,24.348375,,CRC_DETECTED
CRC32,13-18,6,53,3184,25472,25624,25656,32,0.1248829222603809,0.01,0.011693171188026192,3,4,24344125,24.344125,,CRC_DETECTED
CRC32,13-18,6,54,3184,25472,25624,25656,32,0.1248829222603809,0.01,0.011693171188026192,3,3,24350750,24.35075,,CRC_DETECTED
CRC32,13-18,6,55,3184,25472,25624,25656,32,0.1248829222603809,0.01,0.011693171188026192,3,4,24673208,24.673208,,CRC_DETECTED
CRC32,13-18,6,56,3184,25472,25624,25656,32,0.1248829222603809,0.01,0.011693171188026192,3,4,24661083,24.661083,,CRC_DETECTED
CRC32,13-18,6,57,3184,25472,25624,25656,32,0.1248829222603809,0.01,0.011693171188026192,3,3,24420208,24.420208,,CRC_DETECTED
CRC32,13-18,6,58,3184,25472,25624,25656,32,0.1248829222603809,0.01,0.011693171188026192,3,3,24341208,24.341208,,CRC_DETECTED
CRC32,13-18,6,59,3184,25472,25624,25656,32,0.1248829222603809,0.01,0.011693171188026192,3,3,24152791,24.152791,,CRC_DETECTED
CRC32,13-18,6,60,3184,25472,25624,25656,32,0.1248829222603809,0.01,0.011693171188026192,3,2,24558916,24.558916,,CRC_DETECTED
CRC32,13-18,6,61,3184,25472,25624,25656,32,0.1248829222603809,0.01,0.011693171188026192,3,3,24142209,24.142209,,CRC_DETECTED
CRC32,13-18,6,62,3184,25472,25624,25656,32,0.1248829222603809,0.01,0.011693171188026192,3,3,24524458,24.524458,,CRC_DETECTED
CRC32,13-18,6,63,3184,25472,25624,25656,32,0.1248829222603809,0.01,0.011693171188026192,3,4,25014958,25.014958,,CRC_DETECTED
CRC32,13-18,6,64,3184,25472,25624,25656,32,0.1248829222603809,0.01,0.011693171188026192,3,2,25068375,25.068375,,CRC_DETECTED
CRC32,13-18,6,65,3184,25472,25624,25656,32,0.1248829222603809,0.01,0.011693171188026192,3,0,26429833,26.429833,True,CLEAN
CRC32,13-18,6,66,3184,25472,25624,25656,32,0.1248829222603809,0.01,0.011693171188026192,3,2,25087000,25.087,,CRC_DETECTED
CRC32,13-18,6,67,3184,25472,25624,25656,32,0.1248829222603809,0.01,0.011693171188026192,3,3,25181500,25.1815,,CRC_DETECTED
CRC32,13-18,6,68,3184,25472,25624,25656,32,0.1248829222603809,0.01,0.011693171188026192,3,4,25249375,25.249375,,CRC_DETECTED
CRC32,13-18,6,69,3184,25472,25624,25656,32,0.1248829222603809,0.01,0.011693171188026192,3,4,24862208,24.862208,,CRC_DETECTED
CRC32,13-18,6,70,3184,25472,25624,25656,32,0.1248829222603809,0.01,0.011693171188026192,3,5,25214459,25.214459,,CRC_DETECTED
CRC32,13-18,6,71,3184,25472,25624,25656,32,0.1248829222603809,0.01,0.011693171188026192,3,4,25329334,25.329334,,CRC_DETECTED
CRC32,13-18,6,72,3184,25472,25624,25656,32,0.1248829222603809,0.01,0.011693171188026192,3,3,25350375,25.350375,,CRC_DETECTED
CRC32,13-18,6,73,3184,25472,25624,25656,32,0.1248829222603809,0.01,0.011693171188026192,3,3,25034250,25.03425,,CRC_DETECTED
CRC32,13-18,6,74,3184,25472,25624,25656,32,0.1248829222603809,0.01,0.011693171188026192,3,2,25346334,25.346334,,CRC_DETECTED
CRC32,13-18,6,75,3184,25472,25624,25656,32,0.1248829222603809,0.01,0.011693171188026192,3,4,25317834,25.317834,,CRC_DETECTED
CRC32,13-18,6,76,3184,25472,25624,25656,32,0.1248829222603809,0.01,0.011693171188026192,3,5,24943625,24.943625,,CRC_DETECTED
CRC32,13-18,6,77,3184,25472,25624,25656,32,0.1248829222603809,0.01,0.011693171188026192,3,2,25030125,25.030125,,CRC_DETECTED
CRC32,13-18,6,78,3184,25472,25624,25656,32,0.1248829222603809,0.01,0.011693171188026192,3,1,24669542,24.669542,,CRC_DETECTED
CRC32,13-18,6,79,3184,25472,25624,25656,32,0.1248829222603809,0.01,0.011693171188026192,3,1,24731916,24.731916,,CRC_DETECTED
CRC32,13-18,6,80,3184,25472,25624,25656,32,0.1248829222603809,0.01,0.011693171188026192,3,3,24834084,24.834084,,CRC_DETECTED
CRC32,13-18,6,81,3184,25472,25624,25656,32,0.1248829222603809,0.01,0.011693171188026192,3,4,24755792,24.755792,,CRC_DETECTED
CRC32,13-18,6,82,3184,25472,25624,25656,32,0.1248829222603809,0.01,0.011693171188026192,3,4,25854000,25.854,,CRC_DETECTED
CRC32,13-18,6,83,3184,25472,25624,25656,32,0.1248829222603809,0.01,0.011693171188026192,3,0,26597750,26.59775,True,CLEAN
CRC32,13-18,6,84,3184,25472,25624,25656,32,0.1248829222603809,0.01,0.011693171188026192,3,6,25486458,25.486458,,CRC_DETECTED
CRC32,13-18,6,85,3184,25472,25624,25656,32,0.1248829222603809,0.01,0.011693171188026192,3,6,25607083,25.607083,,CRC_DETECTED
CRC32,13-18,6,86,3184,25472,25624,25656,32,0.1248829222603809,0.01,0.011693171188026192,3,3,25013750,25.01375,,CRC_DETECTED
CRC32,13-18,6,87,3184,25472,25624,25656,32,0.1248829222603809,0.01,0.011693171188026192,3,3,43886792,43.886792,,CRC_DETECTED
CRC32,13-18,6,88,3184,25472,25624,25656,32,0.1248829222603809,0.01,0.011693171188026192,3,4,25661875,25.661875,,CRC_DETECTED
CRC32,13-18,6,89,3184,25472,25624,25656,32,0.1248829222603809,0.01,0.011693171188026192,3,3,38986084,38.986084,,CRC_DETECTED
CRC32,13-18,6,90,3184,25472,25624,25656,32,0.1248829222603809,0.01,0.011693171188026192,3,6,25463208,25.463208,,CRC_DETECTED
CRC32,13-18,6,91,3184,25472,25624,25656,32,0.1248829222603809,0.01,0.011693171188026192,3,1,25176167,25.176167,,CRC_DETECTED
CRC32,13-18,6,92,3184,25472,25624,25656,32,0.1248829222603809,0.01,0.011693171188026192,3,5,25337584,25.337584,,CRC_DETECTED
CRC32,13-18,6,93,3184,25472,25624,25656,32,0.1248829222603809,0.01,0.011693171188026192,3,1,25444875,25.444875,,CRC_DETECTED
CRC32,13-18,6,94,3184,25472,25624,25656,32,0.1248829222603809,0.01,0.011693171188026192,3,3,25566125,25.566125,,CRC_DETECTED
CRC32,13-18,6,95,3184,25472,25624,25656,32,0.1248829222603809,0.01,0.011693171188026192,3,3,25089167,25.089167,,CRC_DETECTED
CRC32,13-18,6,96,3184,25472,25624,25656,32,0.1248829222603809,0.01,0.011693171188026192,3,2,25142208,25.142208,,CRC_DETECTED
CRC32,13-18,6,97,3184,25472,25624,25656,32,0.1248829222603809,0.01,0.011693171188026192,3,3,24323000,24.323,,CRC_DETECTED
CRC32,13-18,6,98,3184,25472,25624,25656,32,0.1248829222603809,0.01,0.011693171188026192,3,2,24897458,24.897458,,CRC_DETECTED
CRC32,13-18,6,99,3184,25472,25624,25656,32,0.1248829222603809,0.01,0.011693171188026192,3,3,25455875,25.455875,,CRC_DETECTED
CRC32,13-18,6,100,3184,25472,25624,25656,32,0.1248829222603809,0.01,0.011693171188026192,3,0,26521750,26.52175,True,CLEAN
CRC32,13-18,6,1,3184,25472,25624,25656,32,0.1248829222603809,0.1,0.10134081696289367,26,30,25617667,25.617667,,CRC_DETECTED
CRC32,13-18,6,2,3184,25472,25624,25656,32,0.1248829222603809,0.1,0.10134081696289367,26,23,25480500,25.4805,,CRC_DETECTED
CRC32,13-18,6,3,3184,25472,25624,25656,32,0.1248829222603809,0.1,0.10134081696289367,26,26,25401458,25.401458,,CRC_DETECTED
CRC32,13-18,6,4,3184,25472,25624,25656,32,0.1248829222603809,0.1,0.10134081696289367,26,32,25521958,25.521958,,CRC_DETECTED
CRC32,13-18,6,5,3184,25472,25624,25656,32,0.1248829222603809,0.1,0.10134081696289367,26,28,25981292,25.981292,,CRC_DETECTED
CRC32,13-18,6,6,3184,25472,25624,25656,32,0.1248829222603809,0.1,0.10134081696289367,26,25,25216541,25.216541,,CRC_DETECTED
CRC32,13-18,6,7,3184,25472,25624,25656,32,0.1248829222603809,0.1,0.10134081696289367,26,18,25465375,25.465375,,CRC_DETECTED
CRC32,13-18,6,8,3184,25472,25624,25656,32,0.1248829222603809,0.1,0.10134081696289367,26,30,25761167,25.761167,,CRC_DETECTED
CRC32,13-18,6,9,3184,25472,25624,25656,32,0.1248829222603809,0.1,0.10134081696289367,26,36,25869334,25.869334,,CRC_DETECTED
CRC32,13-18,6,10,3184,25472,25624,25656,32,0.1248829222603809,0.1,0.10134081696289367,26,21,24498917,24.498917,,CRC_DETECTED
CRC32,13-18,6,11,3184,25472,25624,25656,32,0.1248829222603809,0.1,0.10134081696289367,26,23,25022750,25.02275,,CRC_DETECTED
CRC32,13-18,6,12,3184,25472,25624,25656,32,0.1248829222603809,0.1,0.10134081696289367,26,32,25137333,25.137333,,CRC_DETECTED
CRC32,13-18,6,13,3184,25472,25624,25656,32,0.1248829222603809,0.1,0.10134081696289367,26,26,25121541,25.121541,,CRC_DETECTED
CRC32,13-18,6,14,3184,25472,25624,25656,32,0.1248829222603809,0.1,0.10134081696289367,26,19,24919666,24.919666,,CRC_DETECTED
CRC32,13-18,6,15,3184,25472,25624,25656,32,0.1248829222603809,0.1,0.10134081696289367,26,21,25110334,25.110334,,CRC_DETECTED
CRC32,13-18,6,16,3184,25472,25624,25656,32,0.1248829222603809,0.1,0.10134081696289367,26,27,25117042,25.117042,,CRC_DETECTED
CRC32,13-18,6,17,3184,25472,25624,25656,32,0.1248829222603809,0.1,0.10134081696289367,26,33,25041833,25.041833,,CRC_DETECTED
CRC32,13-18,6,18,3184,25472,25624,25656,32,0.1248829222603809,0.1,0.10134081696289367,26,22,25110541,25.110541,,CRC_DETECTED
CRC32,13-18,6,19,3184,25472,25624,25656,32,0.1248829222603809,0.1,0.10134081696289367,26,23,25239292,25.239292,,CRC_DETECTED
CRC32,13-18,6,20,3184,25472,25624,25656,32,0.1248829222603809,0.1,0.10134081696289367,26,30,43636084,43.636084,,CRC_DETECTED
CRC32,13-18,6,21,3184,25472,25624,25656,32,0.1248829222603809,0.1,0.10134081696289367,26,33,25152333,25.152333,,CRC_DETECTED
CRC32,13-18,6,22,3184,25472,25624,25656,32,0.1248829222603809,0.1,0.10134081696289367,26,20,25122875,25.122875,,CRC_DETECTED
CRC32,13-18,6,23,3184,25472,25624,25656,32,0.1248829222603809,0.1,0.10134081696289367,26,31,25388500,25.3885,,CRC_DETECTED
CRC32,13-18,6,24,3184,25472,25624,25656,32,0.1248829222603809,0.1,0.10134081696289367,26,21,25060458,25.060458,,CRC_DETECTED
CRC32,13-18,6,25,3184,25472,25624,25656,32,0.1248829222603809,0.1,0.10134081696289367,26,28,25691750,25.69175,,CRC_DETECTED
CRC32,13-18,6,26,3184,25472,25624,25656,32,0.1248829222603809,0.1,0.10134081696289367,26,21,25893583,25.893583,,CRC_DETECTED
CRC32,13-18,6,27,3184,25472,25624,25656,32,0.1248829222603809,0.1,0.10134081696289367,26,19,25452959,25.452959,,CRC_DETECTED
CRC32,13-18,6,28,3184,25472,25624,25656,32,0.1248829222603809,0.1,0.10134081696289367,26,25,25529709,25.529709,,CRC_DETECTED
CRC32,13-18,6,29,3184,25472,25624,25656,32,0.1248829222603809,0.1,0.10134081696289367,26,27,25798084,25.798084,,CRC_DETECTED
CRC32,13-18,6,30,3184,25472,25624,25656,32,0.1248829222603809,0.1,0.10134081696289367,26,28,25139750,25.13975,,CRC_DETECTED
CRC32,13-18,6,31,3184,25472,25624,25656,32,0.1248829222603809,0.1,0.10134081696289367,26,18,24406042,24.406042,,CRC_DETECTED
CRC32,13-18,6,32,3184,25472,25624,25656,32,0.1248829222603809,0.1,0.10134081696289367,26,23,24670208,24.670208,,CRC_DETECTED
CRC32,13-18,6,33,3184,25472,25624,25656,32,0.1248829222603809,0.1,0.10134081696289367,26,27,24799875,24.799875,,CRC_DETECTED
CRC32,13-18,6,34,3184,25472,25624,25656,32,0.1248829222603809,0.1,0.10134081696289367,26,16,24811083,24.811083,,CRC_DETECTED
CRC32,13-18,6,35,3184,25472,25624,25656,32,0.1248829222603809,0.1,0.10134081696289367,26,24,25236541,25.236541,,CRC_DETECTED
CRC32,13-18,6,36,3184,25472,25624,25656,32,0.1248829222603809,0.1,0.10134081696289367,26,26,25198750,25.19875,,CRC_DETECTED
CRC32,13-18,6,37,3184,25472,25624,25656,32,0.1248829222603809,0.1,0.10134081696289367,26,28,25353958,25.353958,,CRC_DETECTED
CRC32,13-18,6,38,3184,25472,25624,25656,32,0.1248829222603809,0.1,0.10134081696289367,26,25,25159084,25.159084,,CRC_DETECTED
CRC32,13-18,6,39,3184,25472,25624,25656,32,0.1248829222603809,0.1,0.10134081696289367,26,22,24982125,24.982125,,CRC_DETECTED
CRC32,13-18,6,40,3184,25472,25624,25656,32,0.1248829222603809,0.1,0.10134081696289367,26,27,25531583,25.531583,,CRC_DETECTED
CRC32,13-18,6,41,3184,25472,25624,25656,32,0.1248829222603809,0.1,0.10134081696289367,26,36,25710500,25.7105,,CRC_DETECTED
CRC32,13-18,6,42,3184,25472,25624,25656,32,0.1248829222603809,0.1,0.10134081696289367,26,26,25501833,25.501833,,CRC_DETECTED
CRC32,13-18,6,43,3184,25472,25624,25656,32,0.1248829222603809,0.1,0.10134081696289367,26,21,25315791,25.315791,,CRC_DETECTED
CRC32,13-18,6,44,3184,25472,25624,25656,32,0.1248829222603809,0.1,0.10134081696289367,26,29,24925834,24.925834,,CRC_DETECTED
CRC32,13-18,6,45,3184,25472,25624,25656,32,0.1248829222603809,0.1,0.10134081696289367,26,28,25452042,25.452042,,CRC_DETECTED
CRC32,13-18,6,46,3184,25472,25624,25656,32,0.1248829222603809,0.1,0.10134081696289367,26,19,25049958,25.049958,,CRC_DETECTED
CRC32,13-18,6,47,3184,25472,25624,25656,32,0.1248829222603809,0.1,0.10134081696289367,26,25,25034958,25.034958,,CRC_DETECTED
CRC32,13-18,6,48,3184,25472,25624,25656,32,0.1248829222603809,0.1,0.10134081696289367,26,27,25127416,25.127416,,CRC_DETECTED
CRC32,13-18,6,49,3184,25472,25624,25656,32,0.1248829222603809,0.1,0.10134081696289367,26,25,25295583,25.295583,,CRC_DETECTED
CRC32,13-18,6,50,3184,25472,25624,25656,32,0.1248829222603809,0.1,0.10134081696289367,26,26,24944542,24.944542,,CRC_DETECTED
CRC32,13-18,6,51,3184,25472,25624,25656,32,0.1248829222603809,0.1,0.10134081696289367,26,27,25252041,25.252041,,CRC_DETECTED
CRC32,13-18,6,52,3184,25472,25624,25656,32,0.1248829222603809,0.1,0.10134081696289367,26,25,24679333,24.679333,,CRC_DETECTED
CRC32,13-18,6,53,3184,25472,25624,25656,32,0.1248829222603809,0.1,0.10134081696289367,26,30,24943417,24.943417,,CRC_DETECTED
CRC32,13-18,6,54,3184,25472,25624,25656,32,0.1248829222603809,0.1,0.10134081696289367,26,31,25061125,25.061125,,CRC_DETECTED
CRC32,13-18,6,55,3184,25472,25624,25656,32,0.1248829222603809,0.1,0.10134081696289367,26,24,44266250,44.26625,,CRC_DETECTED
CRC32,13-18,6,56,3184,25472,25624,25656,32,0.1248829222603809,0.1,0.10134081696289367,26,16,25161084,25.161084,,CRC_DETECTED
CRC32,13-18,6,57,3184,25472,25624,25656,32,0.1248829222603809,0.1,0.10134081696289367,26,18,24988209,24.988209,,CRC_DETECTED
CRC32,13-18,6,58,3184,25472,25624,25656,32,0.1248829222603809,0.1,0.10134081696289367,26,19,25092750,25.09275,,CRC_DETECTED
CRC32,13-18,6,59,3184,25472,25624,25656,32,0.1248829222603809,0.1,0.10134081696289367,26,29,25219458,25.219458,,CRC_DETECTED
CRC32,13-18,6,60,3184,25472,25624,25656,32,0.1248829222603809,0.1,0.10134081696289367,26,32,25346292,25.346292,,CRC_DETECTED
CRC32,13-18,6,61,3184,25472,25624,25656,32,0.1248829222603809,0.1,0.10134081696289367,26,19,25559500,25.5595,,CRC_DETECTED
CRC32,13-18,6,62,3184,25472,25624,25656,32,0.1248829222603809,0.1,0.10134081696289367,26,16,24917417,24.917417,,CRC_DETECTED
CRC32,13-18,6,63,3184,25472,25624,25656,32,0.1248829222603809,0.1,0.10134081696289367,26,30,24987625,24.987625,,CRC_DETECTED
CRC32,13-18,6,64,3184,25472,25624,25656,32,0.1248829222603809,0.1,0.10134081696289367,26,27,24908625,24.908625,,CRC_DETECTED
CRC32,13-18,6,65,3184,25472,25624,25656,32,0.1248829222603809,0.1,0.10134081696289367,26,31,25023750,25.02375,,CRC_DETECTED
CRC32,13-18,6,66,3184,25472,25624,25656,32,0.1248829222603809,0.1,0.10134081696289367,26,22,24808916,24.808916,,CRC_DETECTED
CRC32,13-18,6,67,3184,25472,25624,25656,32,0.1248829222603809,0.1,0.10134081696289367,26,23,25075541,25.075541,,CRC_DETECTED
CRC32,13-18,6,68,3184,25472,25624,25656,32,0.1248829222603809,0.1,0.10134081696289367,26,27,24691375,24.691375,,CRC_DETECTED
CRC32,13-18,6,69,3184,25472,25624,25656,32,0.1248829222603809,0.1,0.10134081696289367,26,25,25007209,25.007209,,CRC_DETECTED
CRC32,13-18,6,70,3184,25472,25624,25656,32,0.1248829222603809,0.1,0.10134081696289367,26,24,24949792,24.949792,,CRC_DETECTED
CRC32,13-18,6,71,3184,25472,25624,25656,32,0.1248829222603809,0.1,0.10134081696289367,26,18,24572750,24.57275,,CRC_DETECTED
CRC32,13-18,6,72,3184,25472,25624,25656,32,0.1248829222603809,0.1,0.10134081696289367,26,22,24756417,24.756417,,CRC_DETECTED
CRC32,13-18,6,73,3184,25472,25624,25656,32,0.1248829222603809,0.1,0.10134081696289367,26,26,25475583,25.475583,,CRC_DETECTED
CRC32,13-18,6,74,3184,25472,25624,25656,32,0.1248829222603809,0.1,0.10134081696289367,26,18,26056542,26.056542,,CRC_DETECTED
CRC32,13-18,6,75,3184,25472,25624,25656,32,0.1248829222603809,0.1,0.10134081696289367,26,28,25091125,25.091125,,CRC_DETECTED
CRC32,13-18,6,76,3184,25472,25624,25656,32,0.1248829222603809,0.1,0.10134081696289367,26,33,25583792,25.583792,,CRC_DETECTED
CRC32,13-18,6,77,3184,25472,25624,25656,32,0.1248829222603809,0.1,0.10134081696289367,26,15,25544959,25.544959,,CRC_DETECTED
CRC32,13-18,6,78,3184,25472,25624,25656,32,0.1248829222603809,0.1,0.10134081696289367,26,32,25144375,25.144375,,CRC_DETECTED
CRC32,13-18,6,79,3184,25472,25624,25656,32,0.1248829222603809,0.1,0.10134081696289367,26,22,25034916,25.034916,,CRC_DETECTED
CRC32,13-18,6,80,3184,25472,25624,25656,32,0.1248829222603809,0.1,0.10134081696289367,26,26,45556417,45.556417,,CRC_DETECTED
CRC32,13-18,6,81,3184,25472,25624,25656,32,0.1248829222603809,0.1,0.10134081696289367,26,19,25450167,25.450167,,CRC_DETECTED
CRC32,13-18,6,82,3184,25472,25624,25656,32,0.1248829222603809,0.1,0.10134081696289367,26,21,24771292,24.771292,,CRC_DETECTED
CRC32,13-18,6,83,3184,25472,25624,25656,32,0.1248829222603809,0.1,0.10134081696289367,26,30,24378833,24.378833,,CRC_DETECTED
CRC32,13-18,6,84,3184,25472,25624,25656,32,0.1248829222603809,0.1,0.10134081696289367,26,23,24502458,24.502458,,CRC_DETECTED
CRC32,13-18,6,85,3184,25472,25624,25656,32,0.1248829222603809,0.1,0.10134081696289367,26,23,24636750,24.63675,,CRC_DETECTED
CRC32,13-18,6,86,3184,25472,25624,25656,32,0.1248829222603809,0.1,0.10134081696289367,26,22,24822250,24.82225,,CRC_DETECTED
CRC32,13-18,6,87,3184,25472,25624,25656,32,0.1248829222603809,0.1,0.10134081696289367,26,24,24622959,24.622959,,CRC_DETECTED
CRC32,13-18,6,88,3184,25472,25624,25656,32,0.1248829222603809,0.1,0.10134081696289367,26,25,24520292,24.520292,,CRC_DETECTED
CRC32,13-18,6,89,3184,25472,25624,25656,32,0.1248829222603809,0.1,0.10134081696289367,26,30,24593209,24.593209,,CRC_DETECTED
CRC32,13-18,6,90,3184,25472,25624,25656,32,0.1248829222603809,0.1,0.10134081696289367,26,27,24392458,24.392458,,CRC_DETECTED
CRC32,13-18,6,91,3184,25472,25624,25656,32,0.1248829222603809,0.1,0.10134081696289367,26,28,24858417,24.858417,,CRC_DETECTED
CRC32,13-18,6,92,3184,25472,25624,25656,32,0.1248829222603809,0.1,0.10134081696289367,26,26,25610917,25.610917,,CRC_DETECTED
CRC32,13-18,6,93,3184,25472,25624,25656,32,0.1248829222603809,0.1,0.10134081696289367,26,29,24981375,24.981375,,CRC_DETECTED
CRC32,13-18,6,94,3184,25472,25624,25656,32,0.1248829222603809,0.1,0.10134081696289367,26,20,24944208,24.944208,,CRC_DETECTED
CRC32,13-18,6,95,3184,25472,25624,25656,32,0.1248829222603809,0.1,0.10134081696289367,26,21,24421375,24.421375,,CRC_DETECTED
CRC32,13-18,6,96,3184,25472,25624,25656,32,0.1248829222603809,0.1,0.10134081696289367,26,26,24625083,24.625083,,CRC_DETECTED
CRC32,13-18,6,97,3184,25472,25624,25656,32,0.1248829222603809,0.1,0.10134081696289367,26,31,24676750,24.67675,,CRC_DETECTED
CRC32,13-18,6,98,3184,25472,25624,25656,32,0.1248829222603809,0.1,0.10134081696289367,26,32,24697292,24.697292,,CRC_DETECTED
CRC32,13-18,6,99,3184,25472,25624,25656,32,0.1248829222603809,0.1,0.10134081696289367,26,23,24459125,24.459125,,CRC_DETECTED
CRC32,13-18,6,100,3184,25472,25624,25656,32,0.1248829222603809,0.1,0.10134081696289367,26,26,24412625,24.412625,,CRC_DETECTED
CRC32,13-18,6,1,3184,25472,25624,25656,32,0.1248829222603809,1.0,1.0017149984409106,257,239,24760041,24.760041,,CRC_DETECTED
CRC32,13-18,6,2,3184,25472,25624,25656,32,0.1248829222603809,1.0,1.0017149984409106,257,283,24389208,24.389208,,CRC_DETECTED
CRC32,13-18,6,3,3184,25472,25624,25656,32,0.1248829222603809,1.0,1.0017149984409106,257,251,24265209,24.265209,,CRC_DETECTED
CRC32,13-18,6,4,3184,25472,25624,25656,32,0.1248829222603809,1.0,1.0017149984409106,257,249,24503083,24.503083,,CRC_DETECTED
CRC32,13-18,6,5,3184,25472,25624,25656,32,0.1248829222603809,1.0,1.0017149984409106,257,217,24365916,24.365916,,CRC_DETECTED
CRC32,13-18,6,6,3184,25472,25624,25656,32,0.1248829222603809,1.0,1.0017149984409106,257,266,24299625,24.299625,,CRC_DETECTED
CRC32,13-18,6,7,3184,25472,25624,25656,32,0.1248829222603809,1.0,1.0017149984409106,257,264,24307458,24.307458,,CRC_DETECTED
CRC32,13-18,6,8,3184,25472,25624,25656,32,0.1248829222603809,1.0,1.0017149984409106,257,256,24143334,24.143334,,CRC_DETECTED
CRC32,13-18,6,9,3184,25472,25624,25656,32,0.1248829222603809,1.0,1.0017149984409106,257,286,24446375,24.446375,,CRC_DETECTED
CRC32,13-18,6,10,3184,25472,25624,25656,32,0.1248829222603809,1.0,1.0017149984409106,257,264,24969209,24.969209,,CRC_DETECTED
CRC32,13-18,6,11,3184,25472,25624,25656,32,0.1248829222603809,1.0,1.0017149984409106,257,277,24391542,24.391542,,CRC_DETECTED
CRC32,13-18,6,12,3184,25472,25624,25656,32,0.1248829222603809,1.0,1.0017149984409106,257,233,24295083,24.295083,,CRC_DETECTED
CRC32,13-18,6,13,3184,25472,25624,25656,32,0.1248829222603809,1.0,1.0017149984409106,257,264,24291666,24.291666,,CRC_DETECTED
CRC32,13-18,6,14,3184,25472,25624,25656,32,0.1248829222603809,1.0,1.0017149984409106,257,252,24218125,24.218125,,CRC_DETECTED
CRC32,13-18,6,15,3184,25472,25624,25656,32,0.1248829222603809,1.0,1.0017149984409106,257,261,24440334,24.440334,,CRC_DETECTED
CRC32,13-18,6,16,3184,25472,25624,25656,32,0.1248829222603809,1.0,1.0017149984409106,257,245,24253500,24.2535,,CRC_DETECTED
CRC32,13-18,6,17,3184,25472,25624,25656,32,0.1248829222603809,1.0,1.0017149984409106,257,289,24583042,24.583042,,CRC_DETECTED
CRC32,13-18,6,18,3184,25472,25624,25656,32,0.1248829222603809,1.0,1.0017149984409106,257,231,24519791,24.519791,,CRC_DETECTED
CRC32,13-18,6,19,3184,25472,25624,25656,32,0.1248829222603809,1.0,1.0017149984409106,257,291,24322208,24.322208,,CRC_DETECTED
CRC32,13-18,6,20,3184,25472,25624,25656,32,0.1248829222603809,1.0,1.0017149984409106,257,258,24455750,24.45575,,CRC_DETECTED
CRC32,13-18,6,21,3184,25472,25624,25656,32,0.1248829222603809,1.0,1.0017149984409106,257,246,24650250,24.65025,,CRC_DETECTED
CRC32,13-18,6,22,3184,25472,25624,25656,32,0.1248829222603809,1.0,1.0017149984409106,257,263,24805792,24.805792,,CRC_DETECTED
CRC32,13-18,6,23,3184,25472,25624,25656,32,0.1248829222603809,1.0,1.0017149984409106,257,247,25256167,25.256167,,CRC_DETECTED
CRC32,13-18,6,24,3184,25472,25624,25656,32,0.1248829222603809,1.0,1.0017149984409106,257,268,24503208,24.503208,,CRC_DETECTED
CRC32,13-18,6,25,3184,25472,25624,25656,32,0.1248829222603809,1.0,1.0017149984409106,257,249,25345042,25.345042,,CRC_DETECTED
CRC32,13-18,6,26,3184,25472,25624,25656,32,0.1248829222603809,1.0,1.0017149984409106,257,238,24863125,24.863125,,CRC_DETECTED
CRC32,13-18,6,27,3184,25472,25624,25656,32,0.1248829222603809,1.0,1.0017149984409106,257,235,26167667,26.167667,,CRC_DETECTED
CRC32,13-18,6,28,3184,25472,25624,25656,32,0.1248829222603809,1.0,1.0017149984409106,257,248,24664375,24.664375,,CRC_DETECTED
CRC32,13-18,6,29,3184,25472,25624,25656,32,0.1248829222603809,1.0,1.0017149984409106,257,205,24592833,24.592833,,CRC_DETECTED
CRC32,13-18,6,30,3184,25472,25624,25656,32,0.1248829222603809,1.0,1.0017149984409106,257,260,24563666,24.563666,,CRC_DETECTED
CRC32,13-18,6,31,3184,25472,25624,25656,32,0.1248829222603809,1.0,1.0017149984409106,257,246,24839166,24.839166,,CRC_DETECTED
CRC32,13-18,6,32,3184,25472,25624,25656,32,0.1248829222603809,1.0,1.0017149984409106,257,262,24724709,24.724709,,CRC_DETECTED
CRC32,13-18,6,33,3184,25472,25624,25656,32,0.1248829222603809,1.0,1.0017149984409106,257,261,24510333,24.510333,,CRC_DETECTED
CRC32,13-18,6,34,3184,25472,25624,25656,32,0.1248829222603809,1.0,1.0017149984409106,257,257,24363917,24.363917,,CRC_DETECTED
CRC32,13-18,6,35,3184,25472,25624,25656,32,0.1248829222603809,1.0,1.0017149984409106,257,266,24272875,24.272875,,CRC_DETECTED
CRC32,13-18,6,36,3184,25472,25624,25656,32,0.1248829222603809,1.0,1.0017149984409106,257,275,24640292,24.640292,,CRC_DETECTED
CRC32,13-18,6,37,3184,25472,25624,25656,32,0.1248829222603809,1.0,1.0017149984409106,257,223,24607458,24.607458,,CRC_DETECTED
CRC32,13-18,6,38,3184,25472,25624,25656,32,0.1248829222603809,1.0,1.0017149984409106,257,281,24654875,24.654875,,CRC_DETECTED
CRC32,13-18,6,39,3184,25472,25624,25656,32,0.1248829222603809,1.0,1.0017149984409106,257,296,24461375,24.461375,,CRC_DETECTED
CRC32,13-18,6,40,3184,25472,25624,25656,32,0.1248829222603809,1.0,1.0017149984409106,257,269,24344084,24.344084,,CRC_DETECTED
CRC32,13-18,6,41,3184,25472,25624,25656,32,0.1248829222603809,1.0,1.0017149984409106,257,259,24227875,24.227875,,CRC_DETECTED
CRC32,13-18,6,42,3184,25472,25624,25656,32,0.1248829222603809,1.0,1.0017149984409106,257,246,24727416,24.727416,,CRC_DETECTED
CRC32,13-18,6,43,3184,25472,25624,25656,32,0.1248829222603809,1.0,1.0017149984409106,257,266,24410500,24.4105,,CRC_DETECTED
CRC32,13-18,6,44,3184,25472,25624,25656,32,0.1248829222603809,1.0,1.0017149984409106,257,246,24490958,24.490958,,CRC_DETECTED
CRC32,13-18,6,45,3184,25472,25624,25656,32,0.1248829222603809,1.0,1.0017149984409106,257,257,24403834,24.403834,,CRC_DETECTED
CRC32,13-18,6,46,3184,25472,25624,25656,32,0.1248829222603809,1.0,1.0017149984409106,257,269,24465000,24.465,,CRC_DETECTED
CRC32,13-18,6,47,3184,25472,25624,25656,32,0.1248829222603809,1.0,1.0017149984409106,257,254,24271625,24.271625,,CRC_DETECTED
CRC32,13-18,6,48,3184,25472,25624,25656,32,0.1248829222603809,1.0,1.0017149984409106,257,230,24477834,24.477834,,CRC_DETECTED
CRC32,13-18,6,49,3184,25472,25624,25656,32,0.1248829222603809,1.0,1.0017149984409106,257,245,24414958,24.414958,,CRC_DETECTED
CRC32,13-18,6,50,3184,25472,25624,25656,32,0.1248829222603809,1.0,1.0017149984409106,257,252,24491583,24.491583,,CRC_DETECTED
CRC32,13-18,6,51,3184,25472,25624,25656,32,0.1248829222603809,1.0,1.0017149984409106,257,255,24354125,24.354125,,CRC_DETECTED
CRC32,13-18,6,52,3184,25472,25624,25656,32,0.1248829222603809,1.0,1.0017149984409106,257,270,24156542,24.156542,,CRC_DETECTED
CRC32,13-18,6,53,3184,25472,25624,25656,32,0.1248829222603809,1.0,1.0017149984409106,257,270,24109750,24.10975,,CRC_DETECTED
CRC32,13-18,6,54,3184,25472,25624,25656,32,0.1248829222603809,1.0,1.0017149984409106,257,254,24308500,24.3085,,CRC_DETECTED
CRC32,13-18,6,55,3184,25472,25624,25656,32,0.1248829222603809,1.0,1.0017149984409106,257,254,24572708,24.572708,,CRC_DETECTED
CRC32,13-18,6,56,3184,25472,25624,25656,32,0.1248829222603809,1.0,1.0017149984409106,257,250,24146250,24.14625,,CRC_DETECTED
CRC32,13-18,6,57,3184,25472,25624,25656,32,0.1248829222603809,1.0,1.0017149984409106,257,253,24281833,24.281833,,CRC_DETECTED
CRC32,13-18,6,58,3184,25472,25624,25656,32,0.1248829222603809,1.0,1.0017149984409106,257,278,24322042,24.322042,,CRC_DETECTED
CRC32,13-18,6,59,3184,25472,25624,25656,32,0.1248829222603809,1.0,1.0017149984409106,257,268,24523750,24.52375,,CRC_DETECTED
CRC32,13-18,6,60,3184,25472,25624,25656,32,0.1248829222603809,1.0,1.0017149984409106,257,253,24455792,24.455792,,CRC_DETECTED
CRC32,13-18,6,61,3184,25472,25624,25656,32,0.1248829222603809,1.0,1.0017149984409106,257,277,24314125,24.314125,,CRC_DETECTED
CRC32,13-18,6,62,3184,25472,25624,25656,32,0.1248829222603809,1.0,1.0017149984409106,257,241,24406833,24.406833,,CRC_DETECTED
CRC32,13-18,6,63,3184,25472,25624,25656,32,0.1248829222603809,1.0,1.0017149984409106,257,249,24200208,24.200208,,CRC_DETECTED
CRC32,13-18,6,64,3184,25472,25624,25656,32,0.1248829222603809,1.0,1.0017149984409106,257,243,24262666,24.262666,,CRC_DETECTED
CRC32,13-18,6,65,3184,25472,25624,25656,32,0.1248829222603809,1.0,1.0017149984409106,257,287,24275125,24.275125,,CRC_DETECTED
CRC32,13-18,6,66,3184,25472,25624,25656,32,0.1248829222603809,1.0,1.0017149984409106,257,258,24140750,24.14075,,CRC_DETECTED
CRC32,13-18,6,67,3184,25472,25624,25656,32,0.1248829222603809,1.0,1.0017149984409106,257,262,24426958,24.426958,,CRC_DETECTED
CRC32,13-18,6,68,3184,25472,25624,25656,32,0.1248829222603809,1.0,1.0017149984409106,257,243,24298042,24.298042,,CRC_DETECTED
CRC32,13-18,6,69,3184,25472,25624,25656,32,0.1248829222603809,1.0,1.0017149984409106,257,247,24107834,24.107834,,CRC_DETECTED
CRC32,13-18,6,70,3184,25472,25624,25656,32,0.1248829222603809,1.0,1.0017149984409106,257,259,24336708,24.336708,,CRC_DETECTED
CRC32,13-18,6,71,3184,25472,25624,25656,32,0.1248829222603809,1.0,1.0017149984409106,257,259,24020042,24.020042,,CRC_DETECTED
CRC32,13-18,6,72,3184,25472,25624,25656,32,0.1248829222603809,1.0,1.0017149984409106,257,260,24149208,24.149208,,CRC_DETECTED
CRC32,13-18,6,73,3184,25472,25624,25656,32,0.1248829222603809,1.0,1.0017149984409106,257,272,24187959,24.187959,,CRC_DETECTED
CRC32,13-18,6,74,3184,25472,25624,25656,32,0.1248829222603809,1.0,1.0017149984409106,257,274,24554709,24.554709,,CRC_DETECTED
CRC32,13-18,6,75,3184,25472,25624,25656,32,0.1248829222603809,1.0,1.0017149984409106,257,269,24155625,24.155625,,CRC_DETECTED
CRC32,13-18,6,76,3184,25472,25624,25656,32,0.1248829222603809,1.0,1.0017149984409106,257,261,24341416,24.341416,,CRC_DETECTED
CRC32,13-18,6,77,3184,25472,25624,25656,32,0.1248829222603809,1.0,1.0017149984409106,257,251,24298167,24.298167,,CRC_DETECTED
CRC32,13-18,6,78,3184,25472,25624,25656,32,0.1248829222603809,1.0,1.0017149984409106,257,256,24014167,24.014167,,CRC_DETECTED
CRC32,13-18,6,79,3184,25472,25624,25656,32,0.1248829222603809,1.0,1.0017149984409106,257,275,24117792,24.117792,,CRC_DETECTED
CRC32,13-18,6,80,3184,25472,25624,25656,32,0.1248829222603809,1.0,1.0017149984409106,257,274,24053792,24.053792,,CRC_DETECTED
CRC32,13-18,6,81,3184,25472,25624,25656,32,0.1248829222603809,1.0,1.0017149984409106,257,272,24581542,24.581542,,CRC_DETECTED
CRC32,13-18,6,82,3184,25472,25624,25656,32,0.1248829222603809,1.0,1.0017149984409106,257,264,24045167,24.045167,,CRC_DETECTED
CRC32,13-18,6,83,3184,25472,25624,25656,32,0.1248829222603809,1.0,1.0017149984409106,257,237,24386125,24.386125,,CRC_DETECTED
CRC32,13-18,6,84,3184,25472,25624,25656,32,0.1248829222603809,1.0,1.0017149984409106,257,243,24285417,24.285417,,CRC_DETECTED
CRC32,13-18,6,85,3184,25472,25624,25656,32,0.1248829222603809,1.0,1.0017149984409106,257,290,24291542,24.291542,,CRC_DETECTED
CRC32,13-18,6,86,3184,25472,25624,25656,32,0.1248829222603809,1.0,1.0017149984409106,257,254,24368834,24.368834,,CRC_DETECTED
CRC32,13-18,6,87,3184,25472,25624,25656,32,0.1248829222603809,1.0,1.0017149984409106,257,267,24380583,24.380583,,CRC_DETECTED
CRC32,13-18,6,88,3184,25472,25624,25656,32,0.1248829222603809,1.0,1.0017149984409106,257,277,24422250,24.42225,,CRC_DETECTED
CRC32,13-18,6,89,3184,25472,25624,25656,32,0.1248829222603809,1.0,1.0017149984409106,257,252,24329875,24.329875,,CRC_DETECTED
CRC32,13-18,6,90,3184,25472,25624,25656,32,0.1248829222603809,1.0,1.0017149984409106,257,289,24251333,24.251333,,CRC_DETECTED
CRC32,13-18,6,91,3184,25472,25624,25656,32,0.1248829222603809,1.0,1.0017149984409106,257,239,24099666,24.099666,,CRC_DETECTED
CRC32,13-18,6,92,3184,25472,25624,25656,32,0.1248829222603809,1.0,1.0017149984409106,257,236,24596291,24.596291,,CRC_DETECTED
CRC32,13-18,6,93,3184,25472,25624,25656,32,0.1248829222603809,1.0,1.0017149984409106,257,261,24275833,24.275833,,CRC_DETECTED
CRC32,13-18,6,94,3184,25472,25624,25656,32,0.1248829222603809,1.0,1.0017149984409106,257,227,24214916,24.214916,,CRC_DETECTED
CRC32,13-18,6,95,3184,25472,25624,25656,32,0.1248829222603809,1.0,1.0017149984409106,257,267,24588375,24.588375,,CRC_DETECTED
CRC32,13-18,6,96,3184,25472,25624,25656,32,0.1248829222603809,1.0,1.0017149984409106,257,272,24533500,24.5335,,CRC_DETECTED
CRC32,13-18,6,97,3184,25472,25624,25656,32,0.1248829222603809,1.0,1.0017149984409106,257,272,24242375,24.242375,,CRC_DETECTED
CRC32,13-18,6,98,3184,25472,25624,25656,32,0.1248829222603809,1.0,1.0017149984409106,257,275,24085459,24.085459,,CRC_DETECTED
CRC32,13-18,6,99,3184,25472,25624,25656,32,0.1248829222603809,1.0,1.0017149984409106,257,230,24295209,24.295209,,CRC_DETECTED
CRC32,13-18,6,100,3184,25472,25624,25656,32,0.1248829222603809,1.0,1.0017149984409106,257,237,24110042,24.110042,,CRC_DETECTED
